term,x_value,x_preprocessed,axis_scale,score,lower_bound,upper_bound,transformation_note
term_months,42.0,0.0009296721282500697,original_cleaned_units,-0.18754870869299162,-0.18858374350241522,-0.18651367388356802,Original cleaned units after median imputation and p1-p99 winsorisation; EBM was fitted on the corresponding standardised values.
term_months,54.0,1.1562506572571003,original_cleaned_units,0.5638554167982003,0.5607436385943656,0.566967195002035,Original cleaned units after median imputation and p1-p99 winsorisation; EBM was fitted on the corresponding standardised values.
acc_open_past_24mths,0.18920711500272108,-2.3869392730553085,original_cleaned_units,-0.3874326246875093,-0.39553450564664794,-0.3793307437283706,Original count scale after reversing standardisation and log1p; training values were median-imputed and p1-p99 winsorised.
acc_open_past_24mths,0.8612097182041991,-1.6061310460668339,original_cleaned_units,-0.3100385204621169,-0.3215218411237925,-0.29855519980044126,Original count scale after reversing standardisation and log1p; training values were median-imputed and p1-p99 winsorised.
acc_open_past_24mths,1.912950630243941,-0.8253228190783592,original_cleaned_units,-0.22698694957757318,-0.23033001107581866,-0.2236438880793277,Original count scale after reversing standardisation and log1p; training values were median-imputed and p1-p99 winsorised.
acc_open_past_24mths,2.9359793425308607,-0.30065871832543445,original_cleaned_units,-0.10812612898373554,-0.11054352940773035,-0.10570872855974073,Original count scale after reversing standardisation and log1p; training values were median-imputed and p1-p99 winsorised.
acc_open_past_24mths,3.9492320038397652,0.0986400458490154,original_cleaned_units,-0.013538259567871858,-0.018752046831796845,-0.00832447230394687,Original count scale after reversing standardisation and log1p; training values were median-imputed and p1-p99 winsorised.
acc_open_past_24mths,4.957892135528949,0.42195954973547545,original_cleaned_units,0.09324048800111744,0.0900970911344589,0.09638388486777597,Original count scale after reversing standardisation and log1p; training values were median-imputed and p1-p99 winsorised.
acc_open_past_24mths,5.964009090454186,0.693951872256569,original_cleaned_units,0.1806941045263775,0.1726443959154494,0.1887438131373056,Original count scale after reversing standardisation and log1p; training values were median-imputed and p1-p99 winsorised.
acc_open_past_24mths,6.96856520746051,0.928834349127975,original_cleaned_units,0.23461648429530682,0.2269147830368585,0.24231818555375514,Original count scale after reversing standardisation and log1p; training values were median-imputed and p1-p99 winsorised.
acc_open_past_24mths,7.972092687327326,1.1355923990730397,original_cleaned_units,0.2677873163203188,0.2564877681344404,0.27908686450619724,Original count scale after reversing standardisation and log1p; training values were median-imputed and p1-p99 winsorised.
acc_open_past_24mths,8.974905699336814,1.320281056385104,original_cleaned_units,0.3492435512517574,0.34011069113551573,0.358376411367999,Original count scale after reversing standardisation and log1p; training values were median-imputed and p1-p99 winsorised.
acc_open_past_24mths,9.977201950002405,1.4871804123367427,original_cleaned_units,0.40481962464671295,0.3979585250497821,0.4116807242436438,Original count scale after reversing standardisation and log1p; training values were median-imputed and p1-p99 winsorised.
acc_open_past_24mths,10.979112192362873,1.6394304100870678,original_cleaned_units,0.42381503389124975,0.41681028083167415,0.43081978695082535,Original count scale after reversing standardisation and log1p; training values were median-imputed and p1-p99 winsorised.
acc_open_past_24mths,11.980726411052828,1.7794041771965956,original_cleaned_units,0.45508697865328956,0.4452208209214383,0.46495313638514085,Original count scale after reversing standardisation and log1p; training values were median-imputed and p1-p99 winsorised.
acc_open_past_24mths,12.982108589650032,1.9089396639595664,original_cleaned_units,0.5588936431440263,0.5483345724959054,0.5694527137921472,Original count scale after reversing standardisation and log1p; training values were median-imputed and p1-p99 winsorised.
acc_open_past_24mths,13.743495216292558,2.00136530507285,original_cleaned_units,0.5985189575790913,0.5836725240136954,0.6133653911444873,Original count scale after reversing standardisation and log1p; training values were median-imputed and p1-p99 winsorised.
dti,1.9024999999999999,-1.952023661088589,original_cleaned_units,-0.14555948181075212,-0.16401837398216582,-0.12710058963933843,Original cleaned units after median imputation and p1-p99 winsorisation; EBM was fitted on the corresponding standardised values.
dti,2.1500000000000004,-1.9219495843065817,original_cleaned_units,-0.2238159988686046,-0.23435948200909415,-0.21327251572811504,Original cleaned units after median imputation and p1-p99 winsorisation; EBM was fitted on the corresponding standardised values.
dti,2.6050000000000004,-1.866661887596225,original_cleaned_units,-0.22823189564839427,-0.24451570124215255,-0.211948090054636,Original cleaned units after median imputation and p1-p99 winsorisation; EBM was fitted on the corresponding standardised values.
dti,2.994999999999999,-1.8192724332730623,original_cleaned_units,-0.22745636554722504,-0.24408195762426205,-0.21083077347018803,Original cleaned units after median imputation and p1-p99 winsorisation; EBM was fitted on the corresponding standardised values.
dti,3.34,-1.7773509929102644,original_cleaned_units,-0.22745636554722504,-0.24408195762426205,-0.21083077347018803,Original cleaned units after median imputation and p1-p99 winsorisation; EBM was fitted on the corresponding standardised values.
dti,3.6599999999999984,-1.7384673380810027,original_cleaned_units,-0.22675871545258566,-0.2443277475692725,-0.20918968333589882,Original cleaned units after median imputation and p1-p99 winsorisation; EBM was fitted on the corresponding standardised values.
dti,3.950000000000001,-1.703229025891984,original_cleaned_units,-0.22633113036864347,-0.2433630242836863,-0.20929923645360063,Original cleaned units after median imputation and p1-p99 winsorisation; EBM was fitted on the corresponding standardised values.
dti,4.220000000000001,-1.6704209421297944,original_cleaned_units,-0.22429391716420527,-0.240143043906159,-0.20844479042225153,Original cleaned units after median imputation and p1-p99 winsorisation; EBM was fitted on the corresponding standardised values.
dti,4.470000000000001,-1.6400430867944336,original_cleaned_units,-0.2239613008262645,-0.24026970276518334,-0.20765289888734567,Original cleaned units after median imputation and p1-p99 winsorisation; EBM was fitted on the corresponding standardised values.
dti,4.710000000000001,-1.6108803456724872,original_cleaned_units,-0.2239613008262645,-0.24026970276518334,-0.20765289888734567,Original cleaned units after median imputation and p1-p99 winsorisation; EBM was fitted on the corresponding standardised values.
dti,4.945,-1.582325161657248,original_cleaned_units,-0.17711917816795236,-0.2047182880805557,-0.14952006825534903,Original cleaned units after median imputation and p1-p99 winsorisation; EBM was fitted on the corresponding standardised values.
dti,5.16,-1.5562002060688378,original_cleaned_units,-0.17634058539330894,-0.20396152218667313,-0.14871964859994474,Original cleaned units after median imputation and p1-p99 winsorisation; EBM was fitted on the corresponding standardised values.
dti,5.364999999999998,-1.531290364693842,original_cleaned_units,-0.1970744131922276,-0.2134197570534677,-0.1807290693309875,Original cleaned units after median imputation and p1-p99 winsorisation; EBM was fitted on the corresponding standardised values.
dti,5.555,-1.5082031946389678,original_cleaned_units,-0.19591578363819287,-0.21218938280938948,-0.17964218446699626,Original cleaned units after median imputation and p1-p99 winsorisation; EBM was fitted on the corresponding standardised values.
dti,5.734999999999999,-1.486331138797508,original_cleaned_units,-0.19591578363819287,-0.21218938280938948,-0.17964218446699626,Original cleaned units after median imputation and p1-p99 winsorisation; EBM was fitted on the corresponding standardised values.
dti,5.915000000000001,-1.464459082956048,original_cleaned_units,-0.1951523663772723,-0.21234486636612437,-0.1779598663884202,Original cleaned units after median imputation and p1-p99 winsorisation; EBM was fitted on the corresponding standardised values.
dti,6.095000000000001,-1.4425870271145884,original_cleaned_units,-0.19438814399343546,-0.21068201954976032,-0.1780942684371106,Original cleaned units after median imputation and p1-p99 winsorisation; EBM was fitted on the corresponding standardised values.
dti,6.275,-1.4207149712731286,original_cleaned_units,-0.19383665228157787,-0.21083777479644894,-0.1768355297667068,Original cleaned units after median imputation and p1-p99 winsorisation; EBM was fitted on the corresponding standardised values.
dti,6.450000000000001,-1.399450472538376,original_cleaned_units,-0.20452657685060974,-0.22104777836550402,-0.18800537533571546,Original cleaned units after median imputation and p1-p99 winsorisation; EBM was fitted on the corresponding standardised values.
dti,6.619999999999999,-1.3787935309103307,original_cleaned_units,-0.22375525296002916,-0.23651410307858195,-0.21099640284147636,Original cleaned units after median imputation and p1-p99 winsorisation; EBM was fitted on the corresponding standardised values.
dti,6.785,-1.3587441463889927,original_cleaned_units,-0.22244682524664744,-0.23491480942379583,-0.20997884106949904,Original cleaned units after median imputation and p1-p99 winsorisation; EBM was fitted on the corresponding standardised values.
dti,6.949999999999999,-1.3386947618676546,original_cleaned_units,-0.22163149825566053,-0.23495849166178065,-0.2083045048495404,Original cleaned units after median imputation and p1-p99 winsorisation; EBM was fitted on the corresponding standardised values.
dti,7.115,-1.3186453773463163,original_cleaned_units,-0.22125790469721046,-0.2342465631713408,-0.20826924622308013,Original cleaned units after median imputation and p1-p99 winsorisation; EBM was fitted on the corresponding standardised values.
dti,7.27,-1.2998111070383926,original_cleaned_units,-0.2204149011122607,-0.23343953745899887,-0.20739026476552253,Original cleaned units after median imputation and p1-p99 winsorisation; EBM was fitted on the corresponding standardised values.
dti,7.414999999999999,-1.2821919509438835,original_cleaned_units,-0.2204149011122607,-0.23343953745899887,-0.20739026476552253,Original cleaned units after median imputation and p1-p99 winsorisation; EBM was fitted on the corresponding standardised values.
dti,7.5600000000000005,-1.2645727948493741,original_cleaned_units,-0.20423016055409765,-0.21410487775120213,-0.19435544335699317,Original cleaned units after median imputation and p1-p99 winsorisation; EBM was fitted on the corresponding standardised values.
dti,7.705000000000002,-1.2469536387548648,original_cleaned_units,-0.20423016055409765,-0.21410487775120213,-0.19435544335699317,Original cleaned units after median imputation and p1-p99 winsorisation; EBM was fitted on the corresponding standardised values.
dti,7.845000000000001,-1.2299420397670628,original_cleaned_units,-0.2022357812253348,-0.21195227404194228,-0.19251928840872734,Original cleaned units after median imputation and p1-p99 winsorisation; EBM was fitted on the corresponding standardised values.
dti,7.985000000000001,-1.2129304407792607,original_cleaned_units,-0.20186667056077254,-0.21142882402218743,-0.19230451709935764,Original cleaned units after median imputation and p1-p99 winsorisation; EBM was fitted on the corresponding standardised values.
dti,8.12,-1.196526398898166,original_cleaned_units,-0.20186667056077254,-0.21142882402218743,-0.19230451709935764,Original cleaned units after median imputation and p1-p99 winsorisation; EBM was fitted on the corresponding standardised values.
dti,8.25,-1.1807299141237784,original_cleaned_units,-0.20136791946189822,-0.21167180300846403,-0.19106403591533241,Original cleaned units after median imputation and p1-p99 winsorisation; EBM was fitted on the corresponding standardised values.
dti,8.38,-1.1649334293493907,original_cleaned_units,-0.20059859894857784,-0.21208013586280475,-0.18911706203435094,Original cleaned units after median imputation and p1-p99 winsorisation; EBM was fitted on the corresponding standardised values.
dti,8.510000000000002,-1.149136944575003,original_cleaned_units,-0.19998056366197073,-0.21243080603129244,-0.18753032129264902,Original cleaned units after median imputation and p1-p99 winsorisation; EBM was fitted on the corresponding standardised values.
dti,8.64,-1.1333404598006154,original_cleaned_units,-0.19947958725558576,-0.21195839341404643,-0.1870007810971251,Original cleaned units after median imputation and p1-p99 winsorisation; EBM was fitted on the corresponding standardised values.
dti,8.770000000000001,-1.1175439750262277,original_cleaned_units,-0.18776059824529687,-0.20488079369232184,-0.1706404027982719,Original cleaned units after median imputation and p1-p99 winsorisation; EBM was fitted on the corresponding standardised values.
dti,8.9,-1.1017474902518403,original_cleaned_units,-0.1814868423040633,-0.20136328208844623,-0.1616104025196804,Original cleaned units after median imputation and p1-p99 winsorisation; EBM was fitted on the corresponding standardised values.
dti,9.025,-1.0865585625841598,original_cleaned_units,-0.17152222916121582,-0.18096265255178837,-0.16208180577064327,Original cleaned units after median imputation and p1-p99 winsorisation; EBM was fitted on the corresponding standardised values.
dti,9.145000000000001,-1.0719771920231866,original_cleaned_units,-0.17152222916121582,-0.18096265255178837,-0.16208180577064327,Original cleaned units after median imputation and p1-p99 winsorisation; EBM was fitted on the corresponding standardised values.
dti,9.265,-1.0573958214622134,original_cleaned_units,-0.17092137163983978,-0.1809787202273358,-0.16086402305234376,Original cleaned units after median imputation and p1-p99 winsorisation; EBM was fitted on the corresponding standardised values.
dti,9.385000000000002,-1.0428144509012403,original_cleaned_units,-0.1697916551503772,-0.17941978506880993,-0.16016352523194446,Original cleaned units after median imputation and p1-p99 winsorisation; EBM was fitted on the corresponding standardised values.
dti,9.499999999999998,-1.0288406374469745,original_cleaned_units,-0.17274693284702047,-0.1799752866480924,-0.16551857904594855,Original cleaned units after median imputation and p1-p99 winsorisation; EBM was fitted on the corresponding standardised values.
dti,9.615,-1.0148668239927083,original_cleaned_units,-0.17197523106702475,-0.17938536564369156,-0.16456509649035794,Original cleaned units after median imputation and p1-p99 winsorisation; EBM was fitted on the corresponding standardised values.
dti,9.735,-1.0002854534317354,original_cleaned_units,-0.1712500309268575,-0.17892242211537646,-0.16357763973833855,Original cleaned units after median imputation and p1-p99 winsorisation; EBM was fitted on the corresponding standardised values.
dti,9.850000000000001,-0.9863116399774692,original_cleaned_units,-0.1712500309268575,-0.17892242211537646,-0.16357763973833855,Original cleaned units after median imputation and p1-p99 winsorisation; EBM was fitted on the corresponding standardised values.
dti,9.965,-0.9723378265232033,original_cleaned_units,-0.1712500309268575,-0.17892242211537646,-0.16357763973833855,Original cleaned units after median imputation and p1-p99 winsorisation; EBM was fitted on the corresponding standardised values.
dti,10.08,-0.9583640130689374,original_cleaned_units,-0.1712500309268575,-0.17892242211537646,-0.16357763973833855,Original cleaned units after median imputation and p1-p99 winsorisation; EBM was fitted on the corresponding standardised values.
dti,10.195,-0.9443901996146713,original_cleaned_units,-0.16968589200441678,-0.17589664040702693,-0.16347514360180662,Original cleaned units after median imputation and p1-p99 winsorisation; EBM was fitted on the corresponding standardised values.
dti,10.305,-0.9310239432671126,original_cleaned_units,-0.1690712551535132,-0.1748157370855684,-0.163326773221458,Original cleaned units after median imputation and p1-p99 winsorisation; EBM was fitted on the corresponding standardised values.
dti,10.405,-0.9188728011329683,original_cleaned_units,-0.16851016565261148,-0.1739772900773896,-0.16304304122783336,Original cleaned units after median imputation and p1-p99 winsorisation; EBM was fitted on the corresponding standardised values.
dti,10.51,-0.9061141018921168,original_cleaned_units,-0.16663258545284027,-0.17239228927735437,-0.16087288162832616,Original cleaned units after median imputation and p1-p99 winsorisation; EBM was fitted on the corresponding standardised values.
dti,10.620000000000001,-0.892747845544558,original_cleaned_units,-0.16663258545284027,-0.17239228927735437,-0.16087288162832616,Original cleaned units after median imputation and p1-p99 winsorisation; EBM was fitted on the corresponding standardised values.
dti,10.725,-0.8799891463037065,original_cleaned_units,-0.1650935581788282,-0.1714148234796977,-0.15877229287795872,Original cleaned units after median imputation and p1-p99 winsorisation; EBM was fitted on the corresponding standardised values.
dti,10.83,-0.8672304470628549,original_cleaned_units,-0.1641932375493766,-0.17270667670569195,-0.15567979839306123,Original cleaned units after median imputation and p1-p99 winsorisation; EBM was fitted on the corresponding standardised values.
dti,10.934999999999999,-0.8544717478220034,original_cleaned_units,-0.1641932375493766,-0.17270667670569195,-0.15567979839306123,Original cleaned units after median imputation and p1-p99 winsorisation; EBM was fitted on the corresponding standardised values.
dti,11.035,-0.8423206056878592,original_cleaned_units,-0.1641932375493766,-0.17270667670569195,-0.15567979839306123,Original cleaned units after median imputation and p1-p99 winsorisation; EBM was fitted on the corresponding standardised values.
dti,11.135,-0.8301694635537148,original_cleaned_units,-0.16362558426103244,-0.17154906677013845,-0.15570210175192642,Original cleaned units after median imputation and p1-p99 winsorisation; EBM was fitted on the corresponding standardised values.
dti,11.235,-0.8180183214195704,original_cleaned_units,-0.16362558426103244,-0.17154906677013845,-0.15570210175192642,Original cleaned units after median imputation and p1-p99 winsorisation; EBM was fitted on the corresponding standardised values.
dti,11.335,-0.8058671792854261,original_cleaned_units,-0.16206070921523136,-0.16860280777014208,-0.15551861066032063,Original cleaned units after median imputation and p1-p99 winsorisation; EBM was fitted on the corresponding standardised values.
dti,11.435000000000002,-0.7937160371512817,original_cleaned_units,-0.16141757387090067,-0.16737514323483185,-0.15546000450696948,Original cleaned units after median imputation and p1-p99 winsorisation; EBM was fitted on the corresponding standardised values.
dti,11.535,-0.7815648950171374,original_cleaned_units,-0.16016839280250553,-0.16699833241208772,-0.15333845319292333,Original cleaned units after median imputation and p1-p99 winsorisation; EBM was fitted on the corresponding standardised values.
dti,11.629999999999999,-0.7700213099897004,original_cleaned_units,-0.1596461366593492,-0.16725586808100926,-0.15203640523768916,Original cleaned units after median imputation and p1-p99 winsorisation; EBM was fitted on the corresponding standardised values.
dti,11.719999999999999,-0.7590852820689705,original_cleaned_units,-0.1596461366593492,-0.16725586808100926,-0.15203640523768916,Original cleaned units after median imputation and p1-p99 winsorisation; EBM was fitted on the corresponding standardised values.
dti,11.815000000000001,-0.7475416970415334,original_cleaned_units,-0.15924118820877028,-0.1669934445791083,-0.15148893183843226,Original cleaned units after median imputation and p1-p99 winsorisation; EBM was fitted on the corresponding standardised values.
dti,11.915,-0.735390554907389,original_cleaned_units,-0.15818501945796637,-0.1665777251105835,-0.14979231380534924,Original cleaned units after median imputation and p1-p99 winsorisation; EBM was fitted on the corresponding standardised values.
dti,12.015,-0.7232394127732447,original_cleaned_units,-0.157466379011597,-0.1652486084406303,-0.14968414958256368,Original cleaned units after median imputation and p1-p99 winsorisation; EBM was fitted on the corresponding standardised values.
dti,12.115,-0.7110882706391004,original_cleaned_units,-0.1528346148263953,-0.1562223283279303,-0.1494469013248603,Original cleaned units after median imputation and p1-p99 winsorisation; EBM was fitted on the corresponding standardised values.
dti,12.215,-0.6989371285049562,original_cleaned_units,-0.1518890172774418,-0.1557585277432377,-0.1480195068116459,Original cleaned units after median imputation and p1-p99 winsorisation; EBM was fitted on the corresponding standardised values.
dti,12.309999999999999,-0.6873935434775191,original_cleaned_units,-0.15145848938200476,-0.15530644471490626,-0.14761053404910326,Original cleaned units after median imputation and p1-p99 winsorisation; EBM was fitted on the corresponding standardised values.
dti,12.405000000000001,-0.6758499584500819,original_cleaned_units,-0.151439891743254,-0.1553131215618031,-0.1475666619247049,Original cleaned units after median imputation and p1-p99 winsorisation; EBM was fitted on the corresponding standardised values.
dti,12.5,-0.6643063734226449,original_cleaned_units,-0.151439891743254,-0.1553131215618031,-0.1475666619247049,Original cleaned units after median imputation and p1-p99 winsorisation; EBM was fitted on the corresponding standardised values.
dti,12.59,-0.6533703455019149,original_cleaned_units,-0.1504719424634906,-0.1546805110344226,-0.1462633738925586,Original cleaned units after median imputation and p1-p99 winsorisation; EBM was fitted on the corresponding standardised values.
dti,12.68,-0.642434317581185,original_cleaned_units,-0.1428901628564146,-0.15303189885141522,-0.13274842686141397,Original cleaned units after median imputation and p1-p99 winsorisation; EBM was fitted on the corresponding standardised values.
dti,12.77,-0.6314982896604551,original_cleaned_units,-0.14228386478723665,-0.15228316849693554,-0.13228456107753775,Original cleaned units after median imputation and p1-p99 winsorisation; EBM was fitted on the corresponding standardised values.
dti,12.86,-0.6205622617397253,original_cleaned_units,-0.14228386478723665,-0.15228316849693554,-0.13228456107753775,Original cleaned units after median imputation and p1-p99 winsorisation; EBM was fitted on the corresponding standardised values.
dti,12.950000000000001,-0.6096262338189953,original_cleaned_units,-0.14228386478723665,-0.15228316849693554,-0.13228456107753775,Original cleaned units after median imputation and p1-p99 winsorisation; EBM was fitted on the corresponding standardised values.
dti,13.04,-0.5986902058982655,original_cleaned_units,-0.1418431108241276,-0.15242471698009996,-0.13126150466815523,Original cleaned units after median imputation and p1-p99 winsorisation; EBM was fitted on the corresponding standardised values.
dti,13.129999999999999,-0.5877541779775357,original_cleaned_units,-0.1402218144288834,-0.14975368534688102,-0.13068994351088578,Original cleaned units after median imputation and p1-p99 winsorisation; EBM was fitted on the corresponding standardised values.
dti,13.219999999999999,-0.5768181500568057,original_cleaned_units,-0.12865064164837725,-0.14218073634053302,-0.11512054695622147,Original cleaned units after median imputation and p1-p99 winsorisation; EBM was fitted on the corresponding standardised values.
dti,13.305,-0.566489679242783,original_cleaned_units,-0.12197220229326325,-0.14016776662689734,-0.10377663795962916,Original cleaned units after median imputation and p1-p99 winsorisation; EBM was fitted on the corresponding standardised values.
dti,13.39,-0.5561612084287604,original_cleaned_units,-0.12065568436598675,-0.13702602429872782,-0.10428534443324569,Original cleaned units after median imputation and p1-p99 winsorisation; EBM was fitted on the corresponding standardised values.
dti,13.48,-0.5452251805080306,original_cleaned_units,-0.10022599536428398,-0.10141151764230504,-0.09904047308626292,Original cleaned units after median imputation and p1-p99 winsorisation; EBM was fitted on the corresponding standardised values.
dti,13.57,-0.5342891525873007,original_cleaned_units,-0.10022599536428398,-0.10141151764230504,-0.09904047308626292,Original cleaned units after median imputation and p1-p99 winsorisation; EBM was fitted on the corresponding standardised values.
dti,13.66,-0.5233531246665707,original_cleaned_units,-0.10022599536428398,-0.10141151764230504,-0.09904047308626292,Original cleaned units after median imputation and p1-p99 winsorisation; EBM was fitted on the corresponding standardised values.
dti,13.75,-0.5124170967458408,original_cleaned_units,-0.10022599536428398,-0.10141151764230504,-0.09904047308626292,Original cleaned units after median imputation and p1-p99 winsorisation; EBM was fitted on the corresponding standardised values.
dti,13.84,-0.5014810688251109,original_cleaned_units,-0.09913859653866651,-0.0998369293755172,-0.09844026370181581,Original cleaned units after median imputation and p1-p99 winsorisation; EBM was fitted on the corresponding standardised values.
dti,13.93,-0.490545040904381,original_cleaned_units,-0.09708169210197036,-0.09889078164084239,-0.09527260256309833,Original cleaned units after median imputation and p1-p99 winsorisation; EBM was fitted on the corresponding standardised values.
dti,14.02,-0.4796090129836511,original_cleaned_units,-0.09529748048246936,-0.09962940016139657,-0.09096556080354215,Original cleaned units after median imputation and p1-p99 winsorisation; EBM was fitted on the corresponding standardised values.
dti,14.11,-0.46867298506292127,original_cleaned_units,-0.09406727476623769,-0.09863160432950557,-0.08950294520296981,Original cleaned units after median imputation and p1-p99 winsorisation; EBM was fitted on the corresponding standardised values.
dti,14.2,-0.45773695714219137,original_cleaned_units,-0.09305605175443285,-0.09662561981578953,-0.08948648369307617,Original cleaned units after median imputation and p1-p99 winsorisation; EBM was fitted on the corresponding standardised values.
dti,14.290000000000001,-0.4468009292214615,original_cleaned_units,-0.09198715498162058,-0.09574191192273993,-0.08823239804050123,Original cleaned units after median imputation and p1-p99 winsorisation; EBM was fitted on the corresponding standardised values.
dti,14.379999999999999,-0.43586490130073163,original_cleaned_units,-0.09198715498162058,-0.09574191192273993,-0.08823239804050123,Original cleaned units after median imputation and p1-p99 winsorisation; EBM was fitted on the corresponding standardised values.
dti,14.469999999999999,-0.4249288733800018,original_cleaned_units,-0.09155043431113373,-0.09504838638622695,-0.08805248223604051,Original cleaned units after median imputation and p1-p99 winsorisation; EBM was fitted on the corresponding standardised values.
dti,14.559999999999999,-0.4139928454592719,original_cleaned_units,-0.08602410948759591,-0.09699667191490884,-0.07505154706028298,Original cleaned units after median imputation and p1-p99 winsorisation; EBM was fitted on the corresponding standardised values.
dti,14.65,-0.403056817538542,original_cleaned_units,-0.0806841916479553,-0.08914190407724663,-0.07222647921866397,Original cleaned units after median imputation and p1-p99 winsorisation; EBM was fitted on the corresponding standardised values.
dti,14.735,-0.39272834672451934,original_cleaned_units,-0.0801590125121583,-0.08943349168305872,-0.07088453334125788,Original cleaned units after median imputation and p1-p99 winsorisation; EBM was fitted on the corresponding standardised values.
dti,14.815,-0.3830074330172039,original_cleaned_units,-0.0801590125121583,-0.08943349168305872,-0.07088453334125788,Original cleaned units after median imputation and p1-p99 winsorisation; EBM was fitted on the corresponding standardised values.
dti,14.899999999999999,-0.37267896220318125,original_cleaned_units,-0.0630498904068194,-0.0684882931452762,-0.05761148766836259,Original cleaned units after median imputation and p1-p99 winsorisation; EBM was fitted on the corresponding standardised values.
dti,14.989999999999998,-0.36174293428245136,original_cleaned_units,-0.06252169083823687,-0.06793629459532234,-0.0571070870811514,Original cleaned units after median imputation and p1-p99 winsorisation; EBM was fitted on the corresponding standardised values.
dti,15.08,-0.3508069063617214,original_cleaned_units,-0.059910737938385375,-0.06694887361827372,-0.05287260225849703,Original cleaned units after median imputation and p1-p99 winsorisation; EBM was fitted on the corresponding standardised values.
dti,15.17,-0.3398708784409915,original_cleaned_units,-0.059076921329761445,-0.06629184029020795,-0.05186200236931494,Original cleaned units after median imputation and p1-p99 winsorisation; EBM was fitted on the corresponding standardised values.
dti,15.260000000000002,-0.32893485052026156,original_cleaned_units,-0.05733549734969747,-0.06585270913117498,-0.04881828556821996,Original cleaned units after median imputation and p1-p99 winsorisation; EBM was fitted on the corresponding standardised values.
dti,15.350000000000001,-0.31799882259953166,original_cleaned_units,-0.05669965642611188,-0.0653695121578272,-0.048029800694396566,Original cleaned units after median imputation and p1-p99 winsorisation; EBM was fitted on the corresponding standardised values.
dti,15.440000000000001,-0.30706279467880176,original_cleaned_units,-0.0508712211538561,-0.05617628539262989,-0.04556615691508231,Original cleaned units after median imputation and p1-p99 winsorisation; EBM was fitted on the corresponding standardised values.
dti,15.530000000000001,-0.2961267667580719,original_cleaned_units,-0.0413453275322536,-0.04965553561720054,-0.033035119447306666,Original cleaned units after median imputation and p1-p99 winsorisation; EBM was fitted on the corresponding standardised values.
dti,15.615,-0.28579829594404926,original_cleaned_units,-0.039650463879857566,-0.047283844792091696,-0.032017082967623435,Original cleaned units after median imputation and p1-p99 winsorisation; EBM was fitted on the corresponding standardised values.
dti,15.7,-0.2754698251300266,original_cleaned_units,-0.03621237911608295,-0.04695983847266495,-0.02546491975950095,Original cleaned units after median imputation and p1-p99 winsorisation; EBM was fitted on the corresponding standardised values.
dti,15.79,-0.26453379720929676,original_cleaned_units,-0.03621237911608295,-0.04695983847266495,-0.02546491975950095,Original cleaned units after median imputation and p1-p99 winsorisation; EBM was fitted on the corresponding standardised values.
dti,15.879999999999999,-0.25359776928856687,original_cleaned_units,-0.033683222880112884,-0.0426631230219022,-0.02470332273832357,Original cleaned units after median imputation and p1-p99 winsorisation; EBM was fitted on the corresponding standardised values.
dti,15.97,-0.24266174136783691,original_cleaned_units,-0.03313660867756184,-0.042496215898147574,-0.023777001456976105,Original cleaned units after median imputation and p1-p99 winsorisation; EBM was fitted on the corresponding standardised values.
dti,16.060000000000002,-0.23172571344710702,original_cleaned_units,-0.03313660867756184,-0.042496215898147574,-0.023777001456976105,Original cleaned units after median imputation and p1-p99 winsorisation; EBM was fitted on the corresponding standardised values.
dti,16.150000000000002,-0.22078968552637712,original_cleaned_units,-0.03263434482700615,-0.04241091495073259,-0.022857774703279703,Original cleaned units after median imputation and p1-p99 winsorisation; EBM was fitted on the corresponding standardised values.
dti,16.240000000000002,-0.20985365760564728,original_cleaned_units,-0.03263434482700615,-0.04241091495073259,-0.022857774703279703,Original cleaned units after median imputation and p1-p99 winsorisation; EBM was fitted on the corresponding standardised values.
dti,16.330000000000002,-0.19891762968491739,original_cleaned_units,-0.03137143757741986,-0.04076548751820879,-0.021977387636630923,Original cleaned units after median imputation and p1-p99 winsorisation; EBM was fitted on the corresponding standardised values.
dti,16.415,-0.18858915887089472,original_cleaned_units,-0.03077960247452779,-0.039330508182530935,-0.02222869676652465,Original cleaned units after median imputation and p1-p99 winsorisation; EBM was fitted on the corresponding standardised values.
dti,16.5,-0.17826068805687206,original_cleaned_units,-0.02883258699791978,-0.03617876167661729,-0.021486412319222273,Original cleaned units after median imputation and p1-p99 winsorisation; EBM was fitted on the corresponding standardised values.
dti,16.59,-0.1673246601361422,original_cleaned_units,-0.02883258699791978,-0.03617876167661729,-0.021486412319222273,Original cleaned units after median imputation and p1-p99 winsorisation; EBM was fitted on the corresponding standardised values.
dti,16.68,-0.15638863221541233,original_cleaned_units,-0.028378478976401743,-0.03500601277397747,-0.021750945178826017,Original cleaned units after median imputation and p1-p99 winsorisation; EBM was fitted on the corresponding standardised values.
dti,16.765,-0.14606016140138967,original_cleaned_units,-0.026844282089950124,-0.03493974145812917,-0.01874882272177108,Original cleaned units after median imputation and p1-p99 winsorisation; EBM was fitted on the corresponding standardised values.
dti,16.85,-0.135731690587367,original_cleaned_units,-0.024462550938024703,-0.030643423372476844,-0.01828167850357256,Original cleaned units after median imputation and p1-p99 winsorisation; EBM was fitted on the corresponding standardised values.
dti,16.935,-0.12540321977334434,original_cleaned_units,-0.024462550938024703,-0.030643423372476844,-0.01828167850357256,Original cleaned units after median imputation and p1-p99 winsorisation; EBM was fitted on the corresponding standardised values.
dti,17.02,-0.11507474895932167,original_cleaned_units,-0.024462550938024703,-0.030643423372476844,-0.01828167850357256,Original cleaned units after median imputation and p1-p99 winsorisation; EBM was fitted on the corresponding standardised values.
dti,17.11,-0.1041387210385918,original_cleaned_units,-0.023465830011878023,-0.030094220423665146,-0.0168374396000909,Original cleaned units after median imputation and p1-p99 winsorisation; EBM was fitted on the corresponding standardised values.
dti,17.195,-0.09381025022456912,original_cleaned_units,-0.022959649975847048,-0.028985963095208313,-0.016933336856485782,Original cleaned units after median imputation and p1-p99 winsorisation; EBM was fitted on the corresponding standardised values.
dti,17.275,-0.08408933651725367,original_cleaned_units,-0.013368079166631444,-0.021780667950800674,-0.004955490382462215,Original cleaned units after median imputation and p1-p99 winsorisation; EBM was fitted on the corresponding standardised values.
dti,17.36,-0.073760865703231,original_cleaned_units,-0.0021574051285685445,-0.0069768386649079,0.002662028407770812,Original cleaned units after median imputation and p1-p99 winsorisation; EBM was fitted on the corresponding standardised values.
dti,17.45,-0.06282483778250113,original_cleaned_units,-0.0013368389556748712,-0.005628165210422122,0.002954487299072379,Original cleaned units after median imputation and p1-p99 winsorisation; EBM was fitted on the corresponding standardised values.
dti,17.54,-0.05188880986177126,original_cleaned_units,-0.0004480201085502305,-0.003638964591798929,0.0027429243746984683,Original cleaned units after median imputation and p1-p99 winsorisation; EBM was fitted on the corresponding standardised values.
dti,17.63,-0.04095278194104128,original_cleaned_units,-0.0004480201085502305,-0.003638964591798929,0.0027429243746984683,Original cleaned units after median imputation and p1-p99 winsorisation; EBM was fitted on the corresponding standardised values.
dti,17.72,-0.030016754020311308,original_cleaned_units,0.001806318134896695,-0.002450975890631899,0.006063612160425289,Original cleaned units after median imputation and p1-p99 winsorisation; EBM was fitted on the corresponding standardised values.
dti,17.810000000000002,-0.019080726099581436,original_cleaned_units,0.0048598519706781855,1.4202117004931403e-05,0.00970550182435144,Original cleaned units after median imputation and p1-p99 winsorisation; EBM was fitted on the corresponding standardised values.
dti,17.9,-0.008144698178851566,original_cleaned_units,0.0060254054246352065,0.0015804874406760427,0.01047032340859437,Original cleaned units after median imputation and p1-p99 winsorisation; EBM was fitted on the corresponding standardised values.
dti,17.990000000000002,0.0027913297418783035,original_cleaned_units,0.006697353089457728,0.0018288423973029195,0.011565863781612538,Original cleaned units after median imputation and p1-p99 winsorisation; EBM was fitted on the corresponding standardised values.
dti,18.08,0.013727357662608172,original_cleaned_units,0.006697353089457728,0.0018288423973029195,0.011565863781612538,Original cleaned units after median imputation and p1-p99 winsorisation; EBM was fitted on the corresponding standardised values.
dti,18.169999999999998,0.02466338558333804,original_cleaned_units,0.007531283629783509,0.0031569250316253582,0.01190564222794166,Original cleaned units after median imputation and p1-p99 winsorisation; EBM was fitted on the corresponding standardised values.
dti,18.259999999999998,0.03559941350406791,original_cleaned_units,0.007531283629783509,0.0031569250316253582,0.01190564222794166,Original cleaned units after median imputation and p1-p99 winsorisation; EBM was fitted on the corresponding standardised values.
dti,18.349999999999998,0.04653544142479778,original_cleaned_units,0.007101743990407736,0.003090307749672151,0.01111318023114332,Original cleaned units after median imputation and p1-p99 winsorisation; EBM was fitted on the corresponding standardised values.
dti,18.439999999999998,0.057471469345527645,original_cleaned_units,0.007101743990407736,0.003090307749672151,0.01111318023114332,Original cleaned units after median imputation and p1-p99 winsorisation; EBM was fitted on the corresponding standardised values.
dti,18.529999999999998,0.06840749726625751,original_cleaned_units,0.008124796080639953,0.00376015828601525,0.012489433875264657,Original cleaned units after median imputation and p1-p99 winsorisation; EBM was fitted on the corresponding standardised values.
dti,18.62,0.07934352518698749,original_cleaned_units,0.010364639801118439,0.00496511184776001,0.01576416775447687,Original cleaned units after median imputation and p1-p99 winsorisation; EBM was fitted on the corresponding standardised values.
dti,18.71,0.09027955310771747,original_cleaned_units,0.010364639801118439,0.00496511184776001,0.01576416775447687,Original cleaned units after median imputation and p1-p99 winsorisation; EBM was fitted on the corresponding standardised values.
dti,18.8,0.10121558102844734,original_cleaned_units,0.012124193838512192,0.008413029113226542,0.015835358563797843,Original cleaned units after median imputation and p1-p99 winsorisation; EBM was fitted on the corresponding standardised values.
dti,18.89,0.11215160894917721,original_cleaned_units,0.01258654274955016,0.0084823902725349,0.01669069522656542,Original cleaned units after median imputation and p1-p99 winsorisation; EBM was fitted on the corresponding standardised values.
dti,18.98,0.12308763686990709,original_cleaned_units,0.01371553653077222,0.00875455828214132,0.01867651477940312,Original cleaned units after median imputation and p1-p99 winsorisation; EBM was fitted on the corresponding standardised values.
dti,19.07,0.13402366479063696,original_cleaned_units,0.014854028574743008,0.008506209261413149,0.021201847888072868,Original cleaned units after median imputation and p1-p99 winsorisation; EBM was fitted on the corresponding standardised values.
dti,19.16,0.14495969271136683,original_cleaned_units,0.014854028574743008,0.008506209261413149,0.021201847888072868,Original cleaned units after median imputation and p1-p99 winsorisation; EBM was fitted on the corresponding standardised values.
dti,19.255,0.1565032777388039,original_cleaned_units,0.015447300642950215,0.009922743487290959,0.02097185779860947,Original cleaned units after median imputation and p1-p99 winsorisation; EBM was fitted on the corresponding standardised values.
dti,19.35,0.16804686276624098,original_cleaned_units,0.016704599054326027,0.01107480724862395,0.022334390860028103,Original cleaned units after median imputation and p1-p99 winsorisation; EBM was fitted on the corresponding standardised values.
dti,19.439999999999998,0.17898289068697082,original_cleaned_units,0.016704599054326027,0.01107480724862395,0.022334390860028103,Original cleaned units after median imputation and p1-p99 winsorisation; EBM was fitted on the corresponding standardised values.
dti,19.53,0.18991891860770072,original_cleaned_units,0.017832351994347254,0.011910923002701284,0.023753780985993223,Original cleaned units after median imputation and p1-p99 winsorisation; EBM was fitted on the corresponding standardised values.
dti,19.62,0.20085494652843067,original_cleaned_units,0.019279730509916465,0.013390327475974273,0.025169133543858656,Original cleaned units after median imputation and p1-p99 winsorisation; EBM was fitted on the corresponding standardised values.
dti,19.71,0.21179097444916067,original_cleaned_units,0.020827285519740814,0.014762737746906144,0.02689183329257548,Original cleaned units after median imputation and p1-p99 winsorisation; EBM was fitted on the corresponding standardised values.
dti,19.8,0.22272700236989051,original_cleaned_units,0.022636002790969865,0.01570482468751007,0.02956718089442966,Original cleaned units after median imputation and p1-p99 winsorisation; EBM was fitted on the corresponding standardised values.
dti,19.89,0.2336630302906204,original_cleaned_units,0.022636002790969865,0.01570482468751007,0.02956718089442966,Original cleaned units after median imputation and p1-p99 winsorisation; EBM was fitted on the corresponding standardised values.
dti,19.98,0.24459905821135025,original_cleaned_units,0.023667863731223433,0.015729767540042166,0.0316059599224047,Original cleaned units after median imputation and p1-p99 winsorisation; EBM was fitted on the corresponding standardised values.
dti,20.07,0.25553508613208015,original_cleaned_units,0.025057032949150407,0.015399928753255588,0.034714137145045225,Original cleaned units after median imputation and p1-p99 winsorisation; EBM was fitted on the corresponding standardised values.
dti,20.16,0.26647111405281004,original_cleaned_units,0.04053044179953498,0.031209702871119186,0.04985118072795078,Original cleaned units after median imputation and p1-p99 winsorisation; EBM was fitted on the corresponding standardised values.
dti,20.255,0.2780146990802471,original_cleaned_units,0.04053044179953498,0.031209702871119186,0.04985118072795078,Original cleaned units after median imputation and p1-p99 winsorisation; EBM was fitted on the corresponding standardised values.
dti,20.355,0.2901658412143914,original_cleaned_units,0.042204734651566975,0.03220677259248887,0.05220269671064508,Original cleaned units after median imputation and p1-p99 winsorisation; EBM was fitted on the corresponding standardised values.
dti,20.455,0.30231698334853574,original_cleaned_units,0.042204734651566975,0.03220677259248887,0.05220269671064508,Original cleaned units after median imputation and p1-p99 winsorisation; EBM was fitted on the corresponding standardised values.
dti,20.555,0.3144681254826801,original_cleaned_units,0.04287720396068085,0.033187570367577766,0.052566837553783934,Original cleaned units after median imputation and p1-p99 winsorisation; EBM was fitted on the corresponding standardised values.
dti,20.65,0.3260117105101172,original_cleaned_units,0.04369411835524646,0.03393136882852149,0.05345686788197143,Original cleaned units after median imputation and p1-p99 winsorisation; EBM was fitted on the corresponding standardised values.
dti,20.745,0.33755529553755426,original_cleaned_units,0.04880921012290149,0.03775102737560553,0.059867392870197454,Original cleaned units after median imputation and p1-p99 winsorisation; EBM was fitted on the corresponding standardised values.
dti,20.84,0.34909888056499133,original_cleaned_units,0.05161251857680549,0.04125323592997783,0.06197180122363315,Original cleaned units after median imputation and p1-p99 winsorisation; EBM was fitted on the corresponding standardised values.
dti,20.935,0.3606424655924284,original_cleaned_units,0.05522722274863893,0.04500592589032447,0.06544851960695339,Original cleaned units after median imputation and p1-p99 winsorisation; EBM was fitted on the corresponding standardised values.
dti,21.035,0.37279360772657266,original_cleaned_units,0.05705620403823138,0.04726666939435819,0.06684573868210458,Original cleaned units after median imputation and p1-p99 winsorisation; EBM was fitted on the corresponding standardised values.
dti,21.134999999999998,0.38494474986071703,original_cleaned_units,0.0582785009158192,0.04729910884031225,0.06925789299132616,Original cleaned units after median imputation and p1-p99 winsorisation; EBM was fitted on the corresponding standardised values.
dti,21.235,0.3970958919948615,original_cleaned_units,0.05932264099341036,0.04712605868580523,0.07151922330101548,Original cleaned units after median imputation and p1-p99 winsorisation; EBM was fitted on the corresponding standardised values.
dti,21.335,0.40924703412900576,original_cleaned_units,0.0598065792037281,0.04821595947339212,0.07139719893406409,Original cleaned units after median imputation and p1-p99 winsorisation; EBM was fitted on the corresponding standardised values.
dti,21.435,0.42139817626315,original_cleaned_units,0.0604844973296257,0.04801437678853388,0.07295461787071753,Original cleaned units after median imputation and p1-p99 winsorisation; EBM was fitted on the corresponding standardised values.
dti,21.535,0.43354931839729427,original_cleaned_units,0.07184762034815743,0.06330972566280706,0.08038551503350781,Original cleaned units after median imputation and p1-p99 winsorisation; EBM was fitted on the corresponding standardised values.
dti,21.634999999999998,0.44570046053143864,original_cleaned_units,0.07742684520149425,0.07554688511253517,0.07930680529045332,Original cleaned units after median imputation and p1-p99 winsorisation; EBM was fitted on the corresponding standardised values.
dti,21.735,0.45785160266558306,original_cleaned_units,0.07919086576611704,0.07672587123675607,0.08165586029547801,Original cleaned units after median imputation and p1-p99 winsorisation; EBM was fitted on the corresponding standardised values.
dti,21.835,0.47000274479972737,original_cleaned_units,0.07972341502454736,0.07643268314131957,0.08301414690777514,Original cleaned units after median imputation and p1-p99 winsorisation; EBM was fitted on the corresponding standardised values.
dti,21.935,0.4821538869338716,original_cleaned_units,0.08022204663289874,0.07730931524359369,0.08313477802220379,Original cleaned units after median imputation and p1-p99 winsorisation; EBM was fitted on the corresponding standardised values.
dti,22.035,0.4943050290680159,original_cleaned_units,0.0808624627675408,0.07842311068846396,0.08330181484661765,Original cleaned units after median imputation and p1-p99 winsorisation; EBM was fitted on the corresponding standardised values.
dti,22.14,0.5070637283088675,original_cleaned_units,0.08252119950926777,0.08015564895974395,0.0848867500587916,Original cleaned units after median imputation and p1-p99 winsorisation; EBM was fitted on the corresponding standardised values.
dti,22.25,0.5204299846564262,original_cleaned_units,0.08252119950926777,0.08015564895974395,0.0848867500587916,Original cleaned units after median imputation and p1-p99 winsorisation; EBM was fitted on the corresponding standardised values.
dti,22.355,0.5331886838972777,original_cleaned_units,0.08299079084050247,0.08032965689826564,0.0856519247827393,Original cleaned units after median imputation and p1-p99 winsorisation; EBM was fitted on the corresponding standardised values.
dti,22.455,0.5453398260314221,original_cleaned_units,0.08510667890734683,0.08211906875080618,0.08809428906388747,Original cleaned units after median imputation and p1-p99 winsorisation; EBM was fitted on the corresponding standardised values.
dti,22.560000000000002,0.5580985252722737,original_cleaned_units,0.08861647193148894,0.08283854612997449,0.0943943977330034,Original cleaned units after median imputation and p1-p99 winsorisation; EBM was fitted on the corresponding standardised values.
dti,22.67,0.5714647816198324,original_cleaned_units,0.08994803654250774,0.08300916426614642,0.09688690881886906,Original cleaned units after median imputation and p1-p99 winsorisation; EBM was fitted on the corresponding standardised values.
dti,22.78,0.5848310379673911,original_cleaned_units,0.09044248164070864,0.08381127085842312,0.09707369242299417,Original cleaned units after median imputation and p1-p99 winsorisation; EBM was fitted on the corresponding standardised values.
dti,22.89,0.5981972943149498,original_cleaned_units,0.09044248164070864,0.08381127085842312,0.09707369242299417,Original cleaned units after median imputation and p1-p99 winsorisation; EBM was fitted on the corresponding standardised values.
dti,22.995,0.6109559935558014,original_cleaned_units,0.09287251224909826,0.08814261316451615,0.09760241133368038,Original cleaned units after median imputation and p1-p99 winsorisation; EBM was fitted on the corresponding standardised values.
dti,23.099999999999998,0.6237146927966528,original_cleaned_units,0.09657112621179177,0.0917346971347444,0.10140755528883914,Original cleaned units after median imputation and p1-p99 winsorisation; EBM was fitted on the corresponding standardised values.
dti,23.21,0.6370809491442117,original_cleaned_units,0.09660055212323955,0.09180455557408007,0.10139654867239903,Original cleaned units after median imputation and p1-p99 winsorisation; EBM was fitted on the corresponding standardised values.
dti,23.32,0.6504472054917705,original_cleaned_units,0.09660055212323955,0.09180455557408007,0.10139654867239903,Original cleaned units after median imputation and p1-p99 winsorisation; EBM was fitted on the corresponding standardised values.
dti,23.43,0.6638134618393292,original_cleaned_units,0.09660055212323955,0.09180455557408007,0.10139654867239903,Original cleaned units after median imputation and p1-p99 winsorisation; EBM was fitted on the corresponding standardised values.
dti,23.545,0.6777872752935952,original_cleaned_units,0.10020460508874729,0.09594267873897236,0.10446653143852222,Original cleaned units after median imputation and p1-p99 winsorisation; EBM was fitted on the corresponding standardised values.
dti,23.66,0.6917610887478611,original_cleaned_units,0.10296236977430177,0.09571009116789993,0.11021464838070362,Original cleaned units after median imputation and p1-p99 winsorisation; EBM was fitted on the corresponding standardised values.
dti,23.77,0.7051273450954199,original_cleaned_units,0.10942144574622435,0.1047355645572021,0.11410732693524661,Original cleaned units after median imputation and p1-p99 winsorisation; EBM was fitted on the corresponding standardised values.
dti,23.884999999999998,0.7191011585496858,original_cleaned_units,0.10990426807830737,0.10469633317650986,0.11511220298010488,Original cleaned units after median imputation and p1-p99 winsorisation; EBM was fitted on the corresponding standardised values.
dti,24.005,0.733682529110659,original_cleaned_units,0.11048355031782431,0.10480333498660126,0.11616376564904736,Original cleaned units after median imputation and p1-p99 winsorisation; EBM was fitted on the corresponding standardised values.
dti,24.12,0.7476563425649251,original_cleaned_units,0.11199814363185792,0.10762508125967789,0.11637120600403796,Original cleaned units after median imputation and p1-p99 winsorisation; EBM was fitted on the corresponding standardised values.
dti,24.235,0.761630156019191,original_cleaned_units,0.11199814363185792,0.10762508125967789,0.11637120600403796,Original cleaned units after median imputation and p1-p99 winsorisation; EBM was fitted on the corresponding standardised values.
dti,24.355,0.7762115265801642,original_cleaned_units,0.12620049464079358,0.1085484757028231,0.14385251357876405,Original cleaned units after median imputation and p1-p99 winsorisation; EBM was fitted on the corresponding standardised values.
dti,24.475,0.7907928971411374,original_cleaned_units,0.1472377109516309,0.1357398697096933,0.15873555219356852,Original cleaned units after median imputation and p1-p99 winsorisation; EBM was fitted on the corresponding standardised values.
dti,24.595,0.8053742677021105,original_cleaned_units,0.1472377109516309,0.1357398697096933,0.15873555219356852,Original cleaned units after median imputation and p1-p99 winsorisation; EBM was fitted on the corresponding standardised values.
dti,24.715,0.8199556382630837,original_cleaned_units,0.14784292772334007,0.13693655703629215,0.15874929841038798,Original cleaned units after median imputation and p1-p99 winsorisation; EBM was fitted on the corresponding standardised values.
dti,24.84,0.835144565930764,original_cleaned_units,0.15465793321931068,0.1436628502759989,0.16565301616262246,Original cleaned units after median imputation and p1-p99 winsorisation; EBM was fitted on the corresponding standardised values.
dti,24.965,0.8503334935984445,original_cleaned_units,0.15518568722637557,0.14374737604230192,0.16662399841044923,Original cleaned units after median imputation and p1-p99 winsorisation; EBM was fitted on the corresponding standardised values.
dti,25.09,0.8655224212661249,original_cleaned_units,0.15518568722637557,0.14374737604230192,0.16662399841044923,Original cleaned units after median imputation and p1-p99 winsorisation; EBM was fitted on the corresponding standardised values.
dti,25.225,0.8819264631472197,original_cleaned_units,0.15518568722637557,0.14374737604230192,0.16662399841044923,Original cleaned units after median imputation and p1-p99 winsorisation; EBM was fitted on the corresponding standardised values.
dti,25.365000000000002,0.8989380621350218,original_cleaned_units,0.15700715645066066,0.14488013055596421,0.1691341823453571,Original cleaned units after median imputation and p1-p99 winsorisation; EBM was fitted on the corresponding standardised values.
dti,25.505,0.9159496611228238,original_cleaned_units,0.15700715645066066,0.14488013055596421,0.1691341823453571,Original cleaned units after median imputation and p1-p99 winsorisation; EBM was fitted on the corresponding standardised values.
dti,25.645,0.9329612601106259,original_cleaned_units,0.16333136658988723,0.15198374006727094,0.1746789931125035,Original cleaned units after median imputation and p1-p99 winsorisation; EBM was fitted on the corresponding standardised values.
dti,25.785,0.949972859098428,original_cleaned_units,0.16503179494089606,0.15466548001393615,0.17539810986785598,Original cleaned units after median imputation and p1-p99 winsorisation; EBM was fitted on the corresponding standardised values.
dti,25.92,0.9663769009795228,original_cleaned_units,0.16503179494089606,0.15466548001393615,0.17539810986785598,Original cleaned units after median imputation and p1-p99 winsorisation; EBM was fitted on the corresponding standardised values.
dti,26.055,0.9827809428606176,original_cleaned_units,0.16503179494089606,0.15466548001393615,0.17539810986785598,Original cleaned units after median imputation and p1-p99 winsorisation; EBM was fitted on the corresponding standardised values.
dti,26.195,0.9997925418484196,original_cleaned_units,0.16503179494089606,0.15466548001393615,0.17539810986785598,Original cleaned units after median imputation and p1-p99 winsorisation; EBM was fitted on the corresponding standardised values.
dti,26.335,1.0168041408362216,original_cleaned_units,0.1670529274022005,0.15583691709146547,0.17826893771293556,Original cleaned units after median imputation and p1-p99 winsorisation; EBM was fitted on the corresponding standardised values.
dti,26.48,1.034423296930731,original_cleaned_units,0.1670529274022005,0.15583691709146547,0.17826893771293556,Original cleaned units after median imputation and p1-p99 winsorisation; EBM was fitted on the corresponding standardised values.
dti,26.625,1.0520424530252404,original_cleaned_units,0.16780903547531553,0.1554346100608382,0.18018346088979287,Original cleaned units after median imputation and p1-p99 winsorisation; EBM was fitted on the corresponding standardised values.
dti,26.770000000000003,1.0696616091197497,original_cleaned_units,0.17091252333821855,0.16160052115521759,0.1802245255212195,Original cleaned units after median imputation and p1-p99 winsorisation; EBM was fitted on the corresponding standardised values.
dti,26.925,1.0884958794276733,original_cleaned_units,0.17552126367164267,0.16802689943034307,0.18301562791294226,Original cleaned units after median imputation and p1-p99 winsorisation; EBM was fitted on the corresponding standardised values.
dti,27.08,1.107330149735597,original_cleaned_units,0.17610556101432218,0.16908253530285489,0.18312858672578947,Original cleaned units after median imputation and p1-p99 winsorisation; EBM was fitted on the corresponding standardised values.
dti,27.229999999999997,1.1255568629368131,original_cleaned_units,0.1766197550753528,0.1694486262688624,0.1837908838818432,Original cleaned units after median imputation and p1-p99 winsorisation; EBM was fitted on the corresponding standardised values.
dti,27.384999999999998,1.144391133244737,original_cleaned_units,0.18341611620310816,0.17267695230424782,0.1941552801019685,Original cleaned units after median imputation and p1-p99 winsorisation; EBM was fitted on the corresponding standardised values.
dti,27.545,1.163832960659368,original_cleaned_units,0.18984578941560767,0.18258489861206273,0.19710668021915262,Original cleaned units after median imputation and p1-p99 winsorisation; EBM was fitted on the corresponding standardised values.
dti,27.705,1.1832747880739989,original_cleaned_units,0.19489615357644055,0.1865081546888406,0.2032841524640405,Original cleaned units after median imputation and p1-p99 winsorisation; EBM was fitted on the corresponding standardised values.
dti,27.865000000000002,1.2027166154886297,original_cleaned_units,0.19489615357644055,0.1865081546888406,0.2032841524640405,Original cleaned units after median imputation and p1-p99 winsorisation; EBM was fitted on the corresponding standardised values.
dti,28.03,1.222766000009968,original_cleaned_units,0.19544695154081926,0.1867029359986871,0.20419096708295142,Original cleaned units after median imputation and p1-p99 winsorisation; EBM was fitted on the corresponding standardised values.
dti,28.195,1.2428153845313061,original_cleaned_units,0.19608153385184685,0.18665236404630653,0.20551070365738716,Original cleaned units after median imputation and p1-p99 winsorisation; EBM was fitted on the corresponding standardised values.
dti,28.36,1.2628647690526442,original_cleaned_units,0.19771144149946487,0.1905997647074038,0.20482311829152594,Original cleaned units after median imputation and p1-p99 winsorisation; EBM was fitted on the corresponding standardised values.
dti,28.535,1.2841292677873968,original_cleaned_units,0.20160285720560367,0.19568634078150424,0.2075193736297031,Original cleaned units after median imputation and p1-p99 winsorisation; EBM was fitted on the corresponding standardised values.
dti,28.715,1.3060013236288563,original_cleaned_units,0.20426476037165964,0.19704383313149995,0.21148568761181932,Original cleaned units after median imputation and p1-p99 winsorisation; EBM was fitted on the corresponding standardised values.
dti,28.895,1.3278733794703161,original_cleaned_units,0.20566732481495312,0.19848889529710664,0.2128457543327996,Original cleaned units after median imputation and p1-p99 winsorisation; EBM was fitted on the corresponding standardised values.
dti,29.075000000000003,1.3497454353117762,original_cleaned_units,0.24224843302980176,0.22805014405610816,0.2564467220034954,Original cleaned units after median imputation and p1-p99 winsorisation; EBM was fitted on the corresponding standardised values.
dti,29.255000000000003,1.371617491153236,original_cleaned_units,0.24889895811064014,0.24392871134405864,0.25386920487722164,Original cleaned units after median imputation and p1-p99 winsorisation; EBM was fitted on the corresponding standardised values.
dti,29.435000000000002,1.3934895469946955,original_cleaned_units,0.24951977808390208,0.2439340190518569,0.25510553711594725,Original cleaned units after median imputation and p1-p99 winsorisation; EBM was fitted on the corresponding standardised values.
dti,29.615000000000002,1.4153616028361553,original_cleaned_units,0.24951977808390208,0.2439340190518569,0.25510553711594725,Original cleaned units after median imputation and p1-p99 winsorisation; EBM was fitted on the corresponding standardised values.
dti,29.8,1.4378412157843223,original_cleaned_units,0.2511229318655611,0.24505888610351031,0.2571869776276119,Original cleaned units after median imputation and p1-p99 winsorisation; EBM was fitted on the corresponding standardised values.
dti,30.005,1.462751057159318,original_cleaned_units,0.25394317536212263,0.24907977766557599,0.2588065730586693,Original cleaned units after median imputation and p1-p99 winsorisation; EBM was fitted on the corresponding standardised values.
dti,30.235,1.49069868406785,original_cleaned_units,0.2547207279370452,0.2508444617578112,0.2585969941162792,Original cleaned units after median imputation and p1-p99 winsorisation; EBM was fitted on the corresponding standardised values.
dti,30.47,1.5192538680830892,original_cleaned_units,0.2547207279370452,0.2508444617578112,0.2585969941162792,Original cleaned units after median imputation and p1-p99 winsorisation; EBM was fitted on the corresponding standardised values.
dti,30.71,1.5484166092050355,original_cleaned_units,0.25804824201961196,0.2518564765090024,0.26424000753022153,Original cleaned units after median imputation and p1-p99 winsorisation; EBM was fitted on the corresponding standardised values.
dti,30.96,1.5787944645403964,original_cleaned_units,0.2602431389404166,0.2549430428082576,0.26554323507257566,Original cleaned units after median imputation and p1-p99 winsorisation; EBM was fitted on the corresponding standardised values.
dti,31.21,1.609172319875757,original_cleaned_units,0.26197322697257247,0.2563251885645684,0.26762126538057657,Original cleaned units after median imputation and p1-p99 winsorisation; EBM was fitted on the corresponding standardised values.
dti,31.465000000000003,1.6401577323178254,original_cleaned_units,0.26197322697257247,0.2563251885645684,0.26762126538057657,Original cleaned units after median imputation and p1-p99 winsorisation; EBM was fitted on the corresponding standardised values.
dti,31.725,1.6717507018666007,original_cleaned_units,0.26197322697257247,0.2563251885645684,0.26762126538057657,Original cleaned units after median imputation and p1-p99 winsorisation; EBM was fitted on the corresponding standardised values.
dti,31.990000000000002,1.703951228522083,original_cleaned_units,0.263238757570463,0.2564520107579824,0.2700255043829436,Original cleaned units after median imputation and p1-p99 winsorisation; EBM was fitted on the corresponding standardised values.
dti,32.265,1.7373668693909796,original_cleaned_units,0.26521799407589075,0.257407452230346,0.2730285359214355,Original cleaned units after median imputation and p1-p99 winsorisation; EBM was fitted on the corresponding standardised values.
dti,32.56,1.7732127386867054,original_cleaned_units,0.26704869340617776,0.2619921455797518,0.2721052412326037,Original cleaned units after median imputation and p1-p99 winsorisation; EBM was fitted on the corresponding standardised values.
dti,32.870000000000005,1.810881279302553,original_cleaned_units,0.2697129942966771,0.2639839371836638,0.2754420514096904,Original cleaned units after median imputation and p1-p99 winsorisation; EBM was fitted on the corresponding standardised values.
dti,33.175,1.847942262811693,original_cleaned_units,0.27181610983501775,0.26386675339814647,0.27976546627188903,Original cleaned units after median imputation and p1-p99 winsorisation; EBM was fitted on the corresponding standardised values.
dti,33.489999999999995,1.8862183605342473,original_cleaned_units,0.27489541030890946,0.2660250472075261,0.2837657734102928,Original cleaned units after median imputation and p1-p99 winsorisation; EBM was fitted on the corresponding standardised values.
dti,33.815,1.9257095724702165,original_cleaned_units,0.27473249575868686,0.26601511321052773,0.283449878306846,Original cleaned units after median imputation and p1-p99 winsorisation; EBM was fitted on the corresponding standardised values.
dti,34.144999999999996,1.965808341512893,original_cleaned_units,0.2757054464140575,0.2658655633039187,0.28554532952419626,Original cleaned units after median imputation and p1-p99 winsorisation; EBM was fitted on the corresponding standardised values.
dti,34.495000000000005,2.0083373389823986,original_cleaned_units,0.39533402663169237,0.3768964775011921,0.41377157576219264,Original cleaned units after median imputation and p1-p99 winsorisation; EBM was fitted on the corresponding standardised values.
dti,34.879999999999995,2.0551192361988537,original_cleaned_units,0.39713355305718057,0.3799664595754847,0.41430064653887644,Original cleaned units after median imputation and p1-p99 winsorisation; EBM was fitted on the corresponding standardised values.
dti,35.46000000000001,2.125595860576891,original_cleaned_units,0.39713355305718057,0.3799664595754847,0.41430064653887644,Original cleaned units after median imputation and p1-p99 winsorisation; EBM was fitted on the corresponding standardised values.
dti,36.21,2.2167294265829733,original_cleaned_units,0.4672060687839614,0.453380296121107,0.4810318414468159,Original cleaned units after median imputation and p1-p99 winsorisation; EBM was fitted on the corresponding standardised values.
dti,36.99,2.311508335229299,original_cleaned_units,0.46937211656066136,0.45272390016029945,0.48602033296102326,Original cleaned units after median imputation and p1-p99 winsorisation; EBM was fitted on the corresponding standardised values.
dti,37.3975,2.361024239425937,original_cleaned_units,0.39621976302871603,0.3790966521398778,0.41334287391755425,Original cleaned units after median imputation and p1-p99 winsorisation; EBM was fitted on the corresponding standardised values.
grade_A,0.25,0.25,preprocessed,0.07706300012650581,0.07461162604494379,0.07951437420806784,Preprocessed model-input scale; no reliable inverse mapping available.
grade_A,0.75,0.75,preprocessed,-0.356734767023435,-0.3680825001825096,-0.34538703386436037,Preprocessed model-input scale; no reliable inverse mapping available.
loan_amnt,1856.25,-1.4985064274421283,original_cleaned_units,-0.6193945852749886,-0.6751377607797092,-0.563651409770268,Original cleaned units after median imputation and p1-p99 winsorisation; EBM was fitted on the corresponding standardised values.
loan_amnt,1962.5,-1.4858458770177556,original_cleaned_units,-0.41106959035133556,-0.4454555268592491,-0.376683653843422,Original cleaned units after median imputation and p1-p99 winsorisation; EBM was fitted on the corresponding standardised values.
loan_amnt,2100.0,-1.469461635292097,original_cleaned_units,-0.3811893237085621,-0.4121092209249458,-0.35026942649217846,Original cleaned units after median imputation and p1-p99 winsorisation; EBM was fitted on the corresponding standardised values.
loan_amnt,2287.5,-1.4471194874843805,original_cleaned_units,-0.379634269345083,-0.4094195764134451,-0.34984896227672085,Original cleaned units after median imputation and p1-p99 winsorisation; EBM was fitted on the corresponding standardised values.
loan_amnt,2400.0,-1.4337141987997506,original_cleaned_units,-0.379634269345083,-0.4094195764134451,-0.34984896227672085,Original cleaned units after median imputation and p1-p99 winsorisation; EBM was fitted on the corresponding standardised values.
loan_amnt,2450.000000000002,-1.4277562927176928,original_cleaned_units,-0.379634269345083,-0.4094195764134451,-0.34984896227672085,Original cleaned units after median imputation and p1-p99 winsorisation; EBM was fitted on the corresponding standardised values.
loan_amnt,2499.999999999998,-1.4217983866356354,original_cleaned_units,-0.379634269345083,-0.4094195764134451,-0.34984896227672085,Original cleaned units after median imputation and p1-p99 winsorisation; EBM was fitted on the corresponding standardised values.
loan_amnt,2650.0,-1.4039246683894622,original_cleaned_units,-0.3790208383333822,-0.40946367320451754,-0.3485780034622468,Original cleaned units after median imputation and p1-p99 winsorisation; EBM was fitted on the corresponding standardised values.
loan_amnt,2800.0,-1.386050950143289,original_cleaned_units,-0.3790208383333822,-0.40946367320451754,-0.3485780034622468,Original cleaned units after median imputation and p1-p99 winsorisation; EBM was fitted on the corresponding standardised values.
loan_amnt,2900.0,-1.3741351379791735,original_cleaned_units,-0.37840820661853414,-0.4095300582153473,-0.34728635502172095,Original cleaned units after median imputation and p1-p99 winsorisation; EBM was fitted on the corresponding standardised values.
loan_amnt,3000.0,-1.3622193258150581,original_cleaned_units,-0.32180522344934315,-0.33097142269979635,-0.31263902419888995,Original cleaned units after median imputation and p1-p99 winsorisation; EBM was fitted on the corresponding standardised values.
loan_amnt,3100.0,-1.3503035136509427,original_cleaned_units,-0.31929254143509656,-0.3275982217070292,-0.31098686116316393,Original cleaned units after median imputation and p1-p99 winsorisation; EBM was fitted on the corresponding standardised values.
loan_amnt,3200.0,-1.3383877014868273,original_cleaned_units,-0.3187964566356346,-0.32793934452357715,-0.30965356874769207,Original cleaned units after median imputation and p1-p99 winsorisation; EBM was fitted on the corresponding standardised values.
loan_amnt,3350.0,-1.3205139832406543,original_cleaned_units,-0.3181953690058852,-0.32721243582020376,-0.3091783021915666,Original cleaned units after median imputation and p1-p99 winsorisation; EBM was fitted on the corresponding standardised values.
loan_amnt,3512.499999999998,-1.3011507884739668,original_cleaned_units,-0.31697403349537884,-0.3251478443915044,-0.30880022259925327,Original cleaned units after median imputation and p1-p99 winsorisation; EBM was fitted on the corresponding standardised values.
loan_amnt,3575.0,-1.2937034058713945,original_cleaned_units,-0.27036672139112516,-0.28671099980518355,-0.2540224429770668,Original cleaned units after median imputation and p1-p99 winsorisation; EBM was fitted on the corresponding standardised values.
loan_amnt,3712.5,-1.2773191641457358,original_cleaned_units,-0.27036672139112516,-0.28671099980518355,-0.2540224429770668,Original cleaned units after median imputation and p1-p99 winsorisation; EBM was fitted on the corresponding standardised values.
loan_amnt,3900.0,-1.2549770163380194,original_cleaned_units,-0.27036672139112516,-0.28671099980518355,-0.2540224429770668,Original cleaned units after median imputation and p1-p99 winsorisation; EBM was fitted on the corresponding standardised values.
loan_amnt,4000.0,-1.243061204173904,original_cleaned_units,-0.26900675767935694,-0.286006017669456,-0.2520074976892579,Original cleaned units after median imputation and p1-p99 winsorisation; EBM was fitted on the corresponding standardised values.
loan_amnt,4100.0,-1.2311453920097886,original_cleaned_units,-0.26642689001066,-0.28364454307672593,-0.24920923694459407,Original cleaned units after median imputation and p1-p99 winsorisation; EBM was fitted on the corresponding standardised values.
loan_amnt,4200.0,-1.2192295798456732,original_cleaned_units,-0.2659522340784993,-0.2824204796403064,-0.24948398851669226,Original cleaned units after median imputation and p1-p99 winsorisation; EBM was fitted on the corresponding standardised values.
loan_amnt,4287.5,-1.2088032442020722,original_cleaned_units,-0.265471178441288,-0.28221343192790493,-0.24872892495467105,Original cleaned units after median imputation and p1-p99 winsorisation; EBM was fitted on the corresponding standardised values.
loan_amnt,4425.0,-1.1924190024764134,original_cleaned_units,-0.26219054104222406,-0.2793188415137271,-0.245062240570721,Original cleaned units after median imputation and p1-p99 winsorisation; EBM was fitted on the corresponding standardised values.
loan_amnt,4500.0,-1.183482143353327,original_cleaned_units,-0.21376705946392113,-0.25087701081830827,-0.176657108109534,Original cleaned units after median imputation and p1-p99 winsorisation; EBM was fitted on the corresponding standardised values.
loan_amnt,4600.0,-1.1715663311892115,original_cleaned_units,-0.21255500148275114,-0.2512051505183051,-0.17390485244719717,Original cleaned units after median imputation and p1-p99 winsorisation; EBM was fitted on the corresponding standardised values.
loan_amnt,4737.5,-1.1551820894635527,original_cleaned_units,-0.21255500148275114,-0.2512051505183051,-0.17390485244719717,Original cleaned units after median imputation and p1-p99 winsorisation; EBM was fitted on the corresponding standardised values.
loan_amnt,4800.0,-1.1477347068609807,original_cleaned_units,-0.21255500148275114,-0.2512051505183051,-0.17390485244719717,Original cleaned units after median imputation and p1-p99 winsorisation; EBM was fitted on the corresponding standardised values.
loan_amnt,4900.0,-1.1358188946968653,original_cleaned_units,-0.17540027829824606,-0.19561508189861532,-0.1551854746978768,Original cleaned units after median imputation and p1-p99 winsorisation; EBM was fitted on the corresponding standardised values.
loan_amnt,5000.0,-1.1239030825327498,original_cleaned_units,-0.17449103551211104,-0.19475168622076713,-0.15423038480345494,Original cleaned units after median imputation and p1-p99 winsorisation; EBM was fitted on the corresponding standardised values.
loan_amnt,5100.0,-1.1119872703686344,original_cleaned_units,-0.17409986786124237,-0.19415198901310732,-0.15404774670937743,Original cleaned units after median imputation and p1-p99 winsorisation; EBM was fitted on the corresponding standardised values.
loan_amnt,5200.0,-1.100071458204519,original_cleaned_units,-0.17374222185423457,-0.1941902995193584,-0.15329414418911075,Original cleaned units after median imputation and p1-p99 winsorisation; EBM was fitted on the corresponding standardised values.
loan_amnt,5250.0,-1.0941135521224612,original_cleaned_units,-0.17374222185423457,-0.1941902995193584,-0.15329414418911075,Original cleaned units after median imputation and p1-p99 winsorisation; EBM was fitted on the corresponding standardised values.
loan_amnt,5337.500000000002,-1.08368721647886,original_cleaned_units,-0.17300763686678597,-0.1931146677658745,-0.15290060596769744,Original cleaned units after median imputation and p1-p99 winsorisation; EBM was fitted on the corresponding standardised values.
loan_amnt,5437.5,-1.0717714043147448,original_cleaned_units,-0.17267017370734877,-0.19264576059213379,-0.15269458682256376,Original cleaned units after median imputation and p1-p99 winsorisation; EBM was fitted on the corresponding standardised values.
loan_amnt,5500.0,-1.0643240217121726,original_cleaned_units,-0.17171705059804065,-0.1925769312554286,-0.1508571699406527,Original cleaned units after median imputation and p1-p99 winsorisation; EBM was fitted on the corresponding standardised values.
loan_amnt,5550.000000000002,-1.0583661156301147,original_cleaned_units,-0.17129901065443803,-0.1924781186836162,-0.15011990262525987,Original cleaned units after median imputation and p1-p99 winsorisation; EBM was fitted on the corresponding standardised values.
loan_amnt,5599.999999999998,-1.0524082095480574,original_cleaned_units,-0.17129901065443803,-0.1924781186836162,-0.15011990262525987,Original cleaned units after median imputation and p1-p99 winsorisation; EBM was fitted on the corresponding standardised values.
loan_amnt,5675.0,-1.0434713504249706,original_cleaned_units,-0.16883020378181246,-0.18775849863894833,-0.14990190892467659,Original cleaned units after median imputation and p1-p99 winsorisation; EBM was fitted on the corresponding standardised values.
loan_amnt,5787.499999999998,-1.030066061740341,original_cleaned_units,-0.16843320200045026,-0.18766950748455383,-0.14919689651634668,Original cleaned units after median imputation and p1-p99 winsorisation; EBM was fitted on the corresponding standardised values.
loan_amnt,5912.5,-1.0151712965351964,original_cleaned_units,-0.16611082471133043,-0.1843489512501423,-0.14787269817251855,Original cleaned units after median imputation and p1-p99 winsorisation; EBM was fitted on the corresponding standardised values.
loan_amnt,6000.0,-1.0047449608915955,original_cleaned_units,-0.16547280870560116,-0.1841954785546208,-0.14675013885658153,Original cleaned units after median imputation and p1-p99 winsorisation; EBM was fitted on the corresponding standardised values.
loan_amnt,6050.0,-0.9987870548095378,original_cleaned_units,-0.15167755545675335,-0.15867207596694674,-0.14468303494655996,Original cleaned units after median imputation and p1-p99 winsorisation; EBM was fitted on the corresponding standardised values.
loan_amnt,6150.0,-0.9868712426454224,original_cleaned_units,-0.15167755545675335,-0.15867207596694674,-0.14468303494655996,Original cleaned units after median imputation and p1-p99 winsorisation; EBM was fitted on the corresponding standardised values.
loan_amnt,6250.0,-0.974955430481307,original_cleaned_units,-0.15090417413946058,-0.15772329914301003,-0.14408504913591114,Original cleaned units after median imputation and p1-p99 winsorisation; EBM was fitted on the corresponding standardised values.
loan_amnt,6337.5,-0.964529094837706,original_cleaned_units,-0.15090417413946058,-0.15772329914301003,-0.14408504913591114,Original cleaned units after median imputation and p1-p99 winsorisation; EBM was fitted on the corresponding standardised values.
loan_amnt,6400.0,-0.9570817122351338,original_cleaned_units,-0.14903837603573977,-0.1564838367555497,-0.14159291531592985,Original cleaned units after median imputation and p1-p99 winsorisation; EBM was fitted on the corresponding standardised values.
loan_amnt,6450.0,-0.9511238061530761,original_cleaned_units,-0.14756690662488306,-0.15456161712262959,-0.14057219612713653,Original cleaned units after median imputation and p1-p99 winsorisation; EBM was fitted on the corresponding standardised values.
loan_amnt,6500.0,-0.9451659000710184,original_cleaned_units,-0.14706522789584658,-0.15460533626357223,-0.13952511952812094,Original cleaned units after median imputation and p1-p99 winsorisation; EBM was fitted on the corresponding standardised values.
loan_amnt,6562.5,-0.9377185174684463,original_cleaned_units,-0.14706522789584658,-0.15460533626357223,-0.13952511952812094,Original cleaned units after median imputation and p1-p99 winsorisation; EBM was fitted on the corresponding standardised values.
loan_amnt,6662.5,-0.9258027053043308,original_cleaned_units,-0.14586794960593405,-0.15160568519330803,-0.14013021401856007,Original cleaned units after median imputation and p1-p99 winsorisation; EBM was fitted on the corresponding standardised values.
loan_amnt,6762.5,-0.9138868931402154,original_cleaned_units,-0.14543880750459393,-0.15109672656654835,-0.1397808884426395,Original cleaned units after median imputation and p1-p99 winsorisation; EBM was fitted on the corresponding standardised values.
loan_amnt,6900.0,-0.8975026514145568,original_cleaned_units,-0.1450287504011033,-0.15121577651861093,-0.13884172428359567,Original cleaned units after median imputation and p1-p99 winsorisation; EBM was fitted on the corresponding standardised values.
loan_amnt,7000.0,-0.8855868392504413,original_cleaned_units,-0.14418908734330088,-0.15019211170030194,-0.13818606298629982,Original cleaned units after median imputation and p1-p99 winsorisation; EBM was fitted on the corresponding standardised values.
loan_amnt,7100.0,-0.8736710270863259,original_cleaned_units,-0.14381330075574633,-0.1503779283167966,-0.13724867319469605,Original cleaned units after median imputation and p1-p99 winsorisation; EBM was fitted on the corresponding standardised values.
loan_amnt,7200.0,-0.8617552149222105,original_cleaned_units,-0.14349013428906496,-0.1499776709331675,-0.13700259764496242,Original cleaned units after median imputation and p1-p99 winsorisation; EBM was fitted on the corresponding standardised values.
loan_amnt,7287.499999999999,-0.8513288792786096,original_cleaned_units,-0.1430802397762931,-0.14961077269905576,-0.13654970685353046,Original cleaned units after median imputation and p1-p99 winsorisation; EBM was fitted on the corresponding standardised values.
loan_amnt,7425.0,-0.8349446375529508,original_cleaned_units,-0.1430802397762931,-0.14961077269905576,-0.13654970685353046,Original cleaned units after median imputation and p1-p99 winsorisation; EBM was fitted on the corresponding standardised values.
loan_amnt,7499.999999999999,-0.8260077784298643,original_cleaned_units,-0.14252858044441796,-0.1490035939781274,-0.13605356691070852,Original cleaned units after median imputation and p1-p99 winsorisation; EBM was fitted on the corresponding standardised values.
loan_amnt,7562.5,-0.8185603958272921,original_cleaned_units,-0.10545669701325382,-0.12267327275319335,-0.08824012127331428,Original cleaned units after median imputation and p1-p99 winsorisation; EBM was fitted on the corresponding standardised values.
loan_amnt,7662.5,-0.8066445836631767,original_cleaned_units,-0.10545669701325382,-0.12267327275319335,-0.08824012127331428,Original cleaned units after median imputation and p1-p99 winsorisation; EBM was fitted on the corresponding standardised values.
loan_amnt,7750.0,-0.7962182480195756,original_cleaned_units,-0.09852429365666251,-0.10536520931656591,-0.09168337799675912,Original cleaned units after median imputation and p1-p99 winsorisation; EBM was fitted on the corresponding standardised values.
loan_amnt,7799.999999999999,-0.790260341937518,original_cleaned_units,-0.09793041266827614,-0.10416127430262699,-0.09169955103392528,Original cleaned units after median imputation and p1-p99 winsorisation; EBM was fitted on the corresponding standardised values.
loan_amnt,7899.999999999999,-0.7783445297734026,original_cleaned_units,-0.09741260675925524,-0.1033405164775616,-0.09148469704094889,Original cleaned units after median imputation and p1-p99 winsorisation; EBM was fitted on the corresponding standardised values.
loan_amnt,7999.999999999999,-0.7664287176092872,original_cleaned_units,-0.09711019403422372,-0.10272974546975987,-0.09149064259868757,Original cleaned units after median imputation and p1-p99 winsorisation; EBM was fitted on the corresponding standardised values.
loan_amnt,8087.5,-0.7560023819656861,original_cleaned_units,-0.09667768116795825,-0.10228611632759887,-0.09106924600831762,Original cleaned units after median imputation and p1-p99 winsorisation; EBM was fitted on the corresponding standardised values.
loan_amnt,8225.0,-0.7396181402400274,original_cleaned_units,-0.09316766165866394,-0.09838635271561036,-0.08794897060171752,Original cleaned units after median imputation and p1-p99 winsorisation; EBM was fitted on the corresponding standardised values.
loan_amnt,8337.5,-0.7262128515553975,original_cleaned_units,-0.09225562190476887,-0.09734842209337871,-0.08716282171615902,Original cleaned units after median imputation and p1-p99 winsorisation; EBM was fitted on the corresponding standardised values.
loan_amnt,8425.0,-0.7157865159117965,original_cleaned_units,-0.09225562190476887,-0.09734842209337871,-0.08716282171615902,Original cleaned units after median imputation and p1-p99 winsorisation; EBM was fitted on the corresponding standardised values.
loan_amnt,8487.5,-0.7083391333092244,original_cleaned_units,-0.09063065250345052,-0.09735471281767892,-0.08390659218922213,Original cleaned units after median imputation and p1-p99 winsorisation; EBM was fitted on the corresponding standardised values.
loan_amnt,8587.5,-0.696423321145109,original_cleaned_units,-0.08998790571503056,-0.09731735677020734,-0.08265845465985378,Original cleaned units after median imputation and p1-p99 winsorisation; EBM was fitted on the corresponding standardised values.
loan_amnt,8725.0,-0.6800390794194503,original_cleaned_units,-0.08998790571503056,-0.09731735677020734,-0.08265845465985378,Original cleaned units after median imputation and p1-p99 winsorisation; EBM was fitted on the corresponding standardised values.
loan_amnt,8825.0,-0.6681232672553349,original_cleaned_units,-0.08940287618600852,-0.09629566018132085,-0.08251009219069619,Original cleaned units after median imputation and p1-p99 winsorisation; EBM was fitted on the corresponding standardised values.
loan_amnt,8875.0,-0.6621653611732772,original_cleaned_units,-0.08863157563699005,-0.09514779722928698,-0.08211535404469311,Original cleaned units after median imputation and p1-p99 winsorisation; EBM was fitted on the corresponding standardised values.
loan_amnt,8937.5,-0.654717978570705,original_cleaned_units,-0.08801967261436021,-0.095124319664627,-0.08091502556409341,Original cleaned units after median imputation and p1-p99 winsorisation; EBM was fitted on the corresponding standardised values.
loan_amnt,9000.0,-0.6472705959681329,original_cleaned_units,-0.08801967261436021,-0.095124319664627,-0.08091502556409341,Original cleaned units after median imputation and p1-p99 winsorisation; EBM was fitted on the corresponding standardised values.
loan_amnt,9075.0,-0.6383337368450464,original_cleaned_units,-0.02723872430936325,-0.0346953126661476,-0.0197821359525789,Original cleaned units after median imputation and p1-p99 winsorisation; EBM was fitted on the corresponding standardised values.
loan_amnt,9187.5,-0.6249284481604165,original_cleaned_units,-0.02645716760253399,-0.03388443293940959,-0.019029902265658392,Original cleaned units after median imputation and p1-p99 winsorisation; EBM was fitted on the corresponding standardised values.
loan_amnt,9287.5,-0.6130126359963011,original_cleaned_units,-0.02536394269641698,-0.03278348912676309,-0.017944396266070868,Original cleaned units after median imputation and p1-p99 winsorisation; EBM was fitted on the corresponding standardised values.
loan_amnt,9412.5,-0.5981178707911567,original_cleaned_units,-0.024957786383377714,-0.032496621963828354,-0.017418950802927075,Original cleaned units after median imputation and p1-p99 winsorisation; EBM was fitted on the corresponding standardised values.
loan_amnt,9500.0,-0.5876915351475558,original_cleaned_units,-0.02388518169387014,-0.032027952124300235,-0.015742411263440045,Original cleaned units after median imputation and p1-p99 winsorisation; EBM was fitted on the corresponding standardised values.
loan_amnt,9550.0,-0.5817336290654981,original_cleaned_units,-0.02215914829774325,-0.03085805977251796,-0.01346023682296854,Original cleaned units after median imputation and p1-p99 winsorisation; EBM was fitted on the corresponding standardised values.
loan_amnt,9600.0,-0.5757757229834404,original_cleaned_units,-0.021393688351785616,-0.028978112543346812,-0.01380926416022442,Original cleaned units after median imputation and p1-p99 winsorisation; EBM was fitted on the corresponding standardised values.
loan_amnt,9687.5,-0.5653493873398394,original_cleaned_units,-0.021393688351785616,-0.028978112543346812,-0.01380926416022442,Original cleaned units after median imputation and p1-p99 winsorisation; EBM was fitted on the corresponding standardised values.
loan_amnt,9787.5,-0.553433575175724,original_cleaned_units,-0.021393688351785616,-0.028978112543346812,-0.01380926416022442,Original cleaned units after median imputation and p1-p99 winsorisation; EBM was fitted on the corresponding standardised values.
loan_amnt,9862.5,-0.5444967160526374,original_cleaned_units,-0.021393688351785616,-0.028978112543346812,-0.01380926416022442,Original cleaned units after median imputation and p1-p99 winsorisation; EBM was fitted on the corresponding standardised values.
loan_amnt,9950.0,-0.5340703804090364,original_cleaned_units,-0.021075572858266,-0.028991205789659844,-0.01315993992687216,Original cleaned units after median imputation and p1-p99 winsorisation; EBM was fitted on the corresponding standardised values.
loan_amnt,10000.0,-0.5281124743269787,original_cleaned_units,-0.021075572858266,-0.028991205789659844,-0.01315993992687216,Original cleaned units after median imputation and p1-p99 winsorisation; EBM was fitted on the corresponding standardised values.
loan_amnt,10050.0,-0.522154568244921,original_cleaned_units,-0.020748295240359836,-0.02894334550485069,-0.012553244975868983,Original cleaned units after median imputation and p1-p99 winsorisation; EBM was fitted on the corresponding standardised values.
loan_amnt,10137.5,-0.51172823260132,original_cleaned_units,-0.020272549159743043,-0.027824849624410845,-0.01272024869507524,Original cleaned units after median imputation and p1-p99 winsorisation; EBM was fitted on the corresponding standardised values.
loan_amnt,10200.0,-0.5042808499987479,original_cleaned_units,-0.019534942607078602,-0.027907053658785576,-0.011162831555371629,Original cleaned units after median imputation and p1-p99 winsorisation; EBM was fitted on the corresponding standardised values.
loan_amnt,10300.0,-0.4923650378346324,original_cleaned_units,-0.019534942607078602,-0.027907053658785576,-0.011162831555371629,Original cleaned units after median imputation and p1-p99 winsorisation; EBM was fitted on the corresponding standardised values.
loan_amnt,10400.0,-0.480449225670517,original_cleaned_units,-0.019238161901183385,-0.027430963117510438,-0.011045360684856332,Original cleaned units after median imputation and p1-p99 winsorisation; EBM was fitted on the corresponding standardised values.
loan_amnt,10450.0,-0.4744913195884593,original_cleaned_units,-0.018952086641400533,-0.027361559970374115,-0.010542613312426953,Original cleaned units after median imputation and p1-p99 winsorisation; EBM was fitted on the corresponding standardised values.
loan_amnt,10500.0,-0.4685334135064016,original_cleaned_units,-0.018643072059070946,-0.02664659059586589,-0.010639553522276001,Original cleaned units after median imputation and p1-p99 winsorisation; EBM was fitted on the corresponding standardised values.
loan_amnt,10562.5,-0.4610860309038295,original_cleaned_units,-0.016911638515120696,-0.026011692692929387,-0.007811584337312005,Original cleaned units after median imputation and p1-p99 winsorisation; EBM was fitted on the corresponding standardised values.
loan_amnt,10650.0,-0.4506596952602285,original_cleaned_units,-0.016467627777456875,-0.025332396993349913,-0.007602858561563838,Original cleaned units after median imputation and p1-p99 winsorisation; EBM was fitted on the corresponding standardised values.
loan_amnt,10737.5,-0.44023335961662746,original_cleaned_units,-0.015792426906260988,-0.025239875592150636,-0.00634497822037134,Original cleaned units after median imputation and p1-p99 winsorisation; EBM was fitted on the corresponding standardised values.
loan_amnt,10800.0,-0.4327859770140553,original_cleaned_units,-0.01519989402866995,-0.02440076069933652,-0.005999027358003383,Original cleaned units after median imputation and p1-p99 winsorisation; EBM was fitted on the corresponding standardised values.
loan_amnt,10900.0,-0.4208701648499399,original_cleaned_units,-0.01437231223909892,-0.02402411170750396,-0.004720512770693882,Original cleaned units after median imputation and p1-p99 winsorisation; EBM was fitted on the corresponding standardised values.
loan_amnt,11000.0,-0.4089543526858245,original_cleaned_units,-0.01437231223909892,-0.02402411170750396,-0.004720512770693882,Original cleaned units after median imputation and p1-p99 winsorisation; EBM was fitted on the corresponding standardised values.
loan_amnt,11100.0,-0.39703854052170906,original_cleaned_units,-0.01333547253494519,-0.022453587841173545,-0.004217357228716837,Original cleaned units after median imputation and p1-p99 winsorisation; EBM was fitted on the corresponding standardised values.
loan_amnt,11200.0,-0.38512272835759365,original_cleaned_units,-0.008026997116046312,-0.013459363665251294,-0.0025946305668413322,Original cleaned units after median imputation and p1-p99 winsorisation; EBM was fitted on the corresponding standardised values.
loan_amnt,11287.5,-0.37469639271399263,original_cleaned_units,-0.006955265124257407,-0.012516244787555869,-0.001394285460958945,Original cleaned units after median imputation and p1-p99 winsorisation; EBM was fitted on the corresponding standardised values.
loan_amnt,11425.0,-0.35831215098833397,original_cleaned_units,-0.006525293095615477,-0.01269932892690552,-0.0003512572643254346,Original cleaned units after median imputation and p1-p99 winsorisation; EBM was fitted on the corresponding standardised values.
loan_amnt,11500.0,-0.3493752918652474,original_cleaned_units,-0.005738619551383998,-0.0111609040602489,-0.00031633504251909507,Original cleaned units after median imputation and p1-p99 winsorisation; EBM was fitted on the corresponding standardised values.
loan_amnt,11587.5,-0.3389489562216464,original_cleaned_units,-0.005738619551383998,-0.0111609040602489,-0.00031633504251909507,Original cleaned units after median imputation and p1-p99 winsorisation; EBM was fitted on the corresponding standardised values.
loan_amnt,11712.5,-0.3240541910165021,original_cleaned_units,-0.004512391133448505,-0.009750769306701976,0.0007259870398049657,Original cleaned units after median imputation and p1-p99 winsorisation; EBM was fitted on the corresponding standardised values.
loan_amnt,11825.0,-0.31064890233187226,original_cleaned_units,-0.004512391133448505,-0.009750769306701976,0.0007259870398049657,Original cleaned units after median imputation and p1-p99 winsorisation; EBM was fitted on the corresponding standardised values.
loan_amnt,11937.5,-0.2972436136472424,original_cleaned_units,-0.0041616878919072545,-0.008912493109834524,0.0005891173260200158,Original cleaned units after median imputation and p1-p99 winsorisation; EBM was fitted on the corresponding standardised values.
loan_amnt,12000.0,-0.2897962310446703,original_cleaned_units,-0.003934970206739538,-0.009008278969274803,0.0011383385557957263,Original cleaned units after median imputation and p1-p99 winsorisation; EBM was fitted on the corresponding standardised values.
loan_amnt,12087.5,-0.2793698954010693,original_cleaned_units,-0.0025083499127591517,-0.0071240513715055045,0.0021073515459872007,Original cleaned units after median imputation and p1-p99 winsorisation; EBM was fitted on the corresponding standardised values.
loan_amnt,12212.5,-0.264475130195925,original_cleaned_units,-0.0014600555203483565,-0.005230820165622733,0.0023107091249260207,Original cleaned units after median imputation and p1-p99 winsorisation; EBM was fitted on the corresponding standardised values.
loan_amnt,12312.5,-0.25255931803180953,original_cleaned_units,-0.001209570328060322,-0.005026699455892097,0.0026075587997714525,Original cleaned units after median imputation and p1-p99 winsorisation; EBM was fitted on the corresponding standardised values.
loan_amnt,12425.0,-0.23915402934717972,original_cleaned_units,-0.00092956760295391,-0.004624602138381749,0.0027654669324739286,Original cleaned units after median imputation and p1-p99 winsorisation; EBM was fitted on the corresponding standardised values.
loan_amnt,12500.0,-0.23021717022409316,original_cleaned_units,-0.0005184074744489257,-0.00436764545520096,0.0033308305063031087,Original cleaned units after median imputation and p1-p99 winsorisation; EBM was fitted on the corresponding standardised values.
loan_amnt,12550.0,-0.22425926414203545,original_cleaned_units,0.0010820979787700808,-0.0036561220585937418,0.005820318016133903,Original cleaned units after median imputation and p1-p99 winsorisation; EBM was fitted on the corresponding standardised values.
loan_amnt,12600.0,-0.21830135805997775,original_cleaned_units,0.0010820979787700808,-0.0036561220585937418,0.005820318016133903,Original cleaned units after median imputation and p1-p99 winsorisation; EBM was fitted on the corresponding standardised values.
loan_amnt,12700.0,-0.20638554589586233,original_cleaned_units,0.0016366414300392766,-0.002325397746736632,0.005598680606815185,Original cleaned units after median imputation and p1-p99 winsorisation; EBM was fitted on the corresponding standardised values.
loan_amnt,12800.0,-0.1944697337317469,original_cleaned_units,0.002104669746045914,-0.002438345635630343,0.00664768512772217,Original cleaned units after median imputation and p1-p99 winsorisation; EBM was fitted on the corresponding standardised values.
loan_amnt,12900.0,-0.18255392156763148,original_cleaned_units,0.003272093118798603,-0.0012984220951405999,0.007842608332737807,Original cleaned units after median imputation and p1-p99 winsorisation; EBM was fitted on the corresponding standardised values.
loan_amnt,13000.0,-0.17063810940351606,original_cleaned_units,0.004015439744542855,-0.000335180499910011,0.00836605998899572,Original cleaned units after median imputation and p1-p99 winsorisation; EBM was fitted on the corresponding standardised values.
loan_amnt,13100.0,-0.15872229723940062,original_cleaned_units,0.004239610928653258,8.189389586901047e-05,0.008397327961437506,Original cleaned units after median imputation and p1-p99 winsorisation; EBM was fitted on the corresponding standardised values.
loan_amnt,13200.0,-0.1468064850752852,original_cleaned_units,0.005593641565667004,0.000738634021360398,0.01044864910997361,Original cleaned units after median imputation and p1-p99 winsorisation; EBM was fitted on the corresponding standardised values.
loan_amnt,13275.0,-0.13786962595219865,original_cleaned_units,0.005593641565667004,0.000738634021360398,0.01044864910997361,Original cleaned units after median imputation and p1-p99 winsorisation; EBM was fitted on the corresponding standardised values.
loan_amnt,13412.5,-0.12148538422653996,original_cleaned_units,0.006805020920486423,0.0007747582389654312,0.012835283602007416,Original cleaned units after median imputation and p1-p99 winsorisation; EBM was fitted on the corresponding standardised values.
loan_amnt,13500.0,-0.11105904858293895,original_cleaned_units,0.006805020920486423,0.0007747582389654312,0.012835283602007416,Original cleaned units after median imputation and p1-p99 winsorisation; EBM was fitted on the corresponding standardised values.
loan_amnt,13562.5,-0.10361166598036681,original_cleaned_units,0.02934008681069079,0.012371954555390134,0.046308219065991446,Original cleaned units after median imputation and p1-p99 winsorisation; EBM was fitted on the corresponding standardised values.
loan_amnt,13675.0,-0.09020637729573697,original_cleaned_units,0.02934008681069079,0.012371954555390134,0.046308219065991446,Original cleaned units after median imputation and p1-p99 winsorisation; EBM was fitted on the corresponding standardised values.
loan_amnt,13775.0,-0.07829056513162155,original_cleaned_units,0.02934008681069079,0.012371954555390134,0.046308219065991446,Original cleaned units after median imputation and p1-p99 winsorisation; EBM was fitted on the corresponding standardised values.
loan_amnt,13900.0,-0.06339579992647727,original_cleaned_units,0.030593416712059427,0.013924137151088714,0.04726269627303014,Original cleaned units after median imputation and p1-p99 winsorisation; EBM was fitted on the corresponding standardised values.
loan_amnt,14000.0,-0.05147998776236185,original_cleaned_units,0.031257836829584135,0.014566791230490154,0.04794888242867812,Original cleaned units after median imputation and p1-p99 winsorisation; EBM was fitted on the corresponding standardised values.
loan_amnt,14100.0,-0.03956417559824643,original_cleaned_units,0.0344051669241211,0.021203979995795673,0.04760635385244653,Original cleaned units after median imputation and p1-p99 winsorisation; EBM was fitted on the corresponding standardised values.
loan_amnt,14287.5,-0.017222027790530017,original_cleaned_units,0.03465836097812702,0.021480679987293187,0.04783604196896086,Original cleaned units after median imputation and p1-p99 winsorisation; EBM was fitted on the corresponding standardised values.
loan_amnt,14400.0,-0.0038167391059001675,original_cleaned_units,0.03555093462665472,0.020934412703887902,0.050167456549421535,Original cleaned units after median imputation and p1-p99 winsorisation; EBM was fitted on the corresponding standardised values.
loan_amnt,14462.5,0.0036306434966719703,original_cleaned_units,0.03583332551860687,0.021329132236361723,0.05033751880085202,Original cleaned units after median imputation and p1-p99 winsorisation; EBM was fitted on the corresponding standardised values.
loan_amnt,14600.0,0.020014885222330678,original_cleaned_units,0.06372871398797844,0.04074589223877033,0.08671153573718655,Original cleaned units after median imputation and p1-p99 winsorisation; EBM was fitted on the corresponding standardised values.
loan_amnt,14750.0,0.03788860346850381,original_cleaned_units,0.07399444831684021,0.059357156567886565,0.08863174006579386,Original cleaned units after median imputation and p1-p99 winsorisation; EBM was fitted on the corresponding standardised values.
loan_amnt,14900.0,0.05576232171467694,original_cleaned_units,0.08389741742498355,0.06907784833135097,0.09871698651861613,Original cleaned units after median imputation and p1-p99 winsorisation; EBM was fitted on the corresponding standardised values.
loan_amnt,15000.0,0.06767813387879236,original_cleaned_units,0.09731731932924642,0.08766976347455978,0.10696487518393306,Original cleaned units after median imputation and p1-p99 winsorisation; EBM was fitted on the corresponding standardised values.
loan_amnt,15100.0,0.07959394604290779,original_cleaned_units,0.09773770955010597,0.08782330798204738,0.10765211111816456,Original cleaned units after median imputation and p1-p99 winsorisation; EBM was fitted on the corresponding standardised values.
loan_amnt,15225.0,0.09448871124805205,original_cleaned_units,0.09820831560201149,0.08902814210507139,0.10738848909895159,Original cleaned units after median imputation and p1-p99 winsorisation; EBM was fitted on the corresponding standardised values.
loan_amnt,15325.0,0.10640452341216747,original_cleaned_units,0.09980673151968687,0.08926601395795225,0.1103474490814215,Original cleaned units after median imputation and p1-p99 winsorisation; EBM was fitted on the corresponding standardised values.
loan_amnt,15437.5,0.11980981209679734,original_cleaned_units,0.10061221046772376,0.09075955658123244,0.11046486435421507,Original cleaned units after median imputation and p1-p99 winsorisation; EBM was fitted on the corresponding standardised values.
loan_amnt,15537.5,0.13172562426091275,original_cleaned_units,0.10079991553020953,0.09075448243749953,0.11084534862291953,Original cleaned units after median imputation and p1-p99 winsorisation; EBM was fitted on the corresponding standardised values.
loan_amnt,15600.0,0.13917300686348488,original_cleaned_units,0.10079991553020953,0.09075448243749953,0.11084534862291953,Original cleaned units after median imputation and p1-p99 winsorisation; EBM was fitted on the corresponding standardised values.
loan_amnt,15725.0,0.15406777206862915,original_cleaned_units,0.10079991553020953,0.09075448243749953,0.11084534862291953,Original cleaned units after median imputation and p1-p99 winsorisation; EBM was fitted on the corresponding standardised values.
loan_amnt,15912.5,0.17640991987634558,original_cleaned_units,0.10392874030952837,0.09504235882317986,0.11281512179587687,Original cleaned units after median imputation and p1-p99 winsorisation; EBM was fitted on the corresponding standardised values.
loan_amnt,16000.0,0.18683625551994656,original_cleaned_units,0.10392874030952837,0.09504235882317986,0.11281512179587687,Original cleaned units after median imputation and p1-p99 winsorisation; EBM was fitted on the corresponding standardised values.
loan_amnt,16112.5,0.2002415442045764,original_cleaned_units,0.1127182438749782,0.10532013851049846,0.12011634923945794,Original cleaned units after median imputation and p1-p99 winsorisation; EBM was fitted on the corresponding standardised values.
loan_amnt,16300.0,0.22258369201229283,original_cleaned_units,0.1136418275026718,0.10639250421409296,0.12089115079125062,Original cleaned units after median imputation and p1-p99 winsorisation; EBM was fitted on the corresponding standardised values.
loan_amnt,16437.5,0.23896793373795155,original_cleaned_units,0.11575833409448441,0.10875134819345322,0.1227653199955156,Original cleaned units after median imputation and p1-p99 winsorisation; EBM was fitted on the corresponding standardised values.
loan_amnt,16500.0,0.2464153163405237,original_cleaned_units,0.11672494710863435,0.11001366930476279,0.1234362249125059,Original cleaned units after median imputation and p1-p99 winsorisation; EBM was fitted on the corresponding standardised values.
loan_amnt,16650.0,0.26428903458669684,original_cleaned_units,0.11892285779515066,0.11182634162687265,0.12601937396342866,Original cleaned units after median imputation and p1-p99 winsorisation; EBM was fitted on the corresponding standardised values.
loan_amnt,16800.0,0.28216275283286996,original_cleaned_units,0.11892285779515066,0.11182634162687265,0.12601937396342866,Original cleaned units after median imputation and p1-p99 winsorisation; EBM was fitted on the corresponding standardised values.
loan_amnt,16900.0,0.29407856499698537,original_cleaned_units,0.1196955433247138,0.11227787435108055,0.12711321229834704,Original cleaned units after median imputation and p1-p99 winsorisation; EBM was fitted on the corresponding standardised values.
loan_amnt,17000.0,0.3059943771611008,original_cleaned_units,0.12015261088098858,0.11347066481105277,0.12683455695092438,Original cleaned units after median imputation and p1-p99 winsorisation; EBM was fitted on the corresponding standardised values.
loan_amnt,17100.0,0.3179101893252162,original_cleaned_units,0.12066468525266816,0.11478970434699984,0.12653966615833648,Original cleaned units after median imputation and p1-p99 winsorisation; EBM was fitted on the corresponding standardised values.
loan_amnt,17262.5,0.3372733840919037,original_cleaned_units,0.12153923056900376,0.11483003905982006,0.12824842207818746,Original cleaned units after median imputation and p1-p99 winsorisation; EBM was fitted on the corresponding standardised values.
loan_amnt,17412.5,0.3551471023380769,original_cleaned_units,0.12182901601250959,0.11554656626538515,0.12811146575963403,Original cleaned units after median imputation and p1-p99 winsorisation; EBM was fitted on the corresponding standardised values.
loan_amnt,17500.0,0.3655734379816779,original_cleaned_units,0.12182901601250959,0.11554656626538515,0.12811146575963403,Original cleaned units after median imputation and p1-p99 winsorisation; EBM was fitted on the corresponding standardised values.
loan_amnt,17562.5,0.37302082058425,original_cleaned_units,0.12182901601250959,0.11554656626538515,0.12811146575963403,Original cleaned units after median imputation and p1-p99 winsorisation; EBM was fitted on the corresponding standardised values.
loan_amnt,17700.0,0.38940506230990873,original_cleaned_units,0.1231154027909926,0.11628147479738449,0.12994933078460072,Original cleaned units after median imputation and p1-p99 winsorisation; EBM was fitted on the corresponding standardised values.
loan_amnt,17887.5,0.41174721011762516,original_cleaned_units,0.12323980910079996,0.11631718459003633,0.1301624336115636,Original cleaned units after median imputation and p1-p99 winsorisation; EBM was fitted on the corresponding standardised values.
loan_amnt,18000.0,0.425152498802255,original_cleaned_units,0.12389508576092605,0.11637352116206193,0.13141665035979017,Original cleaned units after median imputation and p1-p99 winsorisation; EBM was fitted on the corresponding standardised values.
loan_amnt,18112.5,0.43855778748688484,original_cleaned_units,0.12518030312539968,0.1186125537210169,0.13174805252978247,Original cleaned units after median imputation and p1-p99 winsorisation; EBM was fitted on the corresponding standardised values.
loan_amnt,18237.5,0.45345255269202916,original_cleaned_units,0.13598577098417694,0.1210826792114599,0.15088886275689398,Original cleaned units after median imputation and p1-p99 winsorisation; EBM was fitted on the corresponding standardised values.
loan_amnt,18325.0,0.4638788883356301,original_cleaned_units,0.1363483301436058,0.12153467587225804,0.15116198441495357,Original cleaned units after median imputation and p1-p99 winsorisation; EBM was fitted on the corresponding standardised values.
loan_amnt,18437.5,0.47728417702025994,original_cleaned_units,0.13658526519610506,0.12138504459265037,0.15178548579955975,Original cleaned units after median imputation and p1-p99 winsorisation; EBM was fitted on the corresponding standardised values.
loan_amnt,18537.5,0.48919998918437535,original_cleaned_units,0.13658526519610506,0.12138504459265037,0.15178548579955975,Original cleaned units after median imputation and p1-p99 winsorisation; EBM was fitted on the corresponding standardised values.
loan_amnt,18700.0,0.5085631839510629,original_cleaned_units,0.1371784686277995,0.12222618256605042,0.1521307546895486,Original cleaned units after median imputation and p1-p99 winsorisation; EBM was fitted on the corresponding standardised values.
loan_amnt,18900.0,0.5323948082792938,original_cleaned_units,0.1371784686277995,0.12222618256605042,0.1521307546895486,Original cleaned units after median imputation and p1-p99 winsorisation; EBM was fitted on the corresponding standardised values.
loan_amnt,19000.0,0.5443106204434092,original_cleaned_units,0.13765249561995382,0.12192888583187475,0.1533761054080329,Original cleaned units after median imputation and p1-p99 winsorisation; EBM was fitted on the corresponding standardised values.
loan_amnt,19100.0,0.5562264326075246,original_cleaned_units,0.13800426701753846,0.12240580224164166,0.15360273179343525,Original cleaned units after median imputation and p1-p99 winsorisation; EBM was fitted on the corresponding standardised values.
loan_amnt,19200.0,0.56814224477164,original_cleaned_units,0.13829762589791078,0.12301868904055852,0.15357656275526305,Original cleaned units after median imputation and p1-p99 winsorisation; EBM was fitted on the corresponding standardised values.
loan_amnt,19287.5,0.5785685804152411,original_cleaned_units,0.13841404789418688,0.12315902288094102,0.15366907290743273,Original cleaned units after median imputation and p1-p99 winsorisation; EBM was fitted on the corresponding standardised values.
loan_amnt,19425.0,0.5949528221408997,original_cleaned_units,0.13911024030403785,0.12378056359692331,0.1544399170111524,Original cleaned units after median imputation and p1-p99 winsorisation; EBM was fitted on the corresponding standardised values.
loan_amnt,19500.0,0.6038896812639862,original_cleaned_units,0.13936919782537838,0.12361962761112999,0.15511876803962676,Original cleaned units after median imputation and p1-p99 winsorisation; EBM was fitted on the corresponding standardised values.
loan_amnt,19600.0,0.6158054934281016,original_cleaned_units,0.14718442766871978,0.13269172631496598,0.16167712902247358,Original cleaned units after median imputation and p1-p99 winsorisation; EBM was fitted on the corresponding standardised values.
loan_amnt,19737.5,0.6321897351537604,original_cleaned_units,0.1494407503020756,0.1371893430915228,0.1616921575126284,Original cleaned units after median imputation and p1-p99 winsorisation; EBM was fitted on the corresponding standardised values.
loan_amnt,19887.5,0.6500634533999337,original_cleaned_units,0.14998773001118892,0.13827875238422405,0.1616967076381538,Original cleaned units after median imputation and p1-p99 winsorisation; EBM was fitted on the corresponding standardised values.
loan_amnt,20000.0,0.6634687420845635,original_cleaned_units,0.15036434622258416,0.13904181612171848,0.16168687632344983,Original cleaned units after median imputation and p1-p99 winsorisation; EBM was fitted on the corresponding standardised values.
loan_amnt,20125.0,0.6783635072897076,original_cleaned_units,0.1504692930624606,0.1392408637681914,0.1616977223567298,Original cleaned units after median imputation and p1-p99 winsorisation; EBM was fitted on the corresponding standardised values.
loan_amnt,20325.0,0.7021951316179385,original_cleaned_units,0.15147986411377096,0.13880291757425472,0.1641568106532872,Original cleaned units after median imputation and p1-p99 winsorisation; EBM was fitted on the corresponding standardised values.
loan_amnt,20500.0,0.7230478029051406,original_cleaned_units,0.15147986411377096,0.13880291757425472,0.1641568106532872,Original cleaned units after median imputation and p1-p99 winsorisation; EBM was fitted on the corresponding standardised values.
loan_amnt,20687.5,0.745389950712857,original_cleaned_units,0.1519165477811067,0.1396162340427083,0.1642168615195051,Original cleaned units after median imputation and p1-p99 winsorisation; EBM was fitted on the corresponding standardised values.
loan_amnt,20887.5,0.7692215750410878,original_cleaned_units,0.15222899297270273,0.14022439508461088,0.1642335908607946,Original cleaned units after median imputation and p1-p99 winsorisation; EBM was fitted on the corresponding standardised values.
loan_amnt,21000.0,0.7826268637257177,original_cleaned_units,0.1543130852277669,0.14104345986469058,0.16758271059084323,Original cleaned units after median imputation and p1-p99 winsorisation; EBM was fitted on the corresponding standardised values.
loan_amnt,21112.5,0.7960321524103475,original_cleaned_units,0.1543130852277669,0.14104345986469058,0.16758271059084323,Original cleaned units after median imputation and p1-p99 winsorisation; EBM was fitted on the corresponding standardised values.
loan_amnt,21287.5,0.8168848236975494,original_cleaned_units,0.1543130852277669,0.14104345986469058,0.16758271059084323,Original cleaned units after median imputation and p1-p99 winsorisation; EBM was fitted on the corresponding standardised values.
loan_amnt,21475.0,0.8392269715052658,original_cleaned_units,0.15474532572108404,0.14181614232028425,0.16767450912188384,Original cleaned units after median imputation and p1-p99 winsorisation; EBM was fitted on the corresponding standardised values.
loan_amnt,21600.0,0.8541217367104101,original_cleaned_units,0.1523947224044891,0.13905037167679601,0.16573907313218217,Original cleaned units after median imputation and p1-p99 winsorisation; EBM was fitted on the corresponding standardised values.
loan_amnt,21800.0,0.877953361038641,original_cleaned_units,0.1528961874106521,0.1399534439943833,0.16583893082692092,Original cleaned units after median imputation and p1-p99 winsorisation; EBM was fitted on the corresponding standardised values.
loan_amnt,22000.0,0.9017849853668718,original_cleaned_units,0.1534690854856656,0.1408484244448181,0.1660897465265131,Original cleaned units after median imputation and p1-p99 winsorisation; EBM was fitted on the corresponding standardised values.
loan_amnt,22175.0,0.9226376566540738,original_cleaned_units,0.15353176270603824,0.14080443640298365,0.16625908900909284,Original cleaned units after median imputation and p1-p99 winsorisation; EBM was fitted on the corresponding standardised values.
loan_amnt,22375.0,0.9464692809823047,original_cleaned_units,0.1541867558897248,0.14184220795203328,0.16653130382741632,Original cleaned units after median imputation and p1-p99 winsorisation; EBM was fitted on the corresponding standardised values.
loan_amnt,22475.0,0.9583850931464201,original_cleaned_units,0.1545799010058772,0.142490216523837,0.1666695854879174,Original cleaned units after median imputation and p1-p99 winsorisation; EBM was fitted on the corresponding standardised values.
loan_amnt,22662.5,0.9807272409541365,original_cleaned_units,0.15588823032687663,0.1426151038045349,0.16916135684921835,Original cleaned units after median imputation and p1-p99 winsorisation; EBM was fitted on the corresponding standardised values.
loan_amnt,22887.5,1.0075378183233963,original_cleaned_units,0.15614710451839078,0.14306409568934292,0.16923011334743865,Original cleaned units after median imputation and p1-p99 winsorisation; EBM was fitted on the corresponding standardised values.
loan_amnt,23000.0,1.020943107008026,original_cleaned_units,0.1563958815410363,0.14342890166177327,0.16936286142029935,Original cleaned units after median imputation and p1-p99 winsorisation; EBM was fitted on the corresponding standardised values.
loan_amnt,23175.0,1.0417957782952278,original_cleaned_units,0.17261897269946008,0.16792955360192777,0.1773083917969924,Original cleaned units after median imputation and p1-p99 winsorisation; EBM was fitted on the corresponding standardised values.
loan_amnt,23425.0,1.0715853087055165,original_cleaned_units,0.172678984376378,0.16806176805806164,0.17729620069469434,Original cleaned units after median imputation and p1-p99 winsorisation; EBM was fitted on the corresponding standardised values.
loan_amnt,23662.5,1.0998853625952907,original_cleaned_units,0.1733158427739398,0.16854858989202795,0.17808309565585165,Original cleaned units after median imputation and p1-p99 winsorisation; EBM was fitted on the corresponding standardised values.
loan_amnt,23900.0,1.1281854164850649,original_cleaned_units,0.17360567170208904,0.16880004036039353,0.17841130304378455,Original cleaned units after median imputation and p1-p99 winsorisation; EBM was fitted on the corresponding standardised values.
loan_amnt,24000.0,1.1401012286491803,original_cleaned_units,0.17391213963724955,0.16923960842411745,0.17858467085038165,Original cleaned units after median imputation and p1-p99 winsorisation; EBM was fitted on the corresponding standardised values.
loan_amnt,24175.0,1.1609538999363824,original_cleaned_units,0.17444423120009955,0.16975135669457572,0.17913710570562338,Original cleaned units after median imputation and p1-p99 winsorisation; EBM was fitted on the corresponding standardised values.
loan_amnt,24425.0,1.1907434303466709,original_cleaned_units,0.17444423120009955,0.16975135669457572,0.17913710570562338,Original cleaned units after median imputation and p1-p99 winsorisation; EBM was fitted on the corresponding standardised values.
loan_amnt,24650.0,1.2175540077159304,original_cleaned_units,0.17502208375485567,0.17068098812899568,0.17936317938071566,Original cleaned units after median imputation and p1-p99 winsorisation; EBM was fitted on the corresponding standardised values.
loan_amnt,24887.5,1.2458540616057046,original_cleaned_units,0.17502208375485567,0.17068098812899568,0.17936317938071566,Original cleaned units after median imputation and p1-p99 winsorisation; EBM was fitted on the corresponding standardised values.
loan_amnt,25000.0,1.2592593502903344,original_cleaned_units,0.17502208375485567,0.17068098812899568,0.17936317938071566,Original cleaned units after median imputation and p1-p99 winsorisation; EBM was fitted on the corresponding standardised values.
loan_amnt,25125.0,1.2741541154954787,original_cleaned_units,0.1751678297790157,0.17065306561289564,0.17968259394513578,Original cleaned units after median imputation and p1-p99 winsorisation; EBM was fitted on the corresponding standardised values.
loan_amnt,25412.5,1.3084120754673108,original_cleaned_units,0.17504051047269042,0.1701190545807807,0.17996196636460016,Original cleaned units after median imputation and p1-p99 winsorisation; EBM was fitted on the corresponding standardised values.
loan_amnt,25787.5,1.3530963710827435,original_cleaned_units,0.17511085876496693,0.17028060244472593,0.17994111508520794,Original cleaned units after median imputation and p1-p99 winsorisation; EBM was fitted on the corresponding standardised values.
loan_amnt,26000.0,1.3784174719314888,original_cleaned_units,0.17541181985939058,0.1701240104112017,0.18069962930757946,Original cleaned units after median imputation and p1-p99 winsorisation; EBM was fitted on the corresponding standardised values.
loan_amnt,26200.0,1.4022490962597196,original_cleaned_units,0.17541181985939058,0.1701240104112017,0.18069962930757946,Original cleaned units after median imputation and p1-p99 winsorisation; EBM was fitted on the corresponding standardised values.
loan_amnt,26450.0,1.432038626670008,original_cleaned_units,0.17541181985939058,0.1701240104112017,0.18069962930757946,Original cleaned units after median imputation and p1-p99 winsorisation; EBM was fitted on the corresponding standardised values.
loan_amnt,26750.0,1.4677860631623543,original_cleaned_units,0.1754633909914321,0.17009601115158116,0.18083077083128304,Original cleaned units after median imputation and p1-p99 winsorisation; EBM was fitted on the corresponding standardised values.
loan_amnt,27000.0,1.497575593572643,original_cleaned_units,0.17556755323531664,0.17009384023871676,0.18104126623191652,Original cleaned units after median imputation and p1-p99 winsorisation; EBM was fitted on the corresponding standardised values.
loan_amnt,27150.0,1.515449311818816,original_cleaned_units,0.17556755323531664,0.17009384023871676,0.18104126623191652,Original cleaned units after median imputation and p1-p99 winsorisation; EBM was fitted on the corresponding standardised values.
loan_amnt,27425.0,1.5482177952701335,original_cleaned_units,0.17556755323531664,0.17009384023871676,0.18104126623191652,Original cleaned units after median imputation and p1-p99 winsorisation; EBM was fitted on the corresponding standardised values.
loan_amnt,27775.0,1.5899231378445373,original_cleaned_units,0.17556755323531664,0.17009384023871676,0.18104126623191652,Original cleaned units after median imputation and p1-p99 winsorisation; EBM was fitted on the corresponding standardised values.
loan_amnt,28000.0,1.616733715213797,original_cleaned_units,0.17556755323531664,0.17009384023871676,0.18104126623191652,Original cleaned units after median imputation and p1-p99 winsorisation; EBM was fitted on the corresponding standardised values.
loan_amnt,28287.5,1.650991675185629,original_cleaned_units,0.1759556537838497,0.17056990697665086,0.18134140059104853,Original cleaned units after median imputation and p1-p99 winsorisation; EBM was fitted on the corresponding standardised values.
loan_amnt,28725.0,1.703123353403634,original_cleaned_units,0.17620347035705272,0.17044109788906928,0.18196584282503617,Original cleaned units after median imputation and p1-p99 winsorisation; EBM was fitted on the corresponding standardised values.
loan_amnt,29025.0,1.73887078989598,original_cleaned_units,0.17657862267715294,0.17023337776016348,0.1829238675941424,Original cleaned units after median imputation and p1-p99 winsorisation; EBM was fitted on the corresponding standardised values.
loan_amnt,29387.5,1.7820656089908986,original_cleaned_units,0.17657862267715294,0.17023337776016348,0.1829238675941424,Original cleaned units after median imputation and p1-p99 winsorisation; EBM was fitted on the corresponding standardised values.
loan_amnt,29800.0,1.8312183341678747,original_cleaned_units,0.1767519191612075,0.1704272934017267,0.1830765449206883,Original cleaned units after median imputation and p1-p99 winsorisation; EBM was fitted on the corresponding standardised values.
loan_amnt,30000.0,1.8550499584961055,original_cleaned_units,0.17174990200067863,0.1599139027411499,0.18358590126020738,Original cleaned units after median imputation and p1-p99 winsorisation; EBM was fitted on the corresponding standardised values.
loan_amnt,30400.0,1.9027132071525672,original_cleaned_units,0.17174990200067863,0.1599139027411499,0.18358590126020738,Original cleaned units after median imputation and p1-p99 winsorisation; EBM was fitted on the corresponding standardised values.
loan_amnt,31037.5,1.9786765096988028,original_cleaned_units,0.1719765075078491,0.16016168572589162,0.18379132928980657,Original cleaned units after median imputation and p1-p99 winsorisation; EBM was fitted on the corresponding standardised values.
loan_amnt,31637.5,2.0501713826834953,original_cleaned_units,0.17202011431016406,0.16017264699076939,0.18386758162955874,Original cleaned units after median imputation and p1-p99 winsorisation; EBM was fitted on the corresponding standardised values.
loan_amnt,32000.0,2.0933662017784136,original_cleaned_units,0.1722591861611932,0.160424117466487,0.18409425485589942,Original cleaned units after median imputation and p1-p99 winsorisation; EBM was fitted on the corresponding standardised values.
loan_amnt,32375.0,2.138050497393847,original_cleaned_units,0.17116525169214966,0.15954603391324382,0.1827844694710555,Original cleaned units after median imputation and p1-p99 winsorisation; EBM was fitted on the corresponding standardised values.
loan_amnt,32875.0,2.1976295582144236,original_cleaned_units,0.1446510053678763,0.13074956468366405,0.15855244605208857,Original cleaned units after median imputation and p1-p99 winsorisation; EBM was fitted on the corresponding standardised values.
loan_amnt,33312.5,2.2497612364324286,original_cleaned_units,0.1454602252619206,0.13107507394050774,0.15984537658333345,Original cleaned units after median imputation and p1-p99 winsorisation; EBM was fitted on the corresponding standardised values.
loan_amnt,33837.5,2.3123192502940344,original_cleaned_units,0.14542134815700747,0.13098542233527613,0.1598572739787388,Original cleaned units after median imputation and p1-p99 winsorisation; EBM was fitted on the corresponding standardised values.
loan_amnt,34525.0,2.394240458922328,original_cleaned_units,0.1454705610023031,0.1310858518979707,0.1598552701066355,Original cleaned units after median imputation and p1-p99 winsorisation; EBM was fitted on the corresponding standardised values.
loan_amnt,34993.75,2.4500958284416194,original_cleaned_units,0.14546217423206712,0.13106875966119647,0.15985558880293776,Original cleaned units after median imputation and p1-p99 winsorisation; EBM was fitted on the corresponding standardised values.
int_rate,5.345,-1.7725000474064672,original_cleaned_units,-0.7441359246272249,-0.7645239960338179,-0.7237478532206318,Original cleaned units after median imputation and p1-p99 winsorisation; EBM was fitted on the corresponding standardised values.
int_rate,5.614999999999999,-1.7107750650147646,original_cleaned_units,-0.7420466329534682,-0.7625175800471693,-0.7215756858597671,Original cleaned units after median imputation and p1-p99 winsorisation; EBM was fitted on the corresponding standardised values.
int_rate,5.91,-1.643334806475682,original_cleaned_units,-0.7384005625966185,-0.7604845758973954,-0.7163165492958415,Original cleaned units after median imputation and p1-p99 winsorisation; EBM was fitted on the corresponding standardised values.
int_rate,5.9875,-1.6256174504188046,original_cleaned_units,-0.7384005625966185,-0.7604845758973954,-0.7163165492958415,Original cleaned units after median imputation and p1-p99 winsorisation; EBM was fitted on the corresponding standardised values.
int_rate,6.0575,-1.6096146772061408,original_cleaned_units,-0.6586551391051382,-0.6785888263363113,-0.638721451873965,Original cleaned units after median imputation and p1-p99 winsorisation; EBM was fitted on the corresponding standardised values.
int_rate,6.2075000000000005,-1.5753230203218616,original_cleaned_units,-0.5787565910206343,-0.6007031047141299,-0.5568100773271386,Original cleaned units after median imputation and p1-p99 winsorisation; EBM was fitted on the corresponding standardised values.
int_rate,6.3775,-1.5364591425196785,original_cleaned_units,-0.5413126651280038,-0.5988500854951283,-0.4837752447608793,Original cleaned units after median imputation and p1-p99 winsorisation; EBM was fitted on the corresponding standardised values.
int_rate,6.4775,-1.5135980379301592,original_cleaned_units,-0.399409929020274,-0.4254806770282398,-0.37333918101230823,Original cleaned units after median imputation and p1-p99 winsorisation; EBM was fitted on the corresponding standardised values.
int_rate,6.582499999999999,-1.489593878111164,original_cleaned_units,-0.30075463292192445,-0.3155628397817842,-0.2859464260620647,Original cleaned units after median imputation and p1-p99 winsorisation; EBM was fitted on the corresponding standardised values.
int_rate,6.685,-1.4661612459069064,original_cleaned_units,-0.29845845485616146,-0.3094835462095329,-0.28743336350279003,Original cleaned units after median imputation and p1-p99 winsorisation; EBM was fitted on the corresponding standardised values.
int_rate,6.7725,-1.4461577793910767,original_cleaned_units,-0.29697250895533894,-0.30824737588455386,-0.285697642026124,Original cleaned units after median imputation and p1-p99 winsorisation; EBM was fitted on the corresponding standardised values.
int_rate,6.862500000000001,-1.4255827852605092,original_cleaned_units,-0.29697250895533894,-0.30824737588455386,-0.285697642026124,Original cleaned units after median imputation and p1-p99 winsorisation; EBM was fitted on the corresponding standardised values.
int_rate,6.922499999999999,-1.4118661225067977,original_cleaned_units,-0.2945172113354809,-0.3082296272397629,-0.28080479543119896,Original cleaned units after median imputation and p1-p99 winsorisation; EBM was fitted on the corresponding standardised values.
int_rate,6.9825,-1.398149459753086,original_cleaned_units,-0.29301529928820863,-0.30714850134761185,-0.2788820972288054,Original cleaned units after median imputation and p1-p99 winsorisation; EBM was fitted on the corresponding standardised values.
int_rate,7.052499999999999,-1.3821466865404224,original_cleaned_units,-0.2912253171071291,-0.30600570660709847,-0.2764449276071598,Original cleaned units after median imputation and p1-p99 winsorisation; EBM was fitted on the corresponding standardised values.
int_rate,7.1075,-1.3695730790161866,original_cleaned_units,-0.289581373107347,-0.3059714329001407,-0.27319131331455326,Original cleaned units after median imputation and p1-p99 winsorisation; EBM was fitted on the corresponding standardised values.
int_rate,7.165,-1.3564279438772129,original_cleaned_units,-0.23463314916279002,-0.25616655621344087,-0.21309974211213917,Original cleaned units after median imputation and p1-p99 winsorisation; EBM was fitted on the corresponding standardised values.
int_rate,7.265000000000001,-1.3335668392876934,original_cleaned_units,-0.22876912856244003,-0.2451607688111411,-0.21237748831373895,Original cleaned units after median imputation and p1-p99 winsorisation; EBM was fitted on the corresponding standardised values.
int_rate,7.415,-1.2992751824034143,original_cleaned_units,-0.22545900443996103,-0.2426455822917493,-0.20827242658817277,Original cleaned units after median imputation and p1-p99 winsorisation; EBM was fitted on the corresponding standardised values.
int_rate,7.532500000000001,-1.2724133845107288,original_cleaned_units,-0.22545900443996103,-0.2426455822917493,-0.20827242658817277,Original cleaned units after median imputation and p1-p99 winsorisation; EBM was fitted on the corresponding standardised values.
int_rate,7.6175,-1.2529814456096373,original_cleaned_units,-0.22545900443996103,-0.2426455822917493,-0.20827242658817277,Original cleaned units after median imputation and p1-p99 winsorisation; EBM was fitted on the corresponding standardised values.
int_rate,7.7425,-1.224405064872738,original_cleaned_units,-0.17079172660847766,-0.20711568925826654,-0.13446776395868879,Original cleaned units after median imputation and p1-p99 winsorisation; EBM was fitted on the corresponding standardised values.
int_rate,7.855,-1.1986863222095285,original_cleaned_units,-0.09562521367064758,-0.104965649465092,-0.08628477787620316,Original cleaned units after median imputation and p1-p99 winsorisation; EBM was fitted on the corresponding standardised values.
int_rate,7.9,-1.1883988251442448,original_cleaned_units,-0.09562521367064758,-0.104965649465092,-0.08628477787620316,Original cleaned units after median imputation and p1-p99 winsorisation; EBM was fitted on the corresponding standardised values.
int_rate,7.93,-1.181540493767389,original_cleaned_units,-0.09253437445611974,-0.10144300926700466,-0.08362573964523483,Original cleaned units after median imputation and p1-p99 winsorisation; EBM was fitted on the corresponding standardised values.
int_rate,8.04,-1.1563932787189177,original_cleaned_units,-0.09253437445611974,-0.10144300926700466,-0.08362573964523483,Original cleaned units after median imputation and p1-p99 winsorisation; EBM was fitted on the corresponding standardised values.
int_rate,8.155000000000001,-1.1301030084409702,original_cleaned_units,-0.0880244256339153,-0.09642360478393554,-0.07962524648389506,Original cleaned units after median imputation and p1-p99 winsorisation; EBM was fitted on the corresponding standardised values.
int_rate,8.219999999999999,-1.1152432904577827,original_cleaned_units,-0.08677340094908283,-0.09385060398278092,-0.07969619791538474,Original cleaned units after median imputation and p1-p99 winsorisation; EBM was fitted on the corresponding standardised values.
int_rate,8.32,-1.092382185868263,original_cleaned_units,-0.08677340094908283,-0.09385060398278092,-0.07969619791538474,Original cleaned units after median imputation and p1-p99 winsorisation; EBM was fitted on the corresponding standardised values.
int_rate,8.412500000000001,-1.0712356641229575,original_cleaned_units,-0.08169448404106029,-0.08464156783972897,-0.07874740024239162,Original cleaned units after median imputation and p1-p99 winsorisation; EBM was fitted on the corresponding standardised values.
int_rate,8.49,-1.05351830806608,original_cleaned_units,-0.08097538311704158,-0.08321264941799891,-0.07873811681608425,Original cleaned units after median imputation and p1-p99 winsorisation; EBM was fitted on the corresponding standardised values.
int_rate,8.594999999999999,-1.0295141482470846,original_cleaned_units,-0.0791944860050747,-0.08789670693136385,-0.07049226507878555,Original cleaned units after median imputation and p1-p99 winsorisation; EBM was fitted on the corresponding standardised values.
int_rate,8.6675,-1.0129398474196831,original_cleaned_units,-0.07585393758906159,-0.08493447234064118,-0.066773402837482,Original cleaned units after median imputation and p1-p99 winsorisation; EBM was fitted on the corresponding standardised values.
int_rate,8.787500000000001,-0.9855065219122596,original_cleaned_units,-0.07585393758906159,-0.08493447234064118,-0.066773402837482,Original cleaned units after median imputation and p1-p99 winsorisation; EBM was fitted on the corresponding standardised values.
int_rate,8.932500000000001,-0.9523579202574565,original_cleaned_units,-0.07406846180239324,-0.08013774026737121,-0.06799918333741527,Original cleaned units after median imputation and p1-p99 winsorisation; EBM was fitted on the corresponding standardised values.
int_rate,9.08,-0.9186377909879153,original_cleaned_units,-0.08008050100932085,-0.09008096364587581,-0.07008003837276588,Original cleaned units after median imputation and p1-p99 winsorisation; EBM was fitted on the corresponding standardised values.
int_rate,9.327499999999999,-0.8620565571288548,original_cleaned_units,-0.08087739225992423,-0.10008091390645413,-0.06167387061339433,Original cleaned units after median imputation and p1-p99 winsorisation; EBM was fitted on the corresponding standardised values.
int_rate,9.5475,-0.8117621270319119,original_cleaned_units,-0.07879201072159737,-0.09790678182203941,-0.05967723962115534,Original cleaned units after median imputation and p1-p99 winsorisation; EBM was fitted on the corresponding standardised values.
int_rate,9.655,-0.7871864395981785,original_cleaned_units,-0.07429999247436375,-0.08779290429468477,-0.06080708065404274,Original cleaned units after median imputation and p1-p99 winsorisation; EBM was fitted on the corresponding standardised values.
int_rate,9.695,-0.7780419977623707,original_cleaned_units,-0.07201263605745586,-0.08762010908890919,-0.05640516302600254,Original cleaned units after median imputation and p1-p99 winsorisation; EBM was fitted on the corresponding standardised values.
int_rate,9.73,-0.7700406111560388,original_cleaned_units,-0.07201263605745586,-0.08762010908890919,-0.05640516302600254,Original cleaned units after median imputation and p1-p99 winsorisation; EBM was fitted on the corresponding standardised values.
int_rate,9.7675,-0.761467696934969,original_cleaned_units,-0.034866041729057135,-0.049443915147742656,-0.020288168310371613,Original cleaned units after median imputation and p1-p99 winsorisation; EBM was fitted on the corresponding standardised values.
int_rate,9.7975,-0.7546093655581131,original_cleaned_units,-0.034866041729057135,-0.049443915147742656,-0.020288168310371613,Original cleaned units after median imputation and p1-p99 winsorisation; EBM was fitted on the corresponding standardised values.
int_rate,9.895,-0.7323197885833316,original_cleaned_units,-0.03127744012176522,-0.04559359066524628,-0.01696128957828416,Original cleaned units after median imputation and p1-p99 winsorisation; EBM was fitted on the corresponding standardised values.
int_rate,9.99,-0.7106017392232882,original_cleaned_units,-0.029791310518678383,-0.04367925749758633,-0.015903363539770433,Original cleaned units after median imputation and p1-p99 winsorisation; EBM was fitted on the corresponding standardised values.
int_rate,10.08,-0.6900267450927208,original_cleaned_units,-0.027052237694760197,-0.04428319384851705,-0.009821281541003344,Original cleaned units after median imputation and p1-p99 winsorisation; EBM was fitted on the corresponding standardised values.
int_rate,10.1675,-0.6700232785768913,original_cleaned_units,0.029696107386187998,0.008603969865147658,0.05078824490722834,Original cleaned units after median imputation and p1-p99 winsorisation; EBM was fitted on the corresponding standardised values.
int_rate,10.3275,-0.63344551123366,original_cleaned_units,0.05188930533181879,0.045418412779291824,0.05836019788434576,Original cleaned units after median imputation and p1-p99 winsorisation; EBM was fitted on the corresponding standardised values.
int_rate,10.540000000000001,-0.5848656639809311,original_cleaned_units,0.05763181743718604,0.05229651648998421,0.06296711838438787,Original cleaned units after median imputation and p1-p99 winsorisation; EBM was fitted on the corresponding standardised values.
int_rate,10.625,-0.5654337250798396,original_cleaned_units,0.06013534101342317,0.056158074975959676,0.06411260705088666,Original cleaned units after median imputation and p1-p99 winsorisation; EBM was fitted on the corresponding standardised values.
int_rate,10.685,-0.5517170623261278,original_cleaned_units,0.06013534101342317,0.056158074975959676,0.06411260705088666,Original cleaned units after median imputation and p1-p99 winsorisation; EBM was fitted on the corresponding standardised values.
int_rate,10.745000000000001,-0.5380003995724163,original_cleaned_units,0.061222131066664576,0.055606807414785325,0.06683745471854383,Original cleaned units after median imputation and p1-p99 winsorisation; EBM was fitted on the corresponding standardised values.
int_rate,10.785,-0.5288559577366087,original_cleaned_units,0.05977628853197397,0.053287935991708245,0.06626464107223969,Original cleaned units after median imputation and p1-p99 winsorisation; EBM was fitted on the corresponding standardised values.
int_rate,10.89,-0.504851797917613,original_cleaned_units,0.05977628853197397,0.053287935991708245,0.06626464107223969,Original cleaned units after median imputation and p1-p99 winsorisation; EBM was fitted on the corresponding standardised values.
int_rate,11.045,-0.46941708580385794,original_cleaned_units,0.054225611345621344,0.048151096950896644,0.060300125740346044,Original cleaned units after median imputation and p1-p99 winsorisation; EBM was fitted on the corresponding standardised values.
int_rate,11.1475,-0.4459844535996005,original_cleaned_units,0.056064694382100544,0.04867594890794813,0.06345343985625296,Original cleaned units after median imputation and p1-p99 winsorisation; EBM was fitted on the corresponding standardised values.
int_rate,11.21,-0.43169626323115073,original_cleaned_units,0.1020622343773237,0.0829830617641722,0.12114140699047521,Original cleaned units after median imputation and p1-p99 winsorisation; EBM was fitted on the corresponding standardised values.
int_rate,11.3325,-0.4036914101089895,original_cleaned_units,0.10618724511775454,0.08728555845933368,0.12508893177617542,Original cleaned units after median imputation and p1-p99 winsorisation; EBM was fitted on the corresponding standardised values.
int_rate,11.4375,-0.37968725028999406,original_cleaned_units,0.10886539822575421,0.08938508960901528,0.12834570684249313,Original cleaned units after median imputation and p1-p99 winsorisation; EBM was fitted on the corresponding standardised values.
int_rate,11.4625,-0.37397197414261407,original_cleaned_units,0.1108795809282275,0.09118143890571584,0.13057772295073916,Original cleaned units after median imputation and p1-p99 winsorisation; EBM was fitted on the corresponding standardised values.
int_rate,11.48,-0.3699712808394482,original_cleaned_units,0.1156080930196983,0.09809204830244087,0.13312413773695572,Original cleaned units after median imputation and p1-p99 winsorisation; EBM was fitted on the corresponding standardised values.
int_rate,11.4975,-0.3659705875362824,original_cleaned_units,0.1182866238407413,0.10174665515566936,0.13482659252581325,Original cleaned units after median imputation and p1-p99 winsorisation; EBM was fitted on the corresponding standardised values.
int_rate,11.522499999999999,-0.36025531138890265,original_cleaned_units,0.1182866238407413,0.10174665515566936,0.13482659252581325,Original cleaned units after median imputation and p1-p99 winsorisation; EBM was fitted on the corresponding standardised values.
int_rate,11.549999999999999,-0.3539685076267847,original_cleaned_units,0.06167973960581161,0.05489457009327417,0.06846490911834906,Original cleaned units after median imputation and p1-p99 winsorisation; EBM was fitted on the corresponding standardised values.
int_rate,11.615,-0.339108789643597,original_cleaned_units,0.06317972739244489,0.05661641411457269,0.06974304067031709,Original cleaned units after median imputation and p1-p99 winsorisation; EBM was fitted on the corresponding standardised values.
int_rate,11.6775,-0.3248205992751473,original_cleaned_units,0.06654084563790746,0.05907474949675805,0.07400694177905688,Original cleaned units after median imputation and p1-p99 winsorisation; EBM was fitted on the corresponding standardised values.
int_rate,11.7025,-0.3191053231277674,original_cleaned_units,0.06848136692679274,0.0626241783134153,0.07433855554017019,Original cleaned units after median imputation and p1-p99 winsorisation; EBM was fitted on the corresponding standardised values.
int_rate,11.8475,-0.28595672147296414,original_cleaned_units,0.07147431137423818,0.06539122692932132,0.07755739581915504,Original cleaned units after median imputation and p1-p99 winsorisation; EBM was fitted on the corresponding standardised values.
int_rate,11.9975,-0.25166506458868504,original_cleaned_units,0.07345917080933045,0.06632694731342109,0.08059139430523982,Original cleaned units after median imputation and p1-p99 winsorisation; EBM was fitted on the corresponding standardised values.
int_rate,12.0425,-0.24137756752340134,original_cleaned_units,0.07513165512611268,0.06620285116399163,0.08406045908823373,Original cleaned units after median imputation and p1-p99 winsorisation; EBM was fitted on the corresponding standardised values.
int_rate,12.0875,-0.23109007045811758,original_cleaned_units,0.07527544783726749,0.06580140896998432,0.08474948670455065,Original cleaned units after median imputation and p1-p99 winsorisation; EBM was fitted on the corresponding standardised values.
int_rate,12.15,-0.21680188008966791,original_cleaned_units,0.06659919028732635,0.0649105365507163,0.0682878440239364,Original cleaned units after median imputation and p1-p99 winsorisation; EBM was fitted on the corresponding standardised values.
int_rate,12.2575,-0.19222619265593452,original_cleaned_units,0.06849949023385637,0.06432096359690322,0.07267801687080953,Original cleaned units after median imputation and p1-p99 winsorisation; EBM was fitted on the corresponding standardised values.
int_rate,12.3375,-0.17393730898431903,original_cleaned_units,0.06849949023385637,0.06432096359690322,0.07267801687080953,Original cleaned units after median imputation and p1-p99 winsorisation; EBM was fitted on the corresponding standardised values.
int_rate,12.365,-0.16765050522220112,original_cleaned_units,0.06903599636130756,0.06526577108146955,0.07280622164114556,Original cleaned units after median imputation and p1-p99 winsorisation; EBM was fitted on the corresponding standardised values.
int_rate,12.395,-0.16079217384534522,original_cleaned_units,0.07143870855499929,0.06590932280987216,0.07696809430012641,Original cleaned units after median imputation and p1-p99 winsorisation; EBM was fitted on the corresponding standardised values.
int_rate,12.475,-0.14250329017372976,original_cleaned_units,0.07143870855499929,0.06590932280987216,0.07696809430012641,Original cleaned units after median imputation and p1-p99 winsorisation; EBM was fitted on the corresponding standardised values.
int_rate,12.604999999999999,-0.11278385420735448,original_cleaned_units,0.07195444996741318,0.06695065951277505,0.07695824042205131,Original cleaned units after median imputation and p1-p99 winsorisation; EBM was fitted on the corresponding standardised values.
int_rate,12.69,-0.09335191530626284,original_cleaned_units,0.07522143852629296,0.0717587382409162,0.0786841388116697,Original cleaned units after median imputation and p1-p99 winsorisation; EBM was fitted on the corresponding standardised values.
int_rate,12.775,-0.07391997640517131,original_cleaned_units,0.07613784617486188,0.06860316575647608,0.08367252659324768,Original cleaned units after median imputation and p1-p99 winsorisation; EBM was fitted on the corresponding standardised values.
int_rate,12.85,-0.056774147963031776,original_cleaned_units,0.06343903577591184,0.05338202697691367,0.07349604457491,Original cleaned units after median imputation and p1-p99 winsorisation; EBM was fitted on the corresponding standardised values.
int_rate,12.865,-0.053344982274603825,original_cleaned_units,0.06281937452566798,0.04954329849305182,0.07609545055828414,Original cleaned units after median imputation and p1-p99 winsorisation; EBM was fitted on the corresponding standardised values.
int_rate,12.93,-0.03848526429141609,original_cleaned_units,0.06440916549124386,0.051137675405690385,0.07768065557679732,Original cleaned units after median imputation and p1-p99 winsorisation; EBM was fitted on the corresponding standardised values.
int_rate,13.0,-0.02248249107875251,original_cleaned_units,0.06618431322817742,0.05225892997463211,0.08010969648172273,Original cleaned units after median imputation and p1-p99 winsorisation; EBM was fitted on the corresponding standardised values.
int_rate,13.049999999999999,-0.011051938783992821,original_cleaned_units,0.07528945134817071,0.07051050791616557,0.08006839478017584,Original cleaned units after median imputation and p1-p99 winsorisation; EBM was fitted on the corresponding standardised values.
int_rate,13.1125,0.0032362515844568413,original_cleaned_units,0.09774502588042097,0.08352910368565701,0.11196094807518493,Original cleaned units after median imputation and p1-p99 winsorisation; EBM was fitted on the corresponding standardised values.
int_rate,13.182500000000001,0.019239024797120526,original_cleaned_units,0.10705114613281083,0.09644687780853382,0.11765541445708784,Original cleaned units after median imputation and p1-p99 winsorisation; EBM was fitted on the corresponding standardised values.
int_rate,13.2825,0.042100129386640005,original_cleaned_units,0.10905668524654999,0.10011105861727639,0.11800231187582359,Original cleaned units after median imputation and p1-p99 winsorisation; EBM was fitted on the corresponding standardised values.
int_rate,13.3475,0.05695984736982754,original_cleaned_units,0.10905668524654999,0.10011105861727639,0.11800231187582359,Original cleaned units after median imputation and p1-p99 winsorisation; EBM was fitted on the corresponding standardised values.
int_rate,13.395,0.06781887204984927,original_cleaned_units,0.10905668524654999,0.10011105861727639,0.11800231187582359,Original cleaned units after median imputation and p1-p99 winsorisation; EBM was fitted on the corresponding standardised values.
int_rate,13.445,0.07924942434460905,original_cleaned_units,0.10905668524654999,0.10011105861727639,0.11800231187582359,Original cleaned units after median imputation and p1-p99 winsorisation; EBM was fitted on the corresponding standardised values.
int_rate,13.4825,0.08782233856567886,original_cleaned_units,0.11000351488483551,0.10031669265707271,0.1196903371125983,Original cleaned units after median imputation and p1-p99 winsorisation; EBM was fitted on the corresponding standardised values.
int_rate,13.525,0.09753830801622462,original_cleaned_units,0.11277718153868306,0.10120956553603577,0.12434479754133035,Original cleaned units after median imputation and p1-p99 winsorisation; EBM was fitted on the corresponding standardised values.
int_rate,13.5875,0.11182649838467429,original_cleaned_units,0.11863927875636085,0.10562398100191266,0.13165457651080903,Original cleaned units after median imputation and p1-p99 winsorisation; EBM was fitted on the corresponding standardised values.
int_rate,13.645,0.12497163352364798,original_cleaned_units,0.12065133354457165,0.10485175875663455,0.13645090833250875,Original cleaned units after median imputation and p1-p99 winsorisation; EBM was fitted on the corresponding standardised values.
int_rate,13.66,0.12840079921207592,original_cleaned_units,0.12408635239265117,0.11002803153848421,0.13814467324681814,Original cleaned units after median imputation and p1-p99 winsorisation; EBM was fitted on the corresponding standardised values.
int_rate,13.67,0.13068690967102786,original_cleaned_units,0.12854207116553928,0.10777796000881396,0.1493061823222646,Original cleaned units after median imputation and p1-p99 winsorisation; EBM was fitted on the corresponding standardised values.
int_rate,13.6875,0.13468760297419377,original_cleaned_units,0.12017719903522969,0.11064477292038609,0.12970962515007328,Original cleaned units after median imputation and p1-p99 winsorisation; EBM was fitted on the corresponding standardised values.
int_rate,13.8275,0.16669314939952104,original_cleaned_units,0.12085354545934525,0.11076729317195377,0.13093979774673672,Original cleaned units after median imputation and p1-p99 winsorisation; EBM was fitted on the corresponding standardised values.
int_rate,13.97,0.19927022343958628,original_cleaned_units,0.12536637847116877,0.11098138600234297,0.13975137093999457,Original cleaned units after median imputation and p1-p99 winsorisation; EBM was fitted on the corresponding standardised values.
int_rate,14.0075,0.2078431376606561,original_cleaned_units,0.12822111566452066,0.11768294326153789,0.13875928806750343,Original cleaned units after median imputation and p1-p99 winsorisation; EBM was fitted on the corresponding standardised values.
int_rate,14.065,0.2209882727996297,original_cleaned_units,0.12618029890278304,0.11597819073953164,0.13638240706603444,Original cleaned units after median imputation and p1-p99 winsorisation; EBM was fitted on the corresponding standardised values.
int_rate,14.12,0.23356188032386535,original_cleaned_units,0.11378274836468143,0.10862385516739131,0.11894164156197154,Original cleaned units after median imputation and p1-p99 winsorisation; EBM was fitted on the corresponding standardised values.
int_rate,14.1525,0.24099173931545922,original_cleaned_units,0.10934986046855637,0.10495150858110085,0.11374821235601189,Original cleaned units after median imputation and p1-p99 winsorisation; EBM was fitted on the corresponding standardised values.
int_rate,14.225,0.2575660401428609,original_cleaned_units,0.11341143823297174,0.10814160889750328,0.1186812675684402,Original cleaned units after median imputation and p1-p99 winsorisation; EBM was fitted on the corresponding standardised values.
int_rate,14.295,0.2735688133555246,original_cleaned_units,0.11387365229038968,0.10882347148457937,0.11892383309619999,Original cleaned units after median imputation and p1-p99 winsorisation; EBM was fitted on the corresponding standardised values.
int_rate,14.3125,0.2775695066586905,original_cleaned_units,0.11749221300673304,0.10880947106520303,0.12617495494826306,Original cleaned units after median imputation and p1-p99 winsorisation; EBM was fitted on the corresponding standardised values.
int_rate,14.33,0.2815701999618563,original_cleaned_units,0.11902350921552837,0.10861645446466246,0.1294305639663943,Original cleaned units after median imputation and p1-p99 winsorisation; EBM was fitted on the corresponding standardised values.
int_rate,14.4025,0.2981445007892579,original_cleaned_units,0.12023070519379178,0.11024507918965677,0.1302163311979268,Original cleaned units after median imputation and p1-p99 winsorisation; EBM was fitted on the corresponding standardised values.
int_rate,14.47,0.31357574638718366,original_cleaned_units,0.1217322177840511,0.11167115935684728,0.13179327621125494,Original cleaned units after median imputation and p1-p99 winsorisation; EBM was fitted on the corresponding standardised values.
int_rate,14.48,0.31586185684613555,original_cleaned_units,0.1479148525305055,0.1295866581531832,0.16624304690782776,Original cleaned units after median imputation and p1-p99 winsorisation; EBM was fitted on the corresponding standardised values.
int_rate,14.49,0.3181479673050875,original_cleaned_units,0.15054337453809966,0.13292848162682236,0.16815826744937695,Original cleaned units after median imputation and p1-p99 winsorisation; EBM was fitted on the corresponding standardised values.
int_rate,14.5625,0.33472226813248906,original_cleaned_units,0.15054337453809966,0.13292848162682236,0.16815826744937695,Original cleaned units after median imputation and p1-p99 winsorisation; EBM was fitted on the corresponding standardised values.
int_rate,14.637500000000001,0.3518680965746287,original_cleaned_units,0.15146101529718736,0.1332422165914358,0.1696798140029389,Original cleaned units after median imputation and p1-p99 winsorisation; EBM was fitted on the corresponding standardised values.
int_rate,14.66,0.3570118451072705,original_cleaned_units,0.21528835882245415,0.205019459572032,0.2255572580728763,Original cleaned units after median imputation and p1-p99 winsorisation; EBM was fitted on the corresponding standardised values.
int_rate,14.76,0.37987294969678986,original_cleaned_units,0.21528835882245415,0.205019459572032,0.2255572580728763,Original cleaned units after median imputation and p1-p99 winsorisation; EBM was fitted on the corresponding standardised values.
int_rate,14.855,0.40159099905683343,original_cleaned_units,0.2178799386764153,0.20608499753820964,0.22967487981462098,Original cleaned units after median imputation and p1-p99 winsorisation; EBM was fitted on the corresponding standardised values.
int_rate,14.9175,0.41587918942528324,original_cleaned_units,0.1453732687101834,0.11575931222555609,0.17498722519481072,Original cleaned units after median imputation and p1-p99 winsorisation; EBM was fitted on the corresponding standardised values.
int_rate,14.977500000000001,0.4295958521789949,original_cleaned_units,0.1453732687101834,0.11575931222555609,0.17498722519481072,Original cleaned units after median imputation and p1-p99 winsorisation; EBM was fitted on the corresponding standardised values.
int_rate,14.9925,0.43302501786742276,original_cleaned_units,0.14576840376702893,0.11624025766687557,0.1752965498671823,Original cleaned units after median imputation and p1-p99 winsorisation; EBM was fitted on the corresponding standardised values.
int_rate,15.057500000000001,0.4478847358506104,original_cleaned_units,0.0654086729341212,0.0560489724567447,0.0747683734114977,Original cleaned units after median imputation and p1-p99 winsorisation; EBM was fitted on the corresponding standardised values.
int_rate,15.165000000000001,0.4724604232843439,original_cleaned_units,0.0654086729341212,0.0560489724567447,0.0747683734114977,Original cleaned units after median imputation and p1-p99 winsorisation; EBM was fitted on the corresponding standardised values.
int_rate,15.22,0.4850340308085796,original_cleaned_units,0.0654086729341212,0.0560489724567447,0.0747683734114977,Original cleaned units after median imputation and p1-p99 winsorisation; EBM was fitted on the corresponding standardised values.
int_rate,15.26,0.4941784726443873,original_cleaned_units,0.0654086729341212,0.0560489724567447,0.0747683734114977,Original cleaned units after median imputation and p1-p99 winsorisation; EBM was fitted on the corresponding standardised values.
int_rate,15.3075,0.505037497324409,original_cleaned_units,0.0654086729341212,0.0560489724567447,0.0747683734114977,Original cleaned units after median imputation and p1-p99 winsorisation; EBM was fitted on the corresponding standardised values.
int_rate,15.375,0.5204687429223346,original_cleaned_units,0.07011205085077005,0.06055276959461273,0.07967133210692735,Original cleaned units after median imputation and p1-p99 winsorisation; EBM was fitted on the corresponding standardised values.
int_rate,15.5075,0.5507597065034479,original_cleaned_units,0.0737226857532562,0.06457487683625257,0.08287049467025984,Original cleaned units after median imputation and p1-p99 winsorisation; EBM was fitted on the corresponding standardised values.
int_rate,15.5925,0.5701916454045394,original_cleaned_units,0.07639172070470547,0.06921868081216645,0.08356476059724449,Original cleaned units after median imputation and p1-p99 winsorisation; EBM was fitted on the corresponding standardised values.
int_rate,15.6075,0.5736208110929673,original_cleaned_units,0.07919591202104362,0.07251977544989505,0.08587204859219219,Original cleaned units after median imputation and p1-p99 winsorisation; EBM was fitted on the corresponding standardised values.
int_rate,15.7,0.5947673328382729,original_cleaned_units,0.08113116406315188,0.07532363608387178,0.08693869204243197,Original cleaned units after median imputation and p1-p99 winsorisation; EBM was fitted on the corresponding standardised values.
int_rate,15.795000000000002,0.6164853821983165,original_cleaned_units,0.08222745478317556,0.0774146798940678,0.08704022967228331,Original cleaned units after median imputation and p1-p99 winsorisation; EBM was fitted on the corresponding standardised values.
int_rate,15.83,0.6244867688046483,original_cleaned_units,0.08628704902830626,0.08088513783749673,0.0916889602191158,Original cleaned units after median imputation and p1-p99 winsorisation; EBM was fitted on the corresponding standardised values.
int_rate,15.885,0.6370603763288838,original_cleaned_units,0.08571202697057453,0.07889500977308495,0.09252904416806412,Original cleaned units after median imputation and p1-p99 winsorisation; EBM was fitted on the corresponding standardised values.
int_rate,15.945,0.6507770390825955,original_cleaned_units,0.09060865132584375,0.08257701877276521,0.09864028387892229,Original cleaned units after median imputation and p1-p99 winsorisation; EBM was fitted on the corresponding standardised values.
int_rate,15.985,0.6599214809184034,original_cleaned_units,0.09060865132584375,0.08257701877276521,0.09864028387892229,Original cleaned units after median imputation and p1-p99 winsorisation; EBM was fitted on the corresponding standardised values.
int_rate,16.085,0.6827825855079227,original_cleaned_units,0.09328846503689028,0.08837721765785457,0.098199712415926,Original cleaned units after median imputation and p1-p99 winsorisation; EBM was fitted on the corresponding standardised values.
int_rate,16.197499999999998,0.708501328171132,original_cleaned_units,0.09463864923135305,0.08844279703107277,0.10083450143163333,Original cleaned units after median imputation and p1-p99 winsorisation; EBM was fitted on the corresponding standardised values.
int_rate,16.24,0.7182172976216779,original_cleaned_units,0.09463864923135305,0.08844279703107277,0.10083450143163333,Original cleaned units after median imputation and p1-p99 winsorisation; EBM was fitted on the corresponding standardised values.
int_rate,16.2725,0.7256471566132718,original_cleaned_units,0.09753503841352518,0.09158784537373203,0.10348223145331832,Original cleaned units after median imputation and p1-p99 winsorisation; EBM was fitted on the corresponding standardised values.
int_rate,16.295,0.7307909051459136,original_cleaned_units,0.0980484029238256,0.09207256883039878,0.10402423701725243,Original cleaned units after median imputation and p1-p99 winsorisation; EBM was fitted on the corresponding standardised values.
int_rate,16.39,0.7525089545059571,original_cleaned_units,0.0980484029238256,0.09207256883039878,0.10402423701725243,Original cleaned units after median imputation and p1-p99 winsorisation; EBM was fitted on the corresponding standardised values.
int_rate,16.4975,0.7770846419396904,original_cleaned_units,0.10371566293044647,0.10173736010949655,0.10569396575139639,Original cleaned units after median imputation and p1-p99 winsorisation; EBM was fitted on the corresponding standardised values.
int_rate,16.544999999999998,0.7879436666197122,original_cleaned_units,0.10996906107422186,0.10039062145505764,0.11954750069338607,Original cleaned units after median imputation and p1-p99 winsorisation; EBM was fitted on the corresponding standardised values.
int_rate,16.59,0.7982311636849959,original_cleaned_units,0.11273397135944829,0.10471729085326263,0.12075065186563395,Original cleaned units after median imputation and p1-p99 winsorisation; EBM was fitted on the corresponding standardised values.
int_rate,16.6925,0.8216637958892534,original_cleaned_units,0.11467875035529917,0.10735142663198291,0.12200607407861544,Original cleaned units after median imputation and p1-p99 winsorisation; EBM was fitted on the corresponding standardised values.
int_rate,16.7875,0.8433818452492972,original_cleaned_units,0.11611292597010803,0.10914245107329998,0.12308340086691608,Original cleaned units after median imputation and p1-p99 winsorisation; EBM was fitted on the corresponding standardised values.
int_rate,16.8875,0.8662429498388164,original_cleaned_units,0.11795262250365152,0.11116393660586292,0.12474130840144011,Original cleaned units after median imputation and p1-p99 winsorisation; EBM was fitted on the corresponding standardised values.
int_rate,16.9925,0.8902471096578117,original_cleaned_units,0.12245804595923138,0.11753904384409085,0.1273770480743719,Original cleaned units after median imputation and p1-p99 winsorisation; EBM was fitted on the corresponding standardised values.
int_rate,17.052500000000002,0.9039637724115236,original_cleaned_units,0.12477029166848154,0.12286210206078454,0.12667848127617853,Original cleaned units after median imputation and p1-p99 winsorisation; EBM was fitted on the corresponding standardised values.
int_rate,17.1075,0.9165373799357595,original_cleaned_units,0.1283458647261017,0.12436089431744159,0.13233083513476182,Original cleaned units after median imputation and p1-p99 winsorisation; EBM was fitted on the corresponding standardised values.
int_rate,17.1325,0.9222526560831392,original_cleaned_units,0.12947078520909683,0.12608373361580932,0.13285783680238433,Original cleaned units after median imputation and p1-p99 winsorisation; EBM was fitted on the corresponding standardised values.
int_rate,17.205,0.9388269569105407,original_cleaned_units,0.12947078520909683,0.12608373361580932,0.13285783680238433,Original cleaned units after median imputation and p1-p99 winsorisation; EBM was fitted on the corresponding standardised values.
int_rate,17.285,0.9571158405821563,original_cleaned_units,0.13306394181313846,0.12665913185304312,0.1394687517732338,Original cleaned units after median imputation and p1-p99 winsorisation; EBM was fitted on the corresponding standardised values.
int_rate,17.435,0.9914074974664354,original_cleaned_units,0.13544088109075794,0.13063940150107803,0.14024236068043786,Original cleaned units after median imputation and p1-p99 winsorisation; EBM was fitted on the corresponding standardised values.
int_rate,17.57,1.0222699886622868,original_cleaned_units,0.15326167188137502,0.148552134147433,0.15797120961531702,Original cleaned units after median imputation and p1-p99 winsorisation; EBM was fitted on the corresponding standardised values.
int_rate,17.67,1.0451310932518063,original_cleaned_units,0.15326167188137502,0.148552134147433,0.15797120961531702,Original cleaned units after median imputation and p1-p99 winsorisation; EBM was fitted on the corresponding standardised values.
int_rate,17.7775,1.0697067806855398,original_cleaned_units,0.15326167188137502,0.148552134147433,0.15797120961531702,Original cleaned units after median imputation and p1-p99 winsorisation; EBM was fitted on the corresponding standardised values.
int_rate,17.83,1.0817088605950373,original_cleaned_units,0.15910829135631674,0.15322906973099554,0.16498751298163794,Original cleaned units after median imputation and p1-p99 winsorisation; EBM was fitted on the corresponding standardised values.
int_rate,17.9425,1.1074276032582464,original_cleaned_units,0.16206059594797806,0.15378708618757314,0.17033410570838298,Original cleaned units after median imputation and p1-p99 winsorisation; EBM was fitted on the corresponding standardised values.
int_rate,18.119999999999997,1.1480060639046434,original_cleaned_units,0.15991567535973578,0.15021694311043096,0.1696144076090406,Original cleaned units after median imputation and p1-p99 winsorisation; EBM was fitted on the corresponding standardised values.
int_rate,18.235,1.174296334182591,original_cleaned_units,0.1190798561062953,0.11413937584466119,0.12402033636792942,Original cleaned units after median imputation and p1-p99 winsorisation; EBM was fitted on the corresponding standardised values.
int_rate,18.295,1.188012996936303,original_cleaned_units,0.04218346322887559,0.035913523547381525,0.048453402910369654,Original cleaned units after median imputation and p1-p99 winsorisation; EBM was fitted on the corresponding standardised values.
int_rate,18.4275,1.218303960517416,original_cleaned_units,0.04489198432936909,0.039242156124590005,0.050541812534148176,Original cleaned units after median imputation and p1-p99 winsorisation; EBM was fitted on the corresponding standardised values.
int_rate,18.5275,1.2411650651069355,original_cleaned_units,0.04489198432936909,0.039242156124590005,0.050541812534148176,Original cleaned units after median imputation and p1-p99 winsorisation; EBM was fitted on the corresponding standardised values.
int_rate,18.5625,1.2491664517132675,original_cleaned_units,0.046538692093026565,0.03954283316858523,0.0535345510174679,Original cleaned units after median imputation and p1-p99 winsorisation; EBM was fitted on the corresponding standardised values.
int_rate,18.6575,1.270884501073311,original_cleaned_units,0.025190365362667704,0.016908949109728184,0.033471781615607224,Original cleaned units after median imputation and p1-p99 winsorisation; EBM was fitted on the corresponding standardised values.
int_rate,18.75,1.2920310228186165,original_cleaned_units,0.025520961011846154,0.017338435426238762,0.03370348659745355,Original cleaned units after median imputation and p1-p99 winsorisation; EBM was fitted on the corresponding standardised values.
int_rate,18.79,1.3011754646544242,original_cleaned_units,0.026169094857563423,0.01851581404202343,0.03382237567310342,Original cleaned units after median imputation and p1-p99 winsorisation; EBM was fitted on the corresponding standardised values.
int_rate,18.83,1.310319906490232,original_cleaned_units,0.02712366943722226,0.017830898174094327,0.036416440700350196,Original cleaned units after median imputation and p1-p99 winsorisation; EBM was fitted on the corresponding standardised values.
int_rate,18.880000000000003,1.3217504587849918,original_cleaned_units,0.028058095905849123,0.018985903096901735,0.03713028871479651,Original cleaned units after median imputation and p1-p99 winsorisation; EBM was fitted on the corresponding standardised values.
int_rate,18.935,1.3343240663092273,original_cleaned_units,0.028058095905849123,0.018985903096901735,0.03713028871479651,Original cleaned units after median imputation and p1-p99 winsorisation; EBM was fitted on the corresponding standardised values.
int_rate,18.9825,1.345183090989249,original_cleaned_units,0.030555652526813866,0.020697051280368584,0.04041425377325915,Original cleaned units after median imputation and p1-p99 winsorisation; EBM was fitted on the corresponding standardised values.
int_rate,19.0275,1.3554705880545326,original_cleaned_units,0.030555652526813866,0.020697051280368584,0.04041425377325915,Original cleaned units after median imputation and p1-p99 winsorisation; EBM was fitted on the corresponding standardised values.
int_rate,19.0675,1.3646150298903406,original_cleaned_units,0.032826103131711006,0.020859390764803185,0.044792815498618826,Original cleaned units after median imputation and p1-p99 winsorisation; EBM was fitted on the corresponding standardised values.
int_rate,19.1325,1.3794747478735283,original_cleaned_units,0.032826103131711006,0.020859390764803185,0.044792815498618826,Original cleaned units after median imputation and p1-p99 winsorisation; EBM was fitted on the corresponding standardised values.
int_rate,19.185000000000002,1.391476827783026,original_cleaned_units,0.04009155104343909,0.035056317738518965,0.04512678434835921,Original cleaned units after median imputation and p1-p99 winsorisation; EBM was fitted on the corresponding standardised values.
int_rate,19.2025,1.3954775210861918,original_cleaned_units,0.042872773722455286,0.03778115047578122,0.04796439696912935,Original cleaned units after median imputation and p1-p99 winsorisation; EBM was fitted on the corresponding standardised values.
int_rate,19.22,1.3994782143893576,original_cleaned_units,0.042872773722455286,0.03778115047578122,0.04796439696912935,Original cleaned units after median imputation and p1-p99 winsorisation; EBM was fitted on the corresponding standardised values.
int_rate,19.2475,1.4057650181514754,original_cleaned_units,0.043335088493832184,0.0377784233112891,0.04889175367637527,Original cleaned units after median imputation and p1-p99 winsorisation; EBM was fitted on the corresponding standardised values.
int_rate,19.355,1.4303407055852089,original_cleaned_units,0.044892141313517604,0.03878277483832557,0.05100150778870964,Original cleaned units after median imputation and p1-p99 winsorisation; EBM was fitted on the corresponding standardised values.
int_rate,19.46,1.4543448654042046,original_cleaned_units,0.04711412138034168,0.0396166131640319,0.05461162959665145,Original cleaned units after median imputation and p1-p99 winsorisation; EBM was fitted on the corresponding standardised values.
int_rate,19.4875,1.4606316691663224,original_cleaned_units,0.0538083341927263,0.049262405198333144,0.058354263187119455,Original cleaned units after median imputation and p1-p99 winsorisation; EBM was fitted on the corresponding standardised values.
int_rate,19.5125,1.4663469453137021,original_cleaned_units,0.0538083341927263,0.049262405198333144,0.058354263187119455,Original cleaned units after median imputation and p1-p99 winsorisation; EBM was fitted on the corresponding standardised values.
int_rate,19.615000000000002,1.4897795775179596,original_cleaned_units,0.0538083341927263,0.049262405198333144,0.058354263187119455,Original cleaned units after median imputation and p1-p99 winsorisation; EBM was fitted on the corresponding standardised values.
int_rate,19.7175,1.513212209722217,original_cleaned_units,0.054672261993844805,0.04980586938989799,0.05953865459779162,Original cleaned units after median imputation and p1-p99 winsorisation; EBM was fitted on the corresponding standardised values.
int_rate,19.854999999999997,1.544646228532806,original_cleaned_units,0.06297380750302878,0.04837152363240036,0.0775760913736572,Original cleaned units after median imputation and p1-p99 winsorisation; EBM was fitted on the corresponding standardised values.
int_rate,19.994999999999997,1.5766517749581332,original_cleaned_units,0.06297380750302878,0.04837152363240036,0.0775760913736572,Original cleaned units after median imputation and p1-p99 winsorisation; EBM was fitted on the corresponding standardised values.
int_rate,20.0975,1.6000844071623912,original_cleaned_units,0.03649033260286432,0.004353377515490586,0.06862728769023806,Original cleaned units after median imputation and p1-p99 winsorisation; EBM was fitted on the corresponding standardised values.
int_rate,20.205,1.6246600945961245,original_cleaned_units,-0.03423598587547816,-0.04919710011901669,-0.019274871631939625,Original cleaned units after median imputation and p1-p99 winsorisation; EBM was fitted on the corresponding standardised values.
int_rate,20.355,1.6589517514804035,original_cleaned_units,-0.030836573923331854,-0.0458992080670002,-0.015773939779663508,Original cleaned units after median imputation and p1-p99 winsorisation; EBM was fitted on the corresponding standardised values.
int_rate,20.49,1.6898142426762548,original_cleaned_units,-0.030836573923331854,-0.0458992080670002,-0.015773939779663508,Original cleaned units after median imputation and p1-p99 winsorisation; EBM was fitted on the corresponding standardised values.
int_rate,20.502499999999998,1.6926718807499448,original_cleaned_units,-0.030836573923331854,-0.0458992080670002,-0.015773939779663508,Original cleaned units after median imputation and p1-p99 winsorisation; EBM was fitted on the corresponding standardised values.
int_rate,20.7275,1.7441093660763634,original_cleaned_units,-0.027288979692135697,-0.044676637017254925,-0.00990132236701647,Original cleaned units after median imputation and p1-p99 winsorisation; EBM was fitted on the corresponding standardised values.
int_rate,20.97,1.799547544705948,original_cleaned_units,-0.019826022642701398,-0.03317060157078595,-0.00648144371461685,Original cleaned units after median imputation and p1-p99 winsorisation; EBM was fitted on the corresponding standardised values.
int_rate,21.0325,1.8138357350743979,original_cleaned_units,-0.16615324029571527,-0.20672264332252147,-0.12558383726890907,Original cleaned units after median imputation and p1-p99 winsorisation; EBM was fitted on the corresponding standardised values.
int_rate,21.1175,1.8332676739754894,original_cleaned_units,-0.16459333193238537,-0.2046006915040048,-0.12458597236076593,Original cleaned units after median imputation and p1-p99 winsorisation; EBM was fitted on the corresponding standardised values.
int_rate,21.18,1.847555864343939,original_cleaned_units,-0.16431541566949226,-0.20424100359084477,-0.12438982774813975,Original cleaned units after median imputation and p1-p99 winsorisation; EBM was fitted on the corresponding standardised values.
int_rate,21.34,1.8841336316871704,original_cleaned_units,-0.16256793662447497,-0.20205789097815752,-0.12307798227079242,Original cleaned units after median imputation and p1-p99 winsorisation; EBM was fitted on the corresponding standardised values.
int_rate,21.5125,1.9235690371040912,original_cleaned_units,-0.16256793662447497,-0.20205789097815752,-0.12307798227079242,Original cleaned units after median imputation and p1-p99 winsorisation; EBM was fitted on the corresponding standardised values.
int_rate,21.5975,1.943000976005183,original_cleaned_units,-0.16214233429098823,-0.20204796598950492,-0.12223670259247156,Original cleaned units after median imputation and p1-p99 winsorisation; EBM was fitted on the corresponding standardised values.
int_rate,21.67,1.9595752768325847,original_cleaned_units,-0.12647750035492927,-0.13532614988136746,-0.11762885082849109,Original cleaned units after median imputation and p1-p99 winsorisation; EBM was fitted on the corresponding standardised values.
int_rate,21.83,1.9961530441758155,original_cleaned_units,-0.12459838057927247,-0.1335667487116773,-0.11563001244686762,Original cleaned units after median imputation and p1-p99 winsorisation; EBM was fitted on the corresponding standardised values.
int_rate,21.979999999999997,2.0304447010600946,original_cleaned_units,-0.11969080967380806,-0.13286736486458706,-0.10651425448302906,Original cleaned units after median imputation and p1-p99 winsorisation; EBM was fitted on the corresponding standardised values.
int_rate,22.005,2.0361599772074745,original_cleaned_units,-0.04694238782194214,-0.07663721224591157,-0.017247563397972718,Original cleaned units after median imputation and p1-p99 winsorisation; EBM was fitted on the corresponding standardised values.
int_rate,22.1,2.057878026567518,original_cleaned_units,-0.04449656333841945,-0.07241093738602065,-0.016582189290818245,Original cleaned units after median imputation and p1-p99 winsorisation; EBM was fitted on the corresponding standardised values.
int_rate,22.299999999999997,2.1036002357465566,original_cleaned_units,-0.04215997190796822,-0.07127316118180602,-0.013046782634130425,Original cleaned units after median imputation and p1-p99 winsorisation; EBM was fitted on the corresponding standardised values.
int_rate,22.4425,2.136177309786622,original_cleaned_units,-0.041304927820237286,-0.07098290269667762,-0.011626952943796957,Original cleaned units after median imputation and p1-p99 winsorisation; EBM was fitted on the corresponding standardised values.
int_rate,22.564999999999998,2.1641821629087836,original_cleaned_units,-0.03951752995199964,-0.06611951630103322,-0.012915543602966074,Original cleaned units after median imputation and p1-p99 winsorisation; EBM was fitted on the corresponding standardised values.
int_rate,22.7975,2.217334231079416,original_cleaned_units,-0.03517631537443014,-0.05767517268378261,-0.012677458065077665,Original cleaned units after median imputation and p1-p99 winsorisation; EBM was fitted on the corresponding standardised values.
int_rate,22.947499999999998,2.2516258879636952,original_cleaned_units,-0.03517631537443014,-0.05767517268378261,-0.012677458065077665,Original cleaned units after median imputation and p1-p99 winsorisation; EBM was fitted on the corresponding standardised values.
int_rate,23.0075,2.265342550717407,original_cleaned_units,0.029521681003372276,-0.0017384220655115995,0.06078178407225615,Original cleaned units after median imputation and p1-p99 winsorisation; EBM was fitted on the corresponding standardised values.
int_rate,23.1575,2.2996342076016867,original_cleaned_units,0.005504198972581024,-0.015159667530265063,0.02616806547542711,Original cleaned units after median imputation and p1-p99 winsorisation; EBM was fitted on the corresponding standardised values.
int_rate,23.3425,2.3419272510922973,original_cleaned_units,-0.09914647403724056,-0.1333499054927249,-0.0649430425817562,Original cleaned units after median imputation and p1-p99 winsorisation; EBM was fitted on the corresponding standardised values.
int_rate,23.439999999999998,2.364216828067079,original_cleaned_units,-0.0986372715196413,-0.1332721618161462,-0.0640023812231364,Original cleaned units after median imputation and p1-p99 winsorisation; EBM was fitted on the corresponding standardised values.
int_rate,23.564999999999998,2.3927932088039783,original_cleaned_units,-0.09949021995939429,-0.13170166299527786,-0.06727877692351072,Original cleaned units after median imputation and p1-p99 winsorisation; EBM was fitted on the corresponding standardised values.
int_rate,23.6975,2.4230841723850918,original_cleaned_units,-0.09949021995939429,-0.13170166299527786,-0.06727877692351072,Original cleaned units after median imputation and p1-p99 winsorisation; EBM was fitted on the corresponding standardised values.
int_rate,23.84,2.455661246425157,original_cleaned_units,-0.09755949318243991,-0.13095260589082522,-0.0641663804740546,Original cleaned units after median imputation and p1-p99 winsorisation; EBM was fitted on the corresponding standardised values.
int_rate,23.9925,2.4905244309241734,original_cleaned_units,0.037853227943202436,-0.0027015322280639076,0.07840798811446878,Original cleaned units after median imputation and p1-p99 winsorisation; EBM was fitted on the corresponding standardised values.
int_rate,24.064999999999998,2.507098731751575,original_cleaned_units,0.021769874735791853,0.006460820503769903,0.0370789289678138,Original cleaned units after median imputation and p1-p99 winsorisation; EBM was fitted on the corresponding standardised values.
int_rate,24.2725,2.5545355237748284,original_cleaned_units,0.026020974643987872,0.014765691475562745,0.037276257812413,Original cleaned units after median imputation and p1-p99 winsorisation; EBM was fitted on the corresponding standardised values.
int_rate,24.479999999999997,2.601972315798081,original_cleaned_units,0.026020974643987872,0.014765691475562745,0.037276257812413,Original cleaned units after median imputation and p1-p99 winsorisation; EBM was fitted on the corresponding standardised values.
int_rate,24.685,2.648837580206596,original_cleaned_units,0.04813681560912257,0.02200333308955124,0.0742702981286939,Original cleaned units after median imputation and p1-p99 winsorisation; EBM was fitted on the corresponding standardised values.
int_rate,24.875,2.692273678926683,original_cleaned_units,0.11018417541770761,0.09300148697136548,0.12736686386404975,Original cleaned units after median imputation and p1-p99 winsorisation; EBM was fitted on the corresponding standardised values.
