feature,original_feature_value,preprocessed_feature_value,ebm_contribution_log_odds,lower_bound,upper_bound,transformation_note
int_rate,5.345000000000001,-1.6819094213041006,-0.5746601916225833,-0.6264562151577774,-0.5228641680873892,Original cleaned units after median imputation and p1-p99 winsorisation; EBM was fitted on the corresponding standardised values.
int_rate,5.615,-1.6242103718364533,-0.6119361277888954,-0.6430918257903849,-0.5807804297874058,Original cleaned units after median imputation and p1-p99 winsorisation; EBM was fitted on the corresponding standardised values.
int_rate,5.9375,-1.5552920627500968,-0.6119361277888954,-0.6430918257903849,-0.5807804297874058,Original cleaned units after median imputation and p1-p99 winsorisation; EBM was fitted on the corresponding standardised values.
int_rate,6.0325,-1.5349905453448134,-0.6027915416132268,-0.6300981400373808,-0.5754849431890727,Original cleaned units after median imputation and p1-p99 winsorisation; EBM was fitted on the corresponding standardised values.
int_rate,6.1325,-1.5136205270234624,-0.5848173106468608,-0.6148323022374615,-0.5548023190562601,Original cleaned units after median imputation and p1-p99 winsorisation; EBM was fitted on the corresponding standardised values.
int_rate,6.265000000000001,-1.4853052527476724,-0.5805037102702746,-0.6037346353593547,-0.5572727851811945,Original cleaned units after median imputation and p1-p99 winsorisation; EBM was fitted on the corresponding standardised values.
int_rate,6.395,-1.4575242289299164,-0.5729033391543994,-0.5861270840930758,-0.559679594215723,Original cleaned units after median imputation and p1-p99 winsorisation; EBM was fitted on the corresponding standardised values.
int_rate,6.495,-1.4361542106085654,-0.25649475329314003,-0.2955287617795856,-0.2174607448066945,Original cleaned units after median imputation and p1-p99 winsorisation; EBM was fitted on the corresponding standardised values.
int_rate,6.58,-1.4179896950354172,-0.25151748731860324,-0.2924668408564215,-0.210568133780785,Original cleaned units after median imputation and p1-p99 winsorisation; EBM was fitted on the corresponding standardised values.
int_rate,6.66,-1.4008936803783365,-0.25151748731860324,-0.2924668408564215,-0.210568133780785,Original cleaned units after median imputation and p1-p99 winsorisation; EBM was fitted on the corresponding standardised values.
int_rate,6.685,-1.3955511757979988,-0.249561805490573,-0.28942198003266817,-0.20970163094847785,Original cleaned units after median imputation and p1-p99 winsorisation; EBM was fitted on the corresponding standardised values.
int_rate,6.7775,-1.3757839088507493,-0.2463800185141971,-0.28230922556834565,-0.21045081146004857,Original cleaned units after median imputation and p1-p99 winsorisation; EBM was fitted on the corresponding standardised values.
int_rate,6.88,-1.3538796400713646,-0.24128235940789916,-0.27673583413427527,-0.20582888468152305,Original cleaned units after median imputation and p1-p99 winsorisation; EBM was fitted on the corresponding standardised values.
int_rate,6.907499999999999,-1.3480028850329933,-0.2396323188860185,-0.2761560067078979,-0.20310863106413907,Original cleaned units after median imputation and p1-p99 winsorisation; EBM was fitted on the corresponding standardised values.
int_rate,6.930000000000001,-1.343194630910689,-0.16280360964154966,-0.19250385651820945,-0.13310336276488988,Original cleaned units after median imputation and p1-p99 winsorisation; EBM was fitted on the corresponding standardised values.
int_rate,6.9625,-1.33624937495625,-0.16280360964154966,-0.19250385651820945,-0.13310336276488988,Original cleaned units after median imputation and p1-p99 winsorisation; EBM was fitted on the corresponding standardised values.
int_rate,6.9925,-1.3298383694598448,-0.16110598436269907,-0.1888254726836742,-0.13338649604172395,Original cleaned units after median imputation and p1-p99 winsorisation; EBM was fitted on the corresponding standardised values.
int_rate,7.050000000000001,-1.317550608925068,-0.15221439838784742,-0.17837505105847462,-0.12605374571722022,Original cleaned units after median imputation and p1-p99 winsorisation; EBM was fitted on the corresponding standardised values.
int_rate,7.112499999999999,-1.304194347474224,-0.14367241457152016,-0.16791804179493575,-0.11942678734810458,Original cleaned units after median imputation and p1-p99 winsorisation; EBM was fitted on the corresponding standardised values.
int_rate,7.1525,-1.2956463401456835,-0.1387678270849234,-0.16660341217305527,-0.11093224199679155,Original cleaned units after median imputation and p1-p99 winsorisation; EBM was fitted on the corresponding standardised values.
int_rate,7.199999999999999,-1.2854955814430418,-0.13197023252972262,-0.16845510893980128,-0.09548535611964395,Original cleaned units after median imputation and p1-p99 winsorisation; EBM was fitted on the corresponding standardised values.
int_rate,7.2375,-1.2774818245725352,-0.11853021671097079,-0.1517948751627334,-0.08526555825920817,Original cleaned units after median imputation and p1-p99 winsorisation; EBM was fitted on the corresponding standardised values.
int_rate,7.262499999999999,-1.2721393199921975,-0.11853021671097079,-0.1517948751627334,-0.08526555825920817,Original cleaned units after median imputation and p1-p99 winsorisation; EBM was fitted on the corresponding standardised values.
int_rate,7.31,-1.2619885612895558,-0.11170453062655875,-0.14713578159978197,-0.07627327965333554,Original cleaned units after median imputation and p1-p99 winsorisation; EBM was fitted on the corresponding standardised values.
int_rate,7.3625,-1.2507693016708465,-0.0969395670503277,-0.14863266064004943,-0.04524647346060598,Original cleaned units after median imputation and p1-p99 winsorisation; EBM was fitted on the corresponding standardised values.
int_rate,7.4125,-1.2400842925101712,-0.094803622067511,-0.1499219013617074,-0.0396853427733146,Original cleaned units after median imputation and p1-p99 winsorisation; EBM was fitted on the corresponding standardised values.
int_rate,7.472499999999999,-1.2272622815173606,-0.14008302884086044,-0.17643232698104558,-0.10373373070067529,Original cleaned units after median imputation and p1-p99 winsorisation; EBM was fitted on the corresponding standardised values.
int_rate,7.5525,-1.2101662668602797,-0.13746106339379882,-0.16969035321650933,-0.10523177357108833,Original cleaned units after median imputation and p1-p99 winsorisation; EBM was fitted on the corresponding standardised values.
int_rate,7.6225000000000005,-1.195207254035334,-0.13581960986484518,-0.1689401675020739,-0.10269905222761645,Original cleaned units after median imputation and p1-p99 winsorisation; EBM was fitted on the corresponding standardised values.
int_rate,7.6625000000000005,-1.1866592467067938,-0.1291381409719024,-0.16418529316737285,-0.09409098877643196,Original cleaned units after median imputation and p1-p99 winsorisation; EBM was fitted on the corresponding standardised values.
int_rate,7.7,-1.1786454898362873,-0.1291381409719024,-0.16418529316737285,-0.09409098877643196,Original cleaned units after median imputation and p1-p99 winsorisation; EBM was fitted on the corresponding standardised values.
int_rate,7.800000000000001,-1.1572754715149363,-0.1291381409719024,-0.16418529316737285,-0.09409098877643196,Original cleaned units after median imputation and p1-p99 winsorisation; EBM was fitted on the corresponding standardised values.
int_rate,7.890000000000001,-1.1380424550257204,-0.06347430240135991,-0.08606323009006842,-0.04088537471265141,Original cleaned units after median imputation and p1-p99 winsorisation; EBM was fitted on the corresponding standardised values.
int_rate,7.900000000000001,-1.1359054531935853,-0.06347430240135991,-0.08606323009006842,-0.04088537471265141,Original cleaned units after median imputation and p1-p99 winsorisation; EBM was fitted on the corresponding standardised values.
int_rate,7.935,-1.1284259467811126,0.0781630168272338,0.0503944269414793,0.10593160671298829,Original cleaned units after median imputation and p1-p99 winsorisation; EBM was fitted on the corresponding standardised values.
int_rate,7.972500000000001,-1.1204121899106059,0.08210967138399453,0.055278353546634205,0.10894098922135484,Original cleaned units after median imputation and p1-p99 winsorisation; EBM was fitted on the corresponding standardised values.
int_rate,8.0275,-1.108658679833863,0.08210967138399453,0.055278353546634205,0.10894098922135484,Original cleaned units after median imputation and p1-p99 winsorisation; EBM was fitted on the corresponding standardised values.
int_rate,8.129999999999999,-1.0867544110544785,-0.08714213940579557,-0.10765891427857391,-0.06662536453301723,Original cleaned units after median imputation and p1-p99 winsorisation; EBM was fitted on the corresponding standardised values.
int_rate,8.2,-1.0717953982295327,-0.07333122161810383,-0.08449311151828211,-0.06216933171792556,Original cleaned units after median imputation and p1-p99 winsorisation; EBM was fitted on the corresponding standardised values.
int_rate,8.282499999999999,-1.0541651331144184,-0.06429677821696404,-0.07349037879303717,-0.05510317764089091,Original cleaned units after median imputation and p1-p99 winsorisation; EBM was fitted on the corresponding standardised values.
int_rate,8.3875,-1.0317266138769998,-0.06123436913134947,-0.06677909356030012,-0.055689644702398816,Original cleaned units after median imputation and p1-p99 winsorisation; EBM was fitted on the corresponding standardised values.
int_rate,8.450000000000001,-1.0183703524261554,-0.0748846721271212,-0.09901348612602312,-0.050755858128219276,Original cleaned units after median imputation and p1-p99 winsorisation; EBM was fitted on the corresponding standardised values.
int_rate,8.5075,-1.0060825918913787,-0.0748846721271212,-0.09901348612602312,-0.050755858128219276,Original cleaned units after median imputation and p1-p99 winsorisation; EBM was fitted on the corresponding standardised values.
int_rate,8.594999999999999,-0.9873838258601968,-0.07273533713281471,-0.09824075324481764,-0.04722992102081179,Original cleaned units after median imputation and p1-p99 winsorisation; EBM was fitted on the corresponding standardised values.
int_rate,8.6675,-0.9718905625772174,-0.07630996756155647,-0.09651725748289201,-0.056102677640220935,Original cleaned units after median imputation and p1-p99 winsorisation; EBM was fitted on the corresponding standardised values.
int_rate,8.7875,-0.9462465405915963,-0.0711213517659437,-0.08664838193276257,-0.05559432159912482,Original cleaned units after median imputation and p1-p99 winsorisation; EBM was fitted on the corresponding standardised values.
int_rate,8.905000000000001,-0.9211367690640089,-0.06799355790001528,-0.08312377634366971,-0.05286333945636085,Original cleaned units after median imputation and p1-p99 winsorisation; EBM was fitted on the corresponding standardised values.
int_rate,8.942499999999999,-0.9131230121935024,-0.06416648582926474,-0.07524574446048149,-0.05308722719804798,Original cleaned units after median imputation and p1-p99 winsorisation; EBM was fitted on the corresponding standardised values.
int_rate,9.04,-0.8922872443301852,-0.06328674905962789,-0.0738112872918436,-0.052762210827412184,Original cleaned units after median imputation and p1-p99 winsorisation; EBM was fitted on the corresponding standardised values.
int_rate,9.14,-0.8709172260088344,-0.06660231402156126,-0.0768022599460895,-0.05640236809703302,Original cleaned units after median imputation and p1-p99 winsorisation; EBM was fitted on the corresponding standardised values.
int_rate,9.175,-0.8634377195963616,-0.11484493556350828,-0.12839514038164804,-0.10129473074536853,Original cleaned units after median imputation and p1-p99 winsorisation; EBM was fitted on the corresponding standardised values.
int_rate,9.309999999999999,-0.834588194862538,-0.11484493556350828,-0.12839514038164804,-0.10129473074536853,Original cleaned units after median imputation and p1-p99 winsorisation; EBM was fitted on the corresponding standardised values.
int_rate,9.4525,-0.8041359187546129,-0.07188157086689573,-0.08807444634438721,-0.055688695389404234,Original cleaned units after median imputation and p1-p99 winsorisation; EBM was fitted on the corresponding standardised values.
int_rate,9.535,-0.7865056536394984,-0.07188157086689573,-0.08807444634438721,-0.055688695389404234,Original cleaned units after median imputation and p1-p99 winsorisation; EBM was fitted on the corresponding standardised values.
int_rate,9.6425,-0.7635328839440463,-0.0665665188033117,-0.08704038702141059,-0.04609265058521281,Original cleaned units after median imputation and p1-p99 winsorisation; EBM was fitted on the corresponding standardised values.
int_rate,9.7075,-0.7496423720351681,-0.0665665188033117,-0.08704038702141059,-0.04609265058521281,Original cleaned units after median imputation and p1-p99 winsorisation; EBM was fitted on the corresponding standardised values.
int_rate,9.7425,-0.7421628656226953,0.01741023093357991,0.00772655838029169,0.02709390348686813,Original cleaned units after median imputation and p1-p99 winsorisation; EBM was fitted on the corresponding standardised values.
int_rate,9.7675,-0.7368203610423576,0.0207133867452564,0.006929384682226106,0.03449738880828669,Original cleaned units after median imputation and p1-p99 winsorisation; EBM was fitted on the corresponding standardised values.
int_rate,9.7975,-0.7304093555459522,-0.06333601634565264,-0.09050787439065289,-0.036164158300652394,Original cleaned units after median imputation and p1-p99 winsorisation; EBM was fitted on the corresponding standardised values.
int_rate,9.87,-0.7149160922629729,-0.060061458189415745,-0.08573411853775531,-0.03438879784107618,Original cleaned units after median imputation and p1-p99 winsorisation; EBM was fitted on the corresponding standardised values.
int_rate,9.95,-0.6978200776058922,-0.055443371190529125,-0.07811623144104551,-0.03277051094001274,Original cleaned units after median imputation and p1-p99 winsorisation; EBM was fitted on the corresponding standardised values.
int_rate,10.025,-0.681792563864879,-0.08743505137949871,-0.09352693430139306,-0.08134316845760436,Original cleaned units after median imputation and p1-p99 winsorisation; EBM was fitted on the corresponding standardised values.
int_rate,10.115,-0.6625595473756631,-0.08664113554605524,-0.09228845712745035,-0.08099381396466013,Original cleaned units after median imputation and p1-p99 winsorisation; EBM was fitted on the corresponding standardised values.
int_rate,10.1675,-0.651340287756954,-0.08664113554605524,-0.09228845712745035,-0.08099381396466013,Original cleaned units after median imputation and p1-p99 winsorisation; EBM was fitted on the corresponding standardised values.
int_rate,10.2975,-0.6235592639391979,0.1350444320844328,0.11777965140893411,0.15230921275993145,Original cleaned units after median imputation and p1-p99 winsorisation; EBM was fitted on the corresponding standardised values.
int_rate,10.44,-0.5931069878312728,0.13790803896130463,0.12357540066170743,0.15224067726090185,Original cleaned units after median imputation and p1-p99 winsorisation; EBM was fitted on the corresponding standardised values.
int_rate,10.4825,-0.5840247300446986,0.14040236047622498,0.12609453967482934,0.15471018127762062,Original cleaned units after median imputation and p1-p99 winsorisation; EBM was fitted on the corresponding standardised values.
int_rate,10.565,-0.5663944649295842,0.14040236047622498,0.12609453967482934,0.15471018127762062,Original cleaned units after median imputation and p1-p99 winsorisation; EBM was fitted on the corresponding standardised values.
int_rate,10.6375,-0.5509012016466047,0.1680415210324955,0.1517515299780673,0.18433151208692372,Original cleaned units after median imputation and p1-p99 winsorisation; EBM was fitted on the corresponding standardised values.
int_rate,10.695,-0.538613441111828,0.17376651434024898,0.15968656213400978,0.18784646654648818,Original cleaned units after median imputation and p1-p99 winsorisation; EBM was fitted on the corresponding standardised values.
int_rate,10.754999999999999,-0.5257914301190175,0.17376651434024898,0.15968656213400978,0.18784646654648818,Original cleaned units after median imputation and p1-p99 winsorisation; EBM was fitted on the corresponding standardised values.
int_rate,10.785,-0.5193804246226124,0.17594820071426742,0.16386024247718195,0.1880361589513529,Original cleaned units after median imputation and p1-p99 winsorisation; EBM was fitted on the corresponding standardised values.
int_rate,10.855,-0.5044214117976666,0.17594820071426742,0.16386024247718195,0.1880361589513529,Original cleaned units after median imputation and p1-p99 winsorisation; EBM was fitted on the corresponding standardised values.
int_rate,10.93,-0.4883938980566534,0.17799126264632287,0.16569685357142752,0.1902856717212182,Original cleaned units after median imputation and p1-p99 winsorisation; EBM was fitted on the corresponding standardised values.
int_rate,11.015,-0.47022938248350515,0.03231290592269882,0.02030597762292414,0.04431983422247351,Original cleaned units after median imputation and p1-p99 winsorisation; EBM was fitted on the corresponding standardised values.
int_rate,11.127500000000001,-0.44618811187198537,0.03329083743937143,0.02252501174250144,0.044056663136241424,Original cleaned units after median imputation and p1-p99 winsorisation; EBM was fitted on the corresponding standardised values.
int_rate,11.2775,-0.414133084389959,0.19585303310054542,0.17984563026861727,0.21186043593247356,Original cleaned units after median imputation and p1-p99 winsorisation; EBM was fitted on the corresponding standardised values.
int_rate,11.4,-0.38795481194630427,0.1971171881644667,0.18318930744248138,0.211045068886452,Original cleaned units after median imputation and p1-p99 winsorisation; EBM was fitted on the corresponding standardised values.
int_rate,11.4375,-0.3799410550757977,0.20085274486721297,0.18530986381699344,0.2163956259174325,Original cleaned units after median imputation and p1-p99 winsorisation; EBM was fitted on the corresponding standardised values.
int_rate,11.4625,-0.37459855049545987,0.20719368266912114,0.1878968761158541,0.22649048922238818,Original cleaned units after median imputation and p1-p99 winsorisation; EBM was fitted on the corresponding standardised values.
int_rate,11.48,-0.37085879728922344,0.23811275694786882,0.2131882518075659,0.26303726208817174,Original cleaned units after median imputation and p1-p99 winsorisation; EBM was fitted on the corresponding standardised values.
int_rate,11.4975,-0.3671190440829871,0.28782413527434747,0.2740793543733437,0.30156891617535125,Original cleaned units after median imputation and p1-p99 winsorisation; EBM was fitted on the corresponding standardised values.
int_rate,11.522499999999999,-0.3617765395026495,0.007780618093130655,-0.002256611471864332,0.017817847658125642,Original cleaned units after median imputation and p1-p99 winsorisation; EBM was fitted on the corresponding standardised values.
int_rate,11.6,-0.34521477530360256,0.009094234568460372,-0.00235674556171017,0.020545214698630916,Original cleaned units after median imputation and p1-p99 winsorisation; EBM was fitted on the corresponding standardised values.
int_rate,11.6775,-0.32865301110455547,0.009489468563568583,-0.0014095044374624072,0.020388441564599576,Original cleaned units after median imputation and p1-p99 winsorisation; EBM was fitted on the corresponding standardised values.
int_rate,11.8375,-0.29446098179039404,0.01117324598056235,-0.0013328113495563194,0.02367930331068102,Original cleaned units after median imputation and p1-p99 winsorisation; EBM was fitted on the corresponding standardised values.
int_rate,12.0,-0.25973470201819887,0.01117324598056235,-0.0013328113495563194,0.02367930331068102,Original cleaned units after median imputation and p1-p99 winsorisation; EBM was fitted on the corresponding standardised values.
int_rate,12.059999999999999,-0.24691269102538843,0.009518024687410247,-0.002339083949706059,0.021375133324526552,Original cleaned units after median imputation and p1-p99 winsorisation; EBM was fitted on the corresponding standardised values.
int_rate,12.14,-0.22981667636830772,-0.03366113256978927,-0.05452517140319339,-0.012797093736385146,Original cleaned units after median imputation and p1-p99 winsorisation; EBM was fitted on the corresponding standardised values.
int_rate,12.2475,-0.20684390667285552,-0.03600083291198736,-0.053682101734514195,-0.018319564089460515,Original cleaned units after median imputation and p1-p99 winsorisation; EBM was fitted on the corresponding standardised values.
int_rate,12.3475,-0.1854738883515046,-0.03546528163433377,-0.05360641886403244,-0.017324144404635096,Original cleaned units after median imputation and p1-p99 winsorisation; EBM was fitted on the corresponding standardised values.
int_rate,12.387500000000001,-0.17692588102296414,-0.027926078900276246,-0.04417241211167057,-0.011679745688881919,Original cleaned units after median imputation and p1-p99 winsorisation; EBM was fitted on the corresponding standardised values.
int_rate,12.4275,-0.16837787369442378,-0.021789752796277324,-0.0320209494136174,-0.011558556178937255,Original cleaned units after median imputation and p1-p99 winsorisation; EBM was fitted on the corresponding standardised values.
int_rate,12.4825,-0.15662436361768087,-0.021351465918314952,-0.031717370096328704,-0.010985561740301197,Original cleaned units after median imputation and p1-p99 winsorisation; EBM was fitted on the corresponding standardised values.
int_rate,12.555,-0.14113110033470153,-0.020436517198137445,-0.03125115096146015,-0.00962188343481474,Original cleaned units after median imputation and p1-p99 winsorisation; EBM was fitted on the corresponding standardised values.
int_rate,12.6075,-0.12991184071599235,0.006132492568642953,-0.007389319742575443,0.019654304879861348,Original cleaned units after median imputation and p1-p99 winsorisation; EBM was fitted on the corresponding standardised values.
int_rate,12.645,-0.12189808384548574,0.00815841442404882,-0.007849161073538048,0.024165989921635687,Original cleaned units after median imputation and p1-p99 winsorisation; EBM was fitted on the corresponding standardised values.
int_rate,12.7,-0.11014457376874262,0.00815841442404882,-0.007849161073538048,0.024165989921635687,Original cleaned units after median imputation and p1-p99 winsorisation; EBM was fitted on the corresponding standardised values.
int_rate,12.745000000000001,-0.10052806552413474,0.008923404053709571,-0.006271432432875751,0.02411824054029489,Original cleaned units after median imputation and p1-p99 winsorisation; EBM was fitted on the corresponding standardised values.
int_rate,12.78,-0.09304855911166199,0.008923404053709571,-0.006271432432875751,0.02411824054029489,Original cleaned units after median imputation and p1-p99 winsorisation; EBM was fitted on the corresponding standardised values.
int_rate,12.835,-0.08129504903491896,-0.02476777258148464,-0.0324877313162571,-0.017047813846712175,Original cleaned units after median imputation and p1-p99 winsorisation; EBM was fitted on the corresponding standardised values.
int_rate,12.93,-0.06099353162963558,-0.02476777258148464,-0.0324877313162571,-0.017047813846712175,Original cleaned units after median imputation and p1-p99 winsorisation; EBM was fitted on the corresponding standardised values.
int_rate,13.0,-0.04603451880468999,-0.021564673114643697,-0.0337168383611444,-0.009412507868142996,Original cleaned units after median imputation and p1-p99 winsorisation; EBM was fitted on the corresponding standardised values.
int_rate,13.05,-0.03534950964401458,-0.018987033858413545,-0.029924928185288434,-0.008049139531538657,Original cleaned units after median imputation and p1-p99 winsorisation; EBM was fitted on the corresponding standardised values.
int_rate,13.1,-0.02466450048333917,-0.01799642025177401,-0.029266682705977987,-0.0067261577975700326,Original cleaned units after median imputation and p1-p99 winsorisation; EBM was fitted on the corresponding standardised values.
int_rate,13.157499999999999,-0.012376739948562386,-0.015519476583756481,-0.027851754792946368,-0.003187198374566595,Original cleaned units after median imputation and p1-p99 winsorisation; EBM was fitted on the corresponding standardised values.
int_rate,13.2575,0.008993278372788618,-0.015519476583756481,-0.027851754792946368,-0.003187198374566595,Original cleaned units after median imputation and p1-p99 winsorisation; EBM was fitted on the corresponding standardised values.
int_rate,13.3275,0.023952291197734208,-0.015519476583756481,-0.027851754792946368,-0.003187198374566595,Original cleaned units after median imputation and p1-p99 winsorisation; EBM was fitted on the corresponding standardised values.
int_rate,13.3475,0.028226294862004293,-0.015519476583756481,-0.027851754792946368,-0.003187198374566595,Original cleaned units after median imputation and p1-p99 winsorisation; EBM was fitted on the corresponding standardised values.
int_rate,13.42,0.04371955814498374,-0.00567053306644962,-0.018859955884499232,0.007518889751599991,Original cleaned units after median imputation and p1-p99 winsorisation; EBM was fitted on the corresponding standardised values.
int_rate,13.4975,0.060281322344030705,0.07562981311963643,0.06720642536420272,0.08405320087507014,Original cleaned units after median imputation and p1-p99 winsorisation; EBM was fitted on the corresponding standardised values.
int_rate,13.525,0.06615807738240218,0.0787943926118323,0.06829798838476794,0.08929079683889665,Original cleaned units after median imputation and p1-p99 winsorisation; EBM was fitted on the corresponding standardised values.
int_rate,13.5625,0.07417183425290878,0.07460534526655488,0.06872471953499758,0.08048597099811218,Original cleaned units after median imputation and p1-p99 winsorisation; EBM was fitted on the corresponding standardised values.
int_rate,13.5925,0.080582839749314,0.07506367639197403,0.06888468620942584,0.08124266657452223,Original cleaned units after median imputation and p1-p99 winsorisation; EBM was fitted on the corresponding standardised values.
int_rate,13.6275,0.08806234616178685,0.06564725097027227,0.06133477556751221,0.06995972637303233,Original cleaned units after median imputation and p1-p99 winsorisation; EBM was fitted on the corresponding standardised values.
int_rate,13.66,0.09500760211622593,0.067325554456302,0.06065485476766827,0.07399625414493574,Original cleaned units after median imputation and p1-p99 winsorisation; EBM was fitted on the corresponding standardised values.
int_rate,13.67,0.09714460394836097,0.067325554456302,0.06065485476766827,0.07399625414493574,Original cleaned units after median imputation and p1-p99 winsorisation; EBM was fitted on the corresponding standardised values.
int_rate,13.815,0.1281311305143198,0.0344380443051569,0.002719933050196202,0.0661561555601176,Original cleaned units after median imputation and p1-p99 winsorisation; EBM was fitted on the corresponding standardised values.
int_rate,13.97,0.1612546589124137,0.0344380443051569,0.002719933050196202,0.0661561555601176,Original cleaned units after median imputation and p1-p99 winsorisation; EBM was fitted on the corresponding standardised values.
int_rate,14.0175,0.17140541761505534,0.10728121000169866,0.09666028814760247,0.11790213185579485,Original cleaned units after median imputation and p1-p99 winsorisation; EBM was fitted on the corresponding standardised values.
int_rate,14.067499999999999,0.18209042677573073,0.10983760450939717,0.1027477559920211,0.11692745302677324,Original cleaned units after median imputation and p1-p99 winsorisation; EBM was fitted on the corresponding standardised values.
int_rate,14.0925,0.18743293135606845,0.09912666802976454,0.07516169535069883,0.12309164070883025,Original cleaned units after median imputation and p1-p99 winsorisation; EBM was fitted on the corresponding standardised values.
int_rate,14.1325,0.1959809386846088,0.0018992468049619342,-0.027796409503734736,0.031594903113658604,Original cleaned units after median imputation and p1-p99 winsorisation; EBM was fitted on the corresponding standardised values.
int_rate,14.225,0.21574820563185845,0.0047249429387234195,-0.022605409905208887,0.03205529578265572,Original cleaned units after median imputation and p1-p99 winsorisation; EBM was fitted on the corresponding standardised values.
int_rate,14.295,0.23070721845680414,0.0047249429387234195,-0.022605409905208887,0.03205529578265572,Original cleaned units after median imputation and p1-p99 winsorisation; EBM was fitted on the corresponding standardised values.
int_rate,14.3125,0.23444697166304057,0.0053903658403328236,-0.02148255029444144,0.03226328197510708,Original cleaned units after median imputation and p1-p99 winsorisation; EBM was fitted on the corresponding standardised values.
int_rate,14.342500000000001,0.2408579771594458,0.011070817677388716,-0.010503930367357596,0.03264556572213503,Original cleaned units after median imputation and p1-p99 winsorisation; EBM was fitted on the corresponding standardised values.
int_rate,14.415000000000001,0.25635124044242524,0.08241745690515292,0.06988160688098861,0.09495330692931724,Original cleaned units after median imputation and p1-p99 winsorisation; EBM was fitted on the corresponding standardised values.
int_rate,14.47,0.26810475051916827,0.08602552620801647,0.07195047713643347,0.10010057527959947,Original cleaned units after median imputation and p1-p99 winsorisation; EBM was fitted on the corresponding standardised values.
int_rate,14.48,0.2702417523513033,0.08638852979372122,0.07243992502081306,0.10033713456662938,Original cleaned units after median imputation and p1-p99 winsorisation; EBM was fitted on the corresponding standardised values.
int_rate,14.49,0.2723787541834383,0.09036169855023435,0.07559710188955801,0.10512629521091069,Original cleaned units after median imputation and p1-p99 winsorisation; EBM was fitted on the corresponding standardised values.
int_rate,14.5625,0.28787201746641766,0.09335653523504828,0.07727756951100592,0.10943550095909063,Original cleaned units after median imputation and p1-p99 winsorisation; EBM was fitted on the corresponding standardised values.
int_rate,14.6375,0.3038995312074309,0.09593069132053501,0.07795349500027643,0.1139078876407936,Original cleaned units after median imputation and p1-p99 winsorisation; EBM was fitted on the corresponding standardised values.
int_rate,14.66,0.30870778532973486,0.10747833603087412,0.10309928042080703,0.1118573916409412,Original cleaned units after median imputation and p1-p99 winsorisation; EBM was fitted on the corresponding standardised values.
int_rate,14.7975,0.3380915605215923,0.10747833603087412,0.10309928042080703,0.1118573916409412,Original cleaned units after median imputation and p1-p99 winsorisation; EBM was fitted on the corresponding standardised values.
int_rate,14.9525,0.37121508891968624,0.10902070390154853,0.10259133677093346,0.11545007103216359,Original cleaned units after median imputation and p1-p99 winsorisation; EBM was fitted on the corresponding standardised values.
int_rate,15.0075,0.38296859899642915,0.10954215349439583,0.1036283212446068,0.11545598574418486,Original cleaned units after median imputation and p1-p99 winsorisation; EBM was fitted on the corresponding standardised values.
int_rate,15.045,0.39098235586693575,0.11516679469759361,0.10412540229588531,0.12620818709930193,Original cleaned units after median imputation and p1-p99 winsorisation; EBM was fitted on the corresponding standardised values.
int_rate,15.137500000000001,0.4107496228141855,0.04631116046898913,0.02384967992662849,0.06877264101134976,Original cleaned units after median imputation and p1-p99 winsorisation; EBM was fitted on the corresponding standardised values.
int_rate,15.2575,0.43639364479980647,0.04820747112486264,0.026343630209761455,0.07007131203996383,Original cleaned units after median imputation and p1-p99 winsorisation; EBM was fitted on the corresponding standardised values.
int_rate,15.31,0.44761290441851564,0.04879647984198772,0.026497581613384478,0.07109537807059096,Original cleaned units after median imputation and p1-p99 winsorisation; EBM was fitted on the corresponding standardised values.
int_rate,15.4525,0.47806518052644065,0.05012032228896484,0.027084402599311514,0.07315624197861817,Original cleaned units after median imputation and p1-p99 winsorisation; EBM was fitted on the corresponding standardised values.
int_rate,15.5925,0.5079832061763319,0.052044612550149055,0.0280213187359925,0.0760679063643056,Original cleaned units after median imputation and p1-p99 winsorisation; EBM was fitted on the corresponding standardised values.
int_rate,15.6075,0.5111887089245344,0.0026661653254656976,-0.015084119770436132,0.020416450421367527,Original cleaned units after median imputation and p1-p99 winsorisation; EBM was fitted on the corresponding standardised values.
int_rate,15.7,0.530955975871784,0.0029575054600172344,-0.014352033416692545,0.020267044336727016,Original cleaned units after median imputation and p1-p99 winsorisation; EBM was fitted on the corresponding standardised values.
int_rate,15.795,0.5512574932770675,0.0049972999069040555,-0.009344803013796766,0.01933940282760488,Original cleaned units after median imputation and p1-p99 winsorisation; EBM was fitted on the corresponding standardised values.
int_rate,15.89,0.5715590106823509,0.005802582798107041,-0.008724905140195924,0.020330070736410008,Original cleaned units after median imputation and p1-p99 winsorisation; EBM was fitted on the corresponding standardised values.
int_rate,15.99,0.5929290290037018,0.15379391542270848,0.13422969632157727,0.1733581345238397,Original cleaned units after median imputation and p1-p99 winsorisation; EBM was fitted on the corresponding standardised values.
int_rate,16.025,0.6004085354161746,0.15698824840876696,0.13739149285849775,0.17658500395903617,Original cleaned units after median imputation and p1-p99 winsorisation; EBM was fitted on the corresponding standardised values.
int_rate,16.1325,0.6233813051116266,-0.03759548373952804,-0.045069512857864466,-0.030121454621191618,Original cleaned units after median imputation and p1-p99 winsorisation; EBM was fitted on the corresponding standardised values.
int_rate,16.252499999999998,0.6490253270972477,-0.037116582713576304,-0.04479451018869164,-0.029438655238460964,Original cleaned units after median imputation and p1-p99 winsorisation; EBM was fitted on the corresponding standardised values.
int_rate,16.294999999999998,0.6581075848838218,-0.03602454775889381,-0.043398632374402876,-0.02865046314338475,Original cleaned units after median imputation and p1-p99 winsorisation; EBM was fitted on the corresponding standardised values.
int_rate,16.412499999999998,0.683217356411409,-0.03411306685530984,-0.0387962088873132,-0.02942992482330648,Original cleaned units after median imputation and p1-p99 winsorisation; EBM was fitted on the corresponding standardised values.
int_rate,16.545,0.7115326306871991,-0.03411306685530984,-0.0387962088873132,-0.02942992482330648,Original cleaned units after median imputation and p1-p99 winsorisation; EBM was fitted on the corresponding standardised values.
int_rate,16.59,0.721149138931807,-0.030914443764707155,-0.03848512110991783,-0.02334376641949648,Original cleaned units after median imputation and p1-p99 winsorisation; EBM was fitted on the corresponding standardised values.
int_rate,16.705,0.7457246600013605,-0.024096201967855887,-0.03519995509590178,-0.012992448839809993,Original cleaned units after median imputation and p1-p99 winsorisation; EBM was fitted on the corresponding standardised values.
int_rate,16.8875,0.784724943437826,-0.017482695404101717,-0.031145715606282667,-0.0038196752019207664,Original cleaned units after median imputation and p1-p99 winsorisation; EBM was fitted on the corresponding standardised values.
int_rate,16.9925,0.8071634626752443,0.09246017018769032,0.08096424820317644,0.1039560921722042,Original cleaned units after median imputation and p1-p99 winsorisation; EBM was fitted on the corresponding standardised values.
int_rate,17.052500000000002,0.819985473668055,0.0871292141011839,0.06942055328856822,0.10483787491379959,Original cleaned units after median imputation and p1-p99 winsorisation; EBM was fitted on the corresponding standardised values.
int_rate,17.1075,0.831738983744798,0.08495526454137278,0.06748820694326813,0.10242232213947744,Original cleaned units after median imputation and p1-p99 winsorisation; EBM was fitted on the corresponding standardised values.
int_rate,17.192500000000003,0.8499034993179463,0.08437482149012053,0.06614427812669231,0.10260536485354875,Original cleaned units after median imputation and p1-p99 winsorisation; EBM was fitted on the corresponding standardised values.
int_rate,17.285,0.8696707662651957,0.08609990023754863,0.06813701967391375,0.1040627808011835,Original cleaned units after median imputation and p1-p99 winsorisation; EBM was fitted on the corresponding standardised values.
int_rate,17.435,0.901725793747222,0.08600447023773526,0.0694246919634009,0.10258424851206963,Original cleaned units after median imputation and p1-p99 winsorisation; EBM was fitted on the corresponding standardised values.
int_rate,17.57,0.9305753184810457,0.08600447023773526,0.0694246919634009,0.10258424851206963,Original cleaned units after median imputation and p1-p99 winsorisation; EBM was fitted on the corresponding standardised values.
int_rate,17.67,0.9519453368023967,0.08642191521069523,0.07044616980289853,0.10239766061849193,Original cleaned units after median imputation and p1-p99 winsorisation; EBM was fitted on the corresponding standardised values.
int_rate,17.7975,0.979192110162119,0.08642191521069523,0.07044616980289853,0.10239766061849193,Original cleaned units after median imputation and p1-p99 winsorisation; EBM was fitted on the corresponding standardised values.
int_rate,17.89,0.9989593771093684,0.1168262538244572,0.10894500722431973,0.12470750042459468,Original cleaned units after median imputation and p1-p99 winsorisation; EBM was fitted on the corresponding standardised values.
int_rate,17.982499999999998,1.0187266440566178,0.12127554225611507,0.114058332404628,0.12849275210760217,Original cleaned units after median imputation and p1-p99 winsorisation; EBM was fitted on the corresponding standardised values.
int_rate,18.0325,1.0294116532172932,0.1283409002495786,0.11929064257673319,0.13739115792242398,Original cleaned units after median imputation and p1-p99 winsorisation; EBM was fitted on the corresponding standardised values.
int_rate,18.057499999999997,1.0347541577976311,0.12909030533014174,0.11886358932016357,0.1393170213401199,Original cleaned units after median imputation and p1-p99 winsorisation; EBM was fitted on the corresponding standardised values.
int_rate,18.145,1.0534529238288133,0.1225792393029221,0.11806217097218624,0.12709630763365795,Original cleaned units after median imputation and p1-p99 winsorisation; EBM was fitted on the corresponding standardised values.
int_rate,18.235,1.072685940318029,0.11485301267189618,0.08854039893085355,0.1411656264129388,Original cleaned units after median imputation and p1-p99 winsorisation; EBM was fitted on the corresponding standardised values.
int_rate,18.2575,1.0774941944403331,0.047001424565823166,0.04407606617632756,0.04992678295531877,Original cleaned units after median imputation and p1-p99 winsorisation; EBM was fitted on the corresponding standardised values.
int_rate,18.369999999999997,1.1015354650518527,0.0032570190537095246,-0.006765555296841509,0.013279593404260558,Original cleaned units after median imputation and p1-p99 winsorisation; EBM was fitted on the corresponding standardised values.
int_rate,18.49,1.1271794870374738,0.0032570190537095246,-0.006765555296841509,0.013279593404260558,Original cleaned units after median imputation and p1-p99 winsorisation; EBM was fitted on the corresponding standardised values.
int_rate,18.5275,1.1351932439079806,0.0032570190537095246,-0.006765555296841509,0.013279593404260558,Original cleaned units after median imputation and p1-p99 winsorisation; EBM was fitted on the corresponding standardised values.
int_rate,18.5625,1.1426727503204535,0.0032570190537095246,-0.006765555296841509,0.013279593404260558,Original cleaned units after median imputation and p1-p99 winsorisation; EBM was fitted on the corresponding standardised values.
int_rate,18.697499999999998,1.171522275054277,-0.007697464073437743,-0.029098196039320404,0.013703267892444918,Original cleaned units after median imputation and p1-p99 winsorisation; EBM was fitted on the corresponding standardised values.
int_rate,18.83,1.199837549330067,-0.0034016816566995126,-0.01907863643805576,0.012275273124656738,Original cleaned units after median imputation and p1-p99 winsorisation; EBM was fitted on the corresponding standardised values.
int_rate,18.880000000000003,1.2105225584907426,-0.0019256791667961268,-0.019083978600318657,0.015232620266726405,Original cleaned units after median imputation and p1-p99 winsorisation; EBM was fitted on the corresponding standardised values.
int_rate,18.94,1.2233445694835532,-0.001588523790070248,-0.018666544389706413,0.015489496809565918,Original cleaned units after median imputation and p1-p99 winsorisation; EBM was fitted on the corresponding standardised values.
int_rate,18.9875,1.2334953281861947,0.07680101020696023,0.05104874692300017,0.10255327349092029,Original cleaned units after median imputation and p1-p99 winsorisation; EBM was fitted on the corresponding standardised values.
int_rate,19.0225,1.2409748345986675,0.07654973558540511,0.053769775621111515,0.0993296955496987,Original cleaned units after median imputation and p1-p99 winsorisation; EBM was fitted on the corresponding standardised values.
int_rate,19.105,1.258605099713782,0.046589356927233115,0.021451155008832868,0.07172755884563337,Original cleaned units after median imputation and p1-p99 winsorisation; EBM was fitted on the corresponding standardised values.
int_rate,19.185000000000002,1.2757011143708628,0.046589356927233115,0.021451155008832868,0.07172755884563337,Original cleaned units after median imputation and p1-p99 winsorisation; EBM was fitted on the corresponding standardised values.
int_rate,19.2125,1.2815778694092341,0.03681793468390579,0.02371440311568055,0.04992146625213103,Original cleaned units after median imputation and p1-p99 winsorisation; EBM was fitted on the corresponding standardised values.
int_rate,19.2475,1.2890573758217068,0.03998508916259778,0.02835982137675654,0.05161035694843902,Original cleaned units after median imputation and p1-p99 winsorisation; EBM was fitted on the corresponding standardised values.
int_rate,19.355,1.3120301455171592,0.04302359237583375,0.03283548520355645,0.05321169954811106,Original cleaned units after median imputation and p1-p99 winsorisation; EBM was fitted on the corresponding standardised values.
int_rate,19.4725,1.3371399170447464,0.045906388420881045,0.03762283349423798,0.05418994334752411,Original cleaned units after median imputation and p1-p99 winsorisation; EBM was fitted on the corresponding standardised values.
int_rate,19.5125,1.3456879243732869,0.04955441405510089,0.04043716905150964,0.058671659058692135,Original cleaned units after median imputation and p1-p99 winsorisation; EBM was fitted on the corresponding standardised values.
int_rate,19.615000000000002,1.3675921931526716,0.051868046074156515,0.04507253869069718,0.05866355345761585,Original cleaned units after median imputation and p1-p99 winsorisation; EBM was fitted on the corresponding standardised values.
int_rate,19.7175,1.389496461932056,0.051868046074156515,0.04507253869069718,0.05866355345761585,Original cleaned units after median imputation and p1-p99 winsorisation; EBM was fitted on the corresponding standardised values.
int_rate,19.854999999999997,1.4188802371239133,0.054033974141549174,0.04885693146697492,0.059211016816123424,Original cleaned units after median imputation and p1-p99 winsorisation; EBM was fitted on the corresponding standardised values.
int_rate,19.987499999999997,1.4471955113997033,0.22741388364692613,0.21052123308812026,0.244306534205732,Original cleaned units after median imputation and p1-p99 winsorisation; EBM was fitted on the corresponding standardised values.
int_rate,20.005,1.4509352646059397,0.21506710508257595,0.18955773397560485,0.24057647618954706,Original cleaned units after median imputation and p1-p99 winsorisation; EBM was fitted on the corresponding standardised values.
int_rate,20.12,1.4755107856754934,0.0041194861462574076,-0.029428125643979106,0.03766709793649392,Original cleaned units after median imputation and p1-p99 winsorisation; EBM was fitted on the corresponding standardised values.
int_rate,20.355,1.525730328730668,0.0041194861462574076,-0.029428125643979106,0.03766709793649392,Original cleaned units after median imputation and p1-p99 winsorisation; EBM was fitted on the corresponding standardised values.
int_rate,20.49,1.5545798534644917,0.007487743962426785,-0.023535461682842047,0.03851094960769562,Original cleaned units after median imputation and p1-p99 winsorisation; EBM was fitted on the corresponding standardised values.
int_rate,20.59,1.5759498717858427,0.010750655144131285,-0.020884690860057686,0.04238600114832025,Original cleaned units after median imputation and p1-p99 winsorisation; EBM was fitted on the corresponding standardised values.
int_rate,20.814999999999998,1.6240324130088821,0.013099134755645107,-0.019941173998795435,0.04613944351008565,Original cleaned units after median imputation and p1-p99 winsorisation; EBM was fitted on the corresponding standardised values.
int_rate,20.97,1.6571559414069759,0.025074175889531973,0.003287615455199993,0.04686073632386395,Original cleaned units after median imputation and p1-p99 winsorisation; EBM was fitted on the corresponding standardised values.
int_rate,21.0325,1.6705122028578203,0.025074175889531973,0.003287615455199993,0.04686073632386395,Original cleaned units after median imputation and p1-p99 winsorisation; EBM was fitted on the corresponding standardised values.
int_rate,21.1175,1.6886767184309686,0.025074175889531973,0.003287615455199993,0.04686073632386395,Original cleaned units after median imputation and p1-p99 winsorisation; EBM was fitted on the corresponding standardised values.
int_rate,21.284999999999997,1.7244714991192311,0.06573453017261571,0.025962356031770044,0.10550670431346137,Original cleaned units after median imputation and p1-p99 winsorisation; EBM was fitted on the corresponding standardised values.
int_rate,21.435000000000002,1.7565265266012577,0.10744692647873741,0.06463195118909126,0.15026190176838355,Original cleaned units after median imputation and p1-p99 winsorisation; EBM was fitted on the corresponding standardised values.
int_rate,21.475,1.765074533929798,0.09291232058045511,0.07000652116072655,0.11581812000018367,Original cleaned units after median imputation and p1-p99 winsorisation; EBM was fitted on the corresponding standardised values.
int_rate,21.5125,1.7730882908003045,0.09554452896322996,0.07091775471749558,0.12017130320896434,Original cleaned units after median imputation and p1-p99 winsorisation; EBM was fitted on the corresponding standardised values.
int_rate,21.612499999999997,1.7944583091216555,0.08424029345101038,0.060087768852695955,0.1083928180493248,Original cleaned units after median imputation and p1-p99 winsorisation; EBM was fitted on the corresponding standardised values.
int_rate,21.7975,1.8339928430161547,0.07971759260711238,0.05851842605163908,0.10091675916258568,Original cleaned units after median imputation and p1-p99 winsorisation; EBM was fitted on the corresponding standardised values.
int_rate,21.947499999999998,1.8660478704981809,0.08039879280550034,0.059562655102689196,0.10123493050831149,Original cleaned units after median imputation and p1-p99 winsorisation; EBM was fitted on the corresponding standardised values.
int_rate,22.005,1.8783356310329575,0.08225866481236543,0.06209288722725212,0.10242444239747875,Original cleaned units after median imputation and p1-p99 winsorisation; EBM was fitted on the corresponding standardised values.
int_rate,22.1,1.898637148438241,0.08782083186783868,0.06696475784994546,0.1086769058857319,Original cleaned units after median imputation and p1-p99 winsorisation; EBM was fitted on the corresponding standardised values.
int_rate,22.2725,1.9355004300425716,0.09403582724321653,0.07324685535647234,0.11482479912996073,Original cleaned units after median imputation and p1-p99 winsorisation; EBM was fitted on the corresponding standardised values.
int_rate,22.3975,1.96221295294426,0.09615752083472376,0.07379451224715615,0.11852052942229137,Original cleaned units after median imputation and p1-p99 winsorisation; EBM was fitted on the corresponding standardised values.
int_rate,22.4425,1.9718294611888676,0.09615752083472376,0.07379451224715615,0.11852052942229137,Original cleaned units after median imputation and p1-p99 winsorisation; EBM was fitted on the corresponding standardised values.
int_rate,22.59,2.0033502382128603,0.09615752083472376,0.07379451224715615,0.11852052942229137,Original cleaned units after median imputation and p1-p99 winsorisation; EBM was fitted on the corresponding standardised values.
int_rate,22.74,2.0354052656948864,0.10193324647313204,0.08227366353548482,0.12159282941077926,Original cleaned units after median imputation and p1-p99 winsorisation; EBM was fitted on the corresponding standardised values.
int_rate,22.865000000000002,2.0621177885965754,0.10339818581941065,0.08606036483937804,0.12073600679944327,Original cleaned units after median imputation and p1-p99 winsorisation; EBM was fitted on the corresponding standardised values.
int_rate,23.0075,2.0925700647045007,0.10540252079131791,0.09112200008494632,0.1196830414976895,Original cleaned units after median imputation and p1-p99 winsorisation; EBM was fitted on the corresponding standardised values.
int_rate,23.1425,2.1214195894383243,0.061046419087530064,0.02287773263043487,0.09921510554462526,Original cleaned units after median imputation and p1-p99 winsorisation; EBM was fitted on the corresponding standardised values.
int_rate,23.3275,2.1609541233328233,0.023583615148707063,0.005738276704640215,0.04142895359277391,Original cleaned units after median imputation and p1-p99 winsorisation; EBM was fitted on the corresponding standardised values.
int_rate,23.44,2.184995393944343,0.013799279819070413,-0.001066259139179855,0.02866481877732068,Original cleaned units after median imputation and p1-p99 winsorisation; EBM was fitted on the corresponding standardised values.
int_rate,23.63,2.2255984287549095,0.016144004068227746,0.0022872022881869174,0.030000805848268575,Original cleaned units after median imputation and p1-p99 winsorisation; EBM was fitted on the corresponding standardised values.
int_rate,23.872500000000002,2.2774207231841856,0.17759790028536915,0.14823240603151228,0.20696339453922602,Original cleaned units after median imputation and p1-p99 winsorisation; EBM was fitted on the corresponding standardised values.
int_rate,23.9925,2.3030647451698067,0.20173443471000502,0.1726111863117942,0.23085768310821583,Original cleaned units after median imputation and p1-p99 winsorisation; EBM was fitted on the corresponding standardised values.
int_rate,24.064999999999998,2.318558008452786,0.15911340401025556,0.11713148160481456,0.20109532641569655,Original cleaned units after median imputation and p1-p99 winsorisation; EBM was fitted on the corresponding standardised values.
int_rate,24.294999999999998,2.367709050591893,0.15911340401025556,0.11713148160481456,0.20109532641569655,Original cleaned units after median imputation and p1-p99 winsorisation; EBM was fitted on the corresponding standardised values.
int_rate,24.502499999999998,2.412051838608696,0.05309917872220829,0.03410833009874653,0.07209002734567005,Original cleaned units after median imputation and p1-p99 winsorisation; EBM was fitted on the corresponding standardised values.
int_rate,24.677500000000002,2.4494493706710605,0.060485426859212536,0.0418683243389707,0.07910252937945438,Original cleaned units after median imputation and p1-p99 winsorisation; EBM was fitted on the corresponding standardised values.
int_rate,24.8925,2.4953949100619646,0.06646142329033214,0.04923259667818211,0.08369024990248217,Original cleaned units after median imputation and p1-p99 winsorisation; EBM was fitted on the corresponding standardised values.
int_rate,24.99,2.5162306779252814,0.13823272565259026,0.12571636692405747,0.15074908438112306,Original cleaned units after median imputation and p1-p99 winsorisation; EBM was fitted on the corresponding standardised values.
int_rate,25.284999999999997,2.579272231973267,0.15443357124118864,0.1260628995662495,0.1828042429161278,Original cleaned units after median imputation and p1-p99 winsorisation; EBM was fitted on the corresponding standardised values.
int_rate,25.6325,2.6535330456399615,0.15716625400083895,0.129774132073397,0.1845583759282809,Original cleaned units after median imputation and p1-p99 winsorisation; EBM was fitted on the corresponding standardised values.
int_rate,25.770000000000003,2.682916820831819,0.15716625400083895,0.129774132073397,0.1845583759282809,Original cleaned units after median imputation and p1-p99 winsorisation; EBM was fitted on the corresponding standardised values.
int_rate,25.814999999999998,2.6925333290764266,0.16063686376794623,0.13292348800512455,0.1883502395307679,Original cleaned units after median imputation and p1-p99 winsorisation; EBM was fitted on the corresponding standardised values.
int_rate,25.924999999999997,2.7160403492299126,0.22192925791887178,0.20925223746392252,0.23460627837382103,Original cleaned units after median imputation and p1-p99 winsorisation; EBM was fitted on the corresponding standardised values.
int_rate,26.1475,2.7635886399949183,0.23912498544075117,0.22108855914998551,0.2571614117315168,Original cleaned units after median imputation and p1-p99 winsorisation; EBM was fitted on the corresponding standardised values.
int_rate,26.285000000000004,2.7929724151867763,0.23912498544075117,0.22108855914998551,0.2571614117315168,Original cleaned units after median imputation and p1-p99 winsorisation; EBM was fitted on the corresponding standardised values.
dti,1.7724999999999973,-1.9448049236785425,-0.19780734452861,-0.2220833171271244,-0.17353137193009563,Original cleaned units after median imputation and p1-p99 winsorisation; EBM was fitted on the corresponding standardised values.
dti,2.0150000000000006,-1.9159390002633736,-0.2306849860438991,-0.2536699739654518,-0.20769999812234635,Original cleaned units after median imputation and p1-p99 winsorisation; EBM was fitted on the corresponding standardised values.
dti,2.455,-1.863563716541006,-0.2519105523564192,-0.2617699146749325,-0.24205119003790587,Original cleaned units after median imputation and p1-p99 winsorisation; EBM was fitted on the corresponding standardised values.
dti,2.835000000000001,-1.8183305169625974,-0.2520257549029615,-0.2620035563335717,-0.24204795347235125,Original cleaned units after median imputation and p1-p99 winsorisation; EBM was fitted on the corresponding standardised values.
dti,3.1750000000000007,-1.777858706813495,-0.25174529199999723,-0.261606019272551,-0.2418845647274435,Original cleaned units after median imputation and p1-p99 winsorisation; EBM was fitted on the corresponding standardised values.
dti,3.4800000000000004,-1.7415531124150356,-0.25137142628054426,-0.26119904560515533,-0.2415438069559332,Original cleaned units after median imputation and p1-p99 winsorisation; EBM was fitted on the corresponding standardised values.
dti,3.76,-1.7082233864098926,-0.25052648494771734,-0.26029523405304356,-0.24075773584239113,Original cleaned units after median imputation and p1-p99 winsorisation; EBM was fitted on the corresponding standardised values.
dti,4.02,-1.6772743551194025,-0.25027454672262306,-0.2599016938022965,-0.24064739964294965,Original cleaned units after median imputation and p1-p99 winsorisation; EBM was fitted on the corresponding standardised values.
dti,4.265000000000001,-1.6481108448649022,-0.24926651587177134,-0.2607234879373707,-0.23780954380617197,Original cleaned units after median imputation and p1-p99 winsorisation; EBM was fitted on the corresponding standardised values.
dti,4.495000000000001,-1.6207328556463918,-0.24819270287669956,-0.2586225508801202,-0.23776285487327892,Original cleaned units after median imputation and p1-p99 winsorisation; EBM was fitted on the corresponding standardised values.
dti,4.720000000000001,-1.5939500401065447,-0.2480585015639969,-0.2587089530911582,-0.23740805003683554,Original cleaned units after median imputation and p1-p99 winsorisation; EBM was fitted on the corresponding standardised values.
dti,4.940000000000001,-1.5677623982453608,-0.22456394486083167,-0.23219920227444082,-0.21692868744722252,Original cleaned units after median imputation and p1-p99 winsorisation; EBM was fitted on the corresponding standardised values.
dti,5.15,-1.5427651037415036,-0.22456394486083167,-0.23219920227444082,-0.21692868744722252,Original cleaned units after median imputation and p1-p99 winsorisation; EBM was fitted on the corresponding standardised values.
dti,5.360000000000001,-1.517767809237646,-0.22427656475993685,-0.23277494057505851,-0.21577818894481518,Original cleaned units after median imputation and p1-p99 winsorisation; EBM was fitted on the corresponding standardised values.
dti,5.5600000000000005,-1.4939608620911153,-0.22407197923389616,-0.23272539686561958,-0.21541856160217274,Original cleaned units after median imputation and p1-p99 winsorisation; EBM was fitted on the corresponding standardised values.
dti,5.744999999999999,-1.4719394359805744,-0.22319248245645792,-0.23271336957843206,-0.2136715953344838,Original cleaned units after median imputation and p1-p99 winsorisation; EBM was fitted on the corresponding standardised values.
dti,5.92,-1.45110835722736,-0.22319248245645792,-0.23271336957843206,-0.2136715953344838,Original cleaned units after median imputation and p1-p99 winsorisation; EBM was fitted on the corresponding standardised values.
dti,6.090000000000002,-1.4308724521528087,-0.22319248245645792,-0.23271336957843206,-0.2136715953344838,Original cleaned units after median imputation and p1-p99 winsorisation; EBM was fitted on the corresponding standardised values.
dti,6.26,-1.4106365470782576,-0.2239439325954592,-0.23293124137719423,-0.21495662381372416,Original cleaned units after median imputation and p1-p99 winsorisation; EBM was fitted on the corresponding standardised values.
dti,6.43,-1.3904006420037065,-0.26457862079667543,-0.283698880354292,-0.24545836123905884,Original cleaned units after median imputation and p1-p99 winsorisation; EBM was fitted on the corresponding standardised values.
dti,6.595000000000001,-1.3707599106078185,-0.29003109988710307,-0.29813619409457476,-0.2819260056796314,Original cleaned units after median imputation and p1-p99 winsorisation; EBM was fitted on the corresponding standardised values.
dti,6.76,-1.3511191792119306,-0.2881016509492021,-0.298850630575076,-0.2773526713233282,Original cleaned units after median imputation and p1-p99 winsorisation; EBM was fitted on the corresponding standardised values.
dti,6.925000000000001,-1.3314784478160426,-0.28698888498175434,-0.2967648504257828,-0.27721291953772587,Original cleaned units after median imputation and p1-p99 winsorisation; EBM was fitted on the corresponding standardised values.
dti,7.085000000000001,-1.312432890098818,-0.2859818763173345,-0.29549079286925994,-0.2764729597654091,Original cleaned units after median imputation and p1-p99 winsorisation; EBM was fitted on the corresponding standardised values.
dti,7.245000000000001,-1.2933873323815934,-0.28040793884713117,-0.29801623642574415,-0.2627996412685182,Original cleaned units after median imputation and p1-p99 winsorisation; EBM was fitted on the corresponding standardised values.
dti,7.395,-1.2755321220216953,-0.24922727560628907,-0.26829650104348224,-0.23015805016909588,Original cleaned units after median imputation and p1-p99 winsorisation; EBM was fitted on the corresponding standardised values.
dti,7.534999999999998,-1.2588672590191239,-0.24500277983903201,-0.25847395197182305,-0.23153160770624098,Original cleaned units after median imputation and p1-p99 winsorisation; EBM was fitted on the corresponding standardised values.
dti,7.679999999999998,-1.2416072223378891,-0.2401582930505909,-0.25014175991066134,-0.23017482619052046,Original cleaned units after median imputation and p1-p99 winsorisation; EBM was fitted on the corresponding standardised values.
dti,7.824999999999999,-1.2243471856566541,-0.23929031015225746,-0.24849179921387823,-0.2300888210906367,Original cleaned units after median imputation and p1-p99 winsorisation; EBM was fitted on the corresponding standardised values.
dti,7.965,-1.2076823226540827,-0.23929031015225746,-0.24849179921387823,-0.2300888210906367,Original cleaned units after median imputation and p1-p99 winsorisation; EBM was fitted on the corresponding standardised values.
dti,8.100000000000001,-1.1916126333301742,-0.24894601089941876,-0.25770536222910784,-0.24018665956972965,Original cleaned units after median imputation and p1-p99 winsorisation; EBM was fitted on the corresponding standardised values.
dti,8.235000000000001,-1.175542944006266,-0.24894601089941876,-0.25770536222910784,-0.24018665956972965,Original cleaned units after median imputation and p1-p99 winsorisation; EBM was fitted on the corresponding standardised values.
dti,8.370000000000001,-1.1594732546823576,-0.2486316618337852,-0.2578297614372546,-0.23943356223031584,Original cleaned units after median imputation and p1-p99 winsorisation; EBM was fitted on the corresponding standardised values.
dti,8.5,-1.1439987390371127,-0.24568877520216692,-0.2582480394935167,-0.23312951091081713,Original cleaned units after median imputation and p1-p99 winsorisation; EBM was fitted on the corresponding standardised values.
dti,8.629999999999999,-1.1285242233918678,-0.24568877520216692,-0.2582480394935167,-0.23312951091081713,Original cleaned units after median imputation and p1-p99 winsorisation; EBM was fitted on the corresponding standardised values.
dti,8.755,-1.113644881425286,-0.21737673818888928,-0.24361656247274044,-0.19113691390503812,Original cleaned units after median imputation and p1-p99 winsorisation; EBM was fitted on the corresponding standardised values.
dti,8.875,-1.0993607131373675,-0.21684439535509026,-0.2429143597417887,-0.1907744309683918,Original cleaned units after median imputation and p1-p99 winsorisation; EBM was fitted on the corresponding standardised values.
dti,8.995,-1.085076544849449,-0.1910247867147445,-0.20286768981776826,-0.17918188361172072,Original cleaned units after median imputation and p1-p99 winsorisation; EBM was fitted on the corresponding standardised values.
dti,9.115,-1.0707923765615306,-0.19029231176959038,-0.20104842520309624,-0.17953619833608453,Original cleaned units after median imputation and p1-p99 winsorisation; EBM was fitted on the corresponding standardised values.
dti,9.235,-1.0565082082736121,-0.18793482057495342,-0.1962113920131483,-0.17965824913675854,Original cleaned units after median imputation and p1-p99 winsorisation; EBM was fitted on the corresponding standardised values.
dti,9.355,-1.0422240399856935,-0.18675600592892252,-0.1954920228714906,-0.17801998898635446,Original cleaned units after median imputation and p1-p99 winsorisation; EBM was fitted on the corresponding standardised values.
dti,9.475000000000001,-1.027939871697775,-0.18989027950131154,-0.20186058499275167,-0.17791997400987142,Original cleaned units after median imputation and p1-p99 winsorisation; EBM was fitted on the corresponding standardised values.
dti,9.59,-1.01425087708852,-0.18944207570768806,-0.20105199462834386,-0.17783215678703226,Original cleaned units after median imputation and p1-p99 winsorisation; EBM was fitted on the corresponding standardised values.
dti,9.705,-1.0005618824792646,-0.18841175897152282,-0.20086247607541183,-0.1759610418676338,Original cleaned units after median imputation and p1-p99 winsorisation; EBM was fitted on the corresponding standardised values.
dti,9.82,-0.9868728878700095,-0.18758511234172626,-0.19936814015426305,-0.17580208452918947,Original cleaned units after median imputation and p1-p99 winsorisation; EBM was fitted on the corresponding standardised values.
dti,9.93,-0.9737790669394175,-0.18690000556040384,-0.19874340945607502,-0.17505660166473266,Original cleaned units after median imputation and p1-p99 winsorisation; EBM was fitted on the corresponding standardised values.
dti,10.040000000000001,-0.9606852460088255,-0.18647528831523627,-0.19800634904332626,-0.17494422758714628,Original cleaned units after median imputation and p1-p99 winsorisation; EBM was fitted on the corresponding standardised values.
dti,10.149999999999999,-0.9475914250782337,-0.18614317220098725,-0.19819768081074698,-0.17408866359122752,Original cleaned units after median imputation and p1-p99 winsorisation; EBM was fitted on the corresponding standardised values.
dti,10.26,-0.9344976041476417,-0.18453190076586504,-0.19559218773578357,-0.1734716137959465,Original cleaned units after median imputation and p1-p99 winsorisation; EBM was fitted on the corresponding standardised values.
dti,10.37,-0.9214037832170499,-0.18280122428325157,-0.1924085858014532,-0.17319386276504994,Original cleaned units after median imputation and p1-p99 winsorisation; EBM was fitted on the corresponding standardised values.
dti,10.48,-0.9083099622864579,-0.18180656811321183,-0.19305764847407927,-0.1705554877523444,Original cleaned units after median imputation and p1-p99 winsorisation; EBM was fitted on the corresponding standardised values.
dti,10.59,-0.8952161413558659,-0.18128756127607593,-0.1925210648215334,-0.17005405773061846,Original cleaned units after median imputation and p1-p99 winsorisation; EBM was fitted on the corresponding standardised values.
dti,10.7,-0.8821223204252739,-0.18128756127607593,-0.1925210648215334,-0.17005405773061846,Original cleaned units after median imputation and p1-p99 winsorisation; EBM was fitted on the corresponding standardised values.
dti,10.809999999999999,-0.8690284994946821,-0.177384463928332,-0.18754977055018837,-0.1672191573064756,Original cleaned units after median imputation and p1-p99 winsorisation; EBM was fitted on the corresponding standardised values.
dti,10.915,-0.8565298522427534,-0.17654759285018212,-0.186147905133022,-0.16694728056734223,Original cleaned units after median imputation and p1-p99 winsorisation; EBM was fitted on the corresponding standardised values.
dti,11.015,-0.8446263786694879,-0.1742922187752648,-0.1831064527995161,-0.1654779847510135,Original cleaned units after median imputation and p1-p99 winsorisation; EBM was fitted on the corresponding standardised values.
dti,11.114999999999998,-0.8327229050962226,-0.1742922187752648,-0.1831064527995161,-0.1654779847510135,Original cleaned units after median imputation and p1-p99 winsorisation; EBM was fitted on the corresponding standardised values.
dti,11.219999999999999,-0.820224257844294,-0.17035222137921885,-0.1781084295649163,-0.1625960131935214,Original cleaned units after median imputation and p1-p99 winsorisation; EBM was fitted on the corresponding standardised values.
dti,11.325,-0.8077256105923653,-0.1729384824365473,-0.18238062994938678,-0.16349633492370783,Original cleaned units after median imputation and p1-p99 winsorisation; EBM was fitted on the corresponding standardised values.
dti,11.425,-0.7958221370190998,-0.1846794237696794,-0.19478205950694583,-0.174576788032413,Original cleaned units after median imputation and p1-p99 winsorisation; EBM was fitted on the corresponding standardised values.
dti,11.525,-0.7839186634458344,-0.1846794237696794,-0.19478205950694583,-0.174576788032413,Original cleaned units after median imputation and p1-p99 winsorisation; EBM was fitted on the corresponding standardised values.
dti,11.625,-0.7720151898725691,-0.18303582761105547,-0.19476684606581723,-0.1713048091562937,Original cleaned units after median imputation and p1-p99 winsorisation; EBM was fitted on the corresponding standardised values.
dti,11.725,-0.7601117162993036,-0.18303582761105547,-0.19476684606581723,-0.1713048091562937,Original cleaned units after median imputation and p1-p99 winsorisation; EBM was fitted on the corresponding standardised values.
dti,11.83,-0.747613069047375,-0.18155136553716655,-0.19312310946117217,-0.16997962161316094,Original cleaned units after median imputation and p1-p99 winsorisation; EBM was fitted on the corresponding standardised values.
dti,11.935000000000002,-0.7351144217954462,-0.1796375291693755,-0.1932363758841144,-0.1660386824546366,Original cleaned units after median imputation and p1-p99 winsorisation; EBM was fitted on the corresponding standardised values.
dti,12.035,-0.7232109482221809,-0.178170793543303,-0.19427088218265895,-0.16207070490394707,Original cleaned units after median imputation and p1-p99 winsorisation; EBM was fitted on the corresponding standardised values.
dti,12.134999999999998,-0.7113074746489156,-0.178170793543303,-0.19427088218265895,-0.16207070490394707,Original cleaned units after median imputation and p1-p99 winsorisation; EBM was fitted on the corresponding standardised values.
dti,12.235,-0.6994040010756502,-0.17755918068481824,-0.1934272610920593,-0.1616911002775772,Original cleaned units after median imputation and p1-p99 winsorisation; EBM was fitted on the corresponding standardised values.
dti,12.33,-0.688095701181048,-0.17673748296196637,-0.1924016042006521,-0.16107336172328063,Original cleaned units after median imputation and p1-p99 winsorisation; EBM was fitted on the corresponding standardised values.
dti,12.425,-0.6767874012864458,-0.1761381145264743,-0.19150578193299073,-0.16077044711995786,Original cleaned units after median imputation and p1-p99 winsorisation; EBM was fitted on the corresponding standardised values.
dti,12.52,-0.6654791013918436,-0.1744771949236043,-0.18903116921461283,-0.1599232206325958,Original cleaned units after median imputation and p1-p99 winsorisation; EBM was fitted on the corresponding standardised values.
dti,12.61,-0.6547659751759048,-0.17093980745676313,-0.1871230900961026,-0.15475652481742366,Original cleaned units after median imputation and p1-p99 winsorisation; EBM was fitted on the corresponding standardised values.
dti,12.7,-0.644052848959966,-0.15929985248982176,-0.1751383949474336,-0.1434613100322099,Original cleaned units after median imputation and p1-p99 winsorisation; EBM was fitted on the corresponding standardised values.
dti,12.79,-0.6333397227440272,-0.15377398984562046,-0.16445393272983236,-0.14309404696140857,Original cleaned units after median imputation and p1-p99 winsorisation; EBM was fitted on the corresponding standardised values.
dti,12.879999999999999,-0.6226265965280883,-0.13325838048292546,-0.14061901599434767,-0.12589774497150324,Original cleaned units after median imputation and p1-p99 winsorisation; EBM was fitted on the corresponding standardised values.
dti,12.965,-0.6125086439908127,-0.130785391624158,-0.13951245990475325,-0.12205832334356276,Original cleaned units after median imputation and p1-p99 winsorisation; EBM was fitted on the corresponding standardised values.
dti,13.05,-0.6023906914535371,-0.1282584339916635,-0.1358751068391582,-0.12064176114416879,Original cleaned units after median imputation and p1-p99 winsorisation; EBM was fitted on the corresponding standardised values.
dti,13.14,-0.5916775652375983,-0.1282584339916635,-0.1358751068391582,-0.12064176114416879,Original cleaned units after median imputation and p1-p99 winsorisation; EBM was fitted on the corresponding standardised values.
dti,13.23,-0.5809644390216595,-0.12630476061493384,-0.13393929963571455,-0.11867022159415314,Original cleaned units after median imputation and p1-p99 winsorisation; EBM was fitted on the corresponding standardised values.
dti,13.32,-0.5702513128057206,-0.12497116406123435,-0.13132896332448038,-0.11861336479798833,Original cleaned units after median imputation and p1-p99 winsorisation; EBM was fitted on the corresponding standardised values.
dti,13.41,-0.5595381865897817,-0.1241236003151667,-0.12920035099351884,-0.11904684963681457,Original cleaned units after median imputation and p1-p99 winsorisation; EBM was fitted on the corresponding standardised values.
dti,13.5,-0.5488250603738428,-0.1228685787940241,-0.12633261843731142,-0.11940453915073677,Original cleaned units after median imputation and p1-p99 winsorisation; EBM was fitted on the corresponding standardised values.
dti,13.59,-0.5381119341579039,-0.12237419054769606,-0.12623446391018195,-0.11851391718521018,Original cleaned units after median imputation and p1-p99 winsorisation; EBM was fitted on the corresponding standardised values.
dti,13.68,-0.527398807941965,-0.12011540614093946,-0.1239847646839239,-0.11624604759795502,Original cleaned units after median imputation and p1-p99 winsorisation; EBM was fitted on the corresponding standardised values.
dti,13.770000000000001,-0.5166856817260261,-0.12011540614093946,-0.1239847646839239,-0.11624604759795502,Original cleaned units after median imputation and p1-p99 winsorisation; EBM was fitted on the corresponding standardised values.
dti,13.86,-0.5059725555100874,-0.10121112185380564,-0.11083513510648836,-0.09158710860112292,Original cleaned units after median imputation and p1-p99 winsorisation; EBM was fitted on the corresponding standardised values.
dti,13.95,-0.4952594292941485,-0.0996694919563171,-0.10798952187996275,-0.09134946203267144,Original cleaned units after median imputation and p1-p99 winsorisation; EBM was fitted on the corresponding standardised values.
dti,14.04,-0.4845463030782097,-0.09871072103446105,-0.10835245961174492,-0.08906898245717718,Original cleaned units after median imputation and p1-p99 winsorisation; EBM was fitted on the corresponding standardised values.
dti,14.125,-0.47442835054093413,-0.09757928307800635,-0.10771295415268499,-0.08744561200332772,Original cleaned units after median imputation and p1-p99 winsorisation; EBM was fitted on the corresponding standardised values.
dti,14.21,-0.4643103980036585,-0.09708399223777098,-0.10658135992424705,-0.0875866245512949,Original cleaned units after median imputation and p1-p99 winsorisation; EBM was fitted on the corresponding standardised values.
dti,14.3,-0.4535972717877197,-0.09582811902367917,-0.1059237650396684,-0.08573247300768995,Original cleaned units after median imputation and p1-p99 winsorisation; EBM was fitted on the corresponding standardised values.
dti,14.39,-0.4428841455717808,-0.07859800831939047,-0.0805613535207656,-0.07663466311801534,Original cleaned units after median imputation and p1-p99 winsorisation; EBM was fitted on the corresponding standardised values.
dti,14.475,-0.43276619303450525,-0.07777109317798428,-0.08112207855910963,-0.07442010779685893,Original cleaned units after median imputation and p1-p99 winsorisation; EBM was fitted on the corresponding standardised values.
dti,14.559999999999999,-0.42264824049722965,-0.07566471555572597,-0.07941505385161912,-0.07191437725983282,Original cleaned units after median imputation and p1-p99 winsorisation; EBM was fitted on the corresponding standardised values.
dti,14.649999999999999,-0.4119351142812908,-0.07438044112916123,-0.07901417954135743,-0.06974670271696502,Original cleaned units after median imputation and p1-p99 winsorisation; EBM was fitted on the corresponding standardised values.
dti,14.739999999999998,-0.401221988065352,-0.07438044112916123,-0.07901417954135743,-0.06974670271696502,Original cleaned units after median imputation and p1-p99 winsorisation; EBM was fitted on the corresponding standardised values.
dti,14.83,-0.3905088618494131,-0.07378929254096757,-0.07812528840018251,-0.06945329668175262,Original cleaned units after median imputation and p1-p99 winsorisation; EBM was fitted on the corresponding standardised values.
dti,14.92,-0.37979573563347413,-0.07378929254096757,-0.07812528840018251,-0.06945329668175262,Original cleaned units after median imputation and p1-p99 winsorisation; EBM was fitted on the corresponding standardised values.
dti,15.010000000000002,-0.36908260941753523,-0.07040264368631916,-0.07383605156668427,-0.06696923580595404,Original cleaned units after median imputation and p1-p99 winsorisation; EBM was fitted on the corresponding standardised values.
dti,15.100000000000001,-0.3583694832015964,-0.06815796346794246,-0.06929402575146894,-0.06702190118441599,Original cleaned units after median imputation and p1-p99 winsorisation; EBM was fitted on the corresponding standardised values.
dti,15.190000000000001,-0.34765635698565756,-0.06815796346794246,-0.06929402575146894,-0.06702190118441599,Original cleaned units after median imputation and p1-p99 winsorisation; EBM was fitted on the corresponding standardised values.
dti,15.280000000000001,-0.3369432307697187,-0.06815796346794246,-0.06929402575146894,-0.06702190118441599,Original cleaned units after median imputation and p1-p99 winsorisation; EBM was fitted on the corresponding standardised values.
dti,15.370000000000001,-0.3262301045537799,-0.06703412304332651,-0.06865773236854633,-0.06541051371810669,Original cleaned units after median imputation and p1-p99 winsorisation; EBM was fitted on the corresponding standardised values.
dti,15.46,-0.31551697833784104,-0.06703412304332651,-0.06865773236854633,-0.06541051371810669,Original cleaned units after median imputation and p1-p99 winsorisation; EBM was fitted on the corresponding standardised values.
dti,15.55,-0.3048038521219022,-0.06220459661168608,-0.06717821137705746,-0.05723098184631469,Original cleaned units after median imputation and p1-p99 winsorisation; EBM was fitted on the corresponding standardised values.
dti,15.64,-0.29409072590596336,-0.05978239203144341,-0.06489846506611234,-0.054666318996774474,Original cleaned units after median imputation and p1-p99 winsorisation; EBM was fitted on the corresponding standardised values.
dti,15.73,-0.2833775996900245,-0.05978239203144341,-0.06489846506611234,-0.054666318996774474,Original cleaned units after median imputation and p1-p99 winsorisation; EBM was fitted on the corresponding standardised values.
dti,15.82,-0.2726644734740857,-0.05978239203144341,-0.06489846506611234,-0.054666318996774474,Original cleaned units after median imputation and p1-p99 winsorisation; EBM was fitted on the corresponding standardised values.
dti,15.91,-0.2619513472581468,-0.05978239203144341,-0.06489846506611234,-0.054666318996774474,Original cleaned units after median imputation and p1-p99 winsorisation; EBM was fitted on the corresponding standardised values.
dti,16.0,-0.25123822104220794,-0.05870382450663489,-0.06488649571330629,-0.05252115329996349,Original cleaned units after median imputation and p1-p99 winsorisation; EBM was fitted on the corresponding standardised values.
dti,16.09,-0.24052509482626908,-0.05870382450663489,-0.06488649571330629,-0.05252115329996349,Original cleaned units after median imputation and p1-p99 winsorisation; EBM was fitted on the corresponding standardised values.
dti,16.18,-0.2298119686103302,-0.057325102055399375,-0.06374218461004089,-0.050908019500757865,Original cleaned units after median imputation and p1-p99 winsorisation; EBM was fitted on the corresponding standardised values.
dti,16.27,-0.21909884239439137,-0.056245130550722944,-0.06426753309572306,-0.04822272800572283,Original cleaned units after median imputation and p1-p99 winsorisation; EBM was fitted on the corresponding standardised values.
dti,16.36,-0.20838571617845253,-0.055787789646013455,-0.06383314786631655,-0.04774243142571035,Original cleaned units after median imputation and p1-p99 winsorisation; EBM was fitted on the corresponding standardised values.
dti,16.45,-0.1976725899625137,-0.055338711254422815,-0.0634818759597868,-0.04719554654905884,Original cleaned units after median imputation and p1-p99 winsorisation; EBM was fitted on the corresponding standardised values.
dti,16.54,-0.18695946374657485,-0.051830873032476084,-0.05764198481510012,-0.04601976124985205,Original cleaned units after median imputation and p1-p99 winsorisation; EBM was fitted on the corresponding standardised values.
dti,16.63,-0.1762463375306359,-0.05124265736840908,-0.0578868195942385,-0.04459849514257966,Original cleaned units after median imputation and p1-p99 winsorisation; EBM was fitted on the corresponding standardised values.
dti,16.72,-0.16553321131469695,-0.05010100982503204,-0.05749499636241561,-0.042707023287648464,Original cleaned units after median imputation and p1-p99 winsorisation; EBM was fitted on the corresponding standardised values.
dti,16.810000000000002,-0.1548200850987581,-0.04404401786170676,-0.05331023726249906,-0.03477779846091446,Original cleaned units after median imputation and p1-p99 winsorisation; EBM was fitted on the corresponding standardised values.
dti,16.905,-0.14351178520415603,-0.04248026523703638,-0.05207217320192276,-0.03288835727215,Original cleaned units after median imputation and p1-p99 winsorisation; EBM was fitted on the corresponding standardised values.
dti,17.0,-0.13220348530955392,-0.0401733926298617,-0.05222124615780986,-0.028125539101913538,Original cleaned units after median imputation and p1-p99 winsorisation; EBM was fitted on the corresponding standardised values.
dti,17.09,-0.12149035909361508,-0.03960903491371214,-0.05151001648204374,-0.027708053345380547,Original cleaned units after median imputation and p1-p99 winsorisation; EBM was fitted on the corresponding standardised values.
dti,17.18,-0.11077723287767624,-0.004638477122717123,-0.011485620603812953,0.0022086663583787075,Original cleaned units after median imputation and p1-p99 winsorisation; EBM was fitted on the corresponding standardised values.
dti,17.27,-0.1000641066617374,-0.004638477122717123,-0.011485620603812953,0.0022086663583787075,Original cleaned units after median imputation and p1-p99 winsorisation; EBM was fitted on the corresponding standardised values.
dti,17.365000000000002,-0.0887558067671352,-0.0038604542789653228,-0.011902982854013365,0.00418207429608272,Original cleaned units after median imputation and p1-p99 winsorisation; EBM was fitted on the corresponding standardised values.
dti,17.46,-0.07744750687253299,-0.0038604542789653228,-0.011902982854013365,0.00418207429608272,Original cleaned units after median imputation and p1-p99 winsorisation; EBM was fitted on the corresponding standardised values.
dti,17.55,-0.06673438065659415,-0.0038604542789653228,-0.011902982854013365,0.00418207429608272,Original cleaned units after median imputation and p1-p99 winsorisation; EBM was fitted on the corresponding standardised values.
dti,17.635,-0.056616428119318565,-0.0023875818834432046,-0.011014071877204323,0.006238908110317913,Original cleaned units after median imputation and p1-p99 winsorisation; EBM was fitted on the corresponding standardised values.
dti,17.72,-0.04649847558204298,-0.0019306133483979627,-0.010056116186008284,0.006194889489212358,Original cleaned units after median imputation and p1-p99 winsorisation; EBM was fitted on the corresponding standardised values.
dti,17.815,-0.035190175687440886,-0.0005041962665386784,-0.009944351023183133,0.008935958490105776,Original cleaned units after median imputation and p1-p99 winsorisation; EBM was fitted on the corresponding standardised values.
dti,17.915,-0.023286702114175526,0.0008190012053195053,-0.007633641730607973,0.009271644141246984,Original cleaned units after median imputation and p1-p99 winsorisation; EBM was fitted on the corresponding standardised values.
dti,18.009999999999998,-0.011978402219573428,0.0016992881385380694,-0.007455836746105682,0.010854413023181821,Original cleaned units after median imputation and p1-p99 winsorisation; EBM was fitted on the corresponding standardised values.
dti,18.1,-0.0012652760036345862,0.0016992881385380694,-0.007455836746105682,0.010854413023181821,Original cleaned units after median imputation and p1-p99 winsorisation; EBM was fitted on the corresponding standardised values.
dti,18.189999999999998,0.009447850212304255,0.003908962471392171,-0.0027895148912628915,0.010607439834047234,Original cleaned units after median imputation and p1-p99 winsorisation; EBM was fitted on the corresponding standardised values.
dti,18.28,0.020160976428243098,0.0044073582803228675,-0.002854575109411254,0.011669291670056989,Original cleaned units after median imputation and p1-p99 winsorisation; EBM was fitted on the corresponding standardised values.
dti,18.375,0.031469276322845297,0.005101150489265602,-0.002773041893138306,0.012975342871669508,Original cleaned units after median imputation and p1-p99 winsorisation; EBM was fitted on the corresponding standardised values.
dti,18.47,0.0427775762174475,0.005101150489265602,-0.002773041893138306,0.012975342871669508,Original cleaned units after median imputation and p1-p99 winsorisation; EBM was fitted on the corresponding standardised values.
dti,18.560000000000002,0.05349070243338634,0.005597183876570145,-0.0027932380191910793,0.01398760577233137,Original cleaned units after median imputation and p1-p99 winsorisation; EBM was fitted on the corresponding standardised values.
dti,18.650000000000002,0.0642038286493252,0.006191732490841985,-0.002770266415086339,0.01515373139677031,Original cleaned units after median imputation and p1-p99 winsorisation; EBM was fitted on the corresponding standardised values.
dti,18.745,0.07551212854392729,0.006191732490841985,-0.002770266415086339,0.01515373139677031,Original cleaned units after median imputation and p1-p99 winsorisation; EBM was fitted on the corresponding standardised values.
dti,18.84,0.08682042843852938,0.007312682296857364,-0.0008508169673479369,0.015476181561062665,Original cleaned units after median imputation and p1-p99 winsorisation; EBM was fitted on the corresponding standardised values.
dti,18.935,0.09812872833313148,0.007312682296857364,-0.0008508169673479369,0.015476181561062665,Original cleaned units after median imputation and p1-p99 winsorisation; EBM was fitted on the corresponding standardised values.
dti,19.03,0.10943702822773357,0.008024583535884845,0.0007970681542864991,0.015252098917483192,Original cleaned units after median imputation and p1-p99 winsorisation; EBM was fitted on the corresponding standardised values.
dti,19.125,0.12074532812233578,0.009857362370822862,0.0034593062815814254,0.0162554184600643,Original cleaned units after median imputation and p1-p99 winsorisation; EBM was fitted on the corresponding standardised values.
dti,19.225,0.13264880169560123,0.011134037821859113,0.0030465601673568873,0.01922151547636134,Original cleaned units after median imputation and p1-p99 winsorisation; EBM was fitted on the corresponding standardised values.
dti,19.32,0.14395710159020333,0.013099570897214658,0.006420716830133612,0.019778424964295705,Original cleaned units after median imputation and p1-p99 winsorisation; EBM was fitted on the corresponding standardised values.
dti,19.415,0.15526540148480544,0.01468371166360185,0.00709834625565251,0.022269077071551187,Original cleaned units after median imputation and p1-p99 winsorisation; EBM was fitted on the corresponding standardised values.
dti,19.51,0.16657370137940755,0.016499179156367127,0.010061053000071308,0.022937305312662946,Original cleaned units after median imputation and p1-p99 winsorisation; EBM was fitted on the corresponding standardised values.
dti,19.6,0.1772868275953464,0.024324171850308083,0.02098023284068008,0.027668110859936087,Original cleaned units after median imputation and p1-p99 winsorisation; EBM was fitted on the corresponding standardised values.
dti,19.695,0.18859512748994847,0.024806664324166644,0.021547254987702723,0.028066073660630565,Original cleaned units after median imputation and p1-p99 winsorisation; EBM was fitted on the corresponding standardised values.
dti,19.79,0.19990342738455055,0.028912964207326673,0.024694357006338187,0.03313157140831516,Original cleaned units after median imputation and p1-p99 winsorisation; EBM was fitted on the corresponding standardised values.
dti,19.88,0.2106165536004895,0.028912964207326673,0.024694357006338187,0.03313157140831516,Original cleaned units after median imputation and p1-p99 winsorisation; EBM was fitted on the corresponding standardised values.
dti,19.975,0.22192485349509172,0.028912964207326673,0.024694357006338187,0.03313157140831516,Original cleaned units after median imputation and p1-p99 winsorisation; EBM was fitted on the corresponding standardised values.
dti,20.07,0.23323315338969383,0.029811509800088495,0.026192044088741685,0.033430975511435305,Original cleaned units after median imputation and p1-p99 winsorisation; EBM was fitted on the corresponding standardised values.
dti,20.165,0.24454145328429594,0.03132285984790763,0.027306857627106336,0.03533886206870892,Original cleaned units after median imputation and p1-p99 winsorisation; EBM was fitted on the corresponding standardised values.
dti,20.265,0.25644492685756126,0.03223540114595182,0.029072355787834757,0.03539844650406888,Original cleaned units after median imputation and p1-p99 winsorisation; EBM was fitted on the corresponding standardised values.
dti,20.365000000000002,0.26834840043082675,0.03386413102187275,0.031707837832850715,0.03602042421089479,Original cleaned units after median imputation and p1-p99 winsorisation; EBM was fitted on the corresponding standardised values.
dti,20.465,0.2802518740040922,0.03520121127502294,0.031943010158509484,0.03845941239153639,Original cleaned units after median imputation and p1-p99 winsorisation; EBM was fitted on the corresponding standardised values.
dti,20.565,0.29215534757735756,0.03937462583709897,0.03395930407300476,0.04478994760119318,Original cleaned units after median imputation and p1-p99 winsorisation; EBM was fitted on the corresponding standardised values.
dti,20.665,0.30405882115062294,0.03937462583709897,0.03395930407300476,0.04478994760119318,Original cleaned units after median imputation and p1-p99 winsorisation; EBM was fitted on the corresponding standardised values.
dti,20.765,0.31596229472388826,0.04112297894236036,0.03572347389296091,0.04652248399175981,Original cleaned units after median imputation and p1-p99 winsorisation; EBM was fitted on the corresponding standardised values.
dti,20.865000000000002,0.32786576829715375,0.04112297894236036,0.03572347389296091,0.04652248399175981,Original cleaned units after median imputation and p1-p99 winsorisation; EBM was fitted on the corresponding standardised values.
dti,20.965,0.3397692418704192,0.04332866808716927,0.03997938504011186,0.04667795113422669,Original cleaned units after median imputation and p1-p99 winsorisation; EBM was fitted on the corresponding standardised values.
dti,21.065,0.35167271544368456,0.050071112180338516,0.04319920530235408,0.056943019058322955,Original cleaned units after median imputation and p1-p99 winsorisation; EBM was fitted on the corresponding standardised values.
dti,21.165,0.3635761890169499,0.050071112180338516,0.04319920530235408,0.056943019058322955,Original cleaned units after median imputation and p1-p99 winsorisation; EBM was fitted on the corresponding standardised values.
dti,21.265,0.37547966259021526,0.05129900616035116,0.044668839323818724,0.05792917299688359,Original cleaned units after median imputation and p1-p99 winsorisation; EBM was fitted on the corresponding standardised values.
dti,21.365000000000002,0.3873831361634807,0.052497024143922565,0.04709131606417406,0.057902732223671066,Original cleaned units after median imputation and p1-p99 winsorisation; EBM was fitted on the corresponding standardised values.
dti,21.465,0.3992866097367462,0.054016165221885105,0.046042461724515205,0.061989868719255006,Original cleaned units after median imputation and p1-p99 winsorisation; EBM was fitted on the corresponding standardised values.
dti,21.565,0.4111900833100115,0.055732017360467984,0.04672293718747798,0.064741097533458,Original cleaned units after median imputation and p1-p99 winsorisation; EBM was fitted on the corresponding standardised values.
dti,21.665,0.4230935568832769,0.07983964313414944,0.0632979154687115,0.09638137079958739,Original cleaned units after median imputation and p1-p99 winsorisation; EBM was fitted on the corresponding standardised values.
dti,21.765,0.43499703045654226,0.08853966378272869,0.07419136729451363,0.10288796027094375,Original cleaned units after median imputation and p1-p99 winsorisation; EBM was fitted on the corresponding standardised values.
dti,21.865000000000002,0.4469005040298077,0.0973029628638514,0.0940543890191812,0.1005515367085216,Original cleaned units after median imputation and p1-p99 winsorisation; EBM was fitted on the corresponding standardised values.
dti,21.97,0.4593991512817364,0.09967639533708558,0.09578857126233314,0.10356421941183802,Original cleaned units after median imputation and p1-p99 winsorisation; EBM was fitted on the corresponding standardised values.
dti,22.08,0.4724929722123283,0.10165074787760708,0.0965796246425128,0.10672187111270137,Original cleaned units after median imputation and p1-p99 winsorisation; EBM was fitted on the corresponding standardised values.
dti,22.189999999999998,0.48558679314292014,0.10315492914940327,0.09782048882923641,0.10848936946957013,Original cleaned units after median imputation and p1-p99 winsorisation; EBM was fitted on the corresponding standardised values.
dti,22.3,0.4986806140735121,0.10315492914940327,0.09782048882923641,0.10848936946957013,Original cleaned units after median imputation and p1-p99 winsorisation; EBM was fitted on the corresponding standardised values.
dti,22.41,0.511774435004104,0.10433605383281591,0.09849056765530637,0.11018154001032546,Original cleaned units after median imputation and p1-p99 winsorisation; EBM was fitted on the corresponding standardised values.
dti,22.52,0.524868255934696,0.1060563703215366,0.09848827560585424,0.11362446503721896,Original cleaned units after median imputation and p1-p99 winsorisation; EBM was fitted on the corresponding standardised values.
dti,22.63,0.537962076865288,0.1071691180116032,0.0994376052925113,0.11490063073069509,Original cleaned units after median imputation and p1-p99 winsorisation; EBM was fitted on the corresponding standardised values.
dti,22.740000000000002,0.5510558977958799,0.11386619955433185,0.10894807204760305,0.11878432706106064,Original cleaned units after median imputation and p1-p99 winsorisation; EBM was fitted on the corresponding standardised values.
dti,22.85,0.5641497187264718,0.11453859442431746,0.10858204640678153,0.1204951424418534,Original cleaned units after median imputation and p1-p99 winsorisation; EBM was fitted on the corresponding standardised values.
dti,22.96,0.5772435396570638,0.12143069721271925,0.11789442502527177,0.12496696940016673,Original cleaned units after median imputation and p1-p99 winsorisation; EBM was fitted on the corresponding standardised values.
dti,23.075,0.590932534266319,0.12396748057484003,0.11839136739656575,0.1295435937531143,Original cleaned units after median imputation and p1-p99 winsorisation; EBM was fitted on the corresponding standardised values.
dti,23.189999999999998,0.6046215288755741,0.12471777903973427,0.11844006281479165,0.13099549526467688,Original cleaned units after median imputation and p1-p99 winsorisation; EBM was fitted on the corresponding standardised values.
dti,23.299999999999997,0.617715349806166,0.12600630589538162,0.11852344330689757,0.13348916848386566,Original cleaned units after median imputation and p1-p99 winsorisation; EBM was fitted on the corresponding standardised values.
dti,23.41,0.630809170736758,0.12830354311699618,0.12002956817317381,0.13657751806081855,Original cleaned units after median imputation and p1-p99 winsorisation; EBM was fitted on the corresponding standardised values.
dti,23.525,0.6444981653460132,0.12979332984622247,0.12213783142247499,0.13744882826996996,Original cleaned units after median imputation and p1-p99 winsorisation; EBM was fitted on the corresponding standardised values.
dti,23.645,0.6587823336339318,0.12979332984622247,0.12213783142247499,0.13744882826996996,Original cleaned units after median imputation and p1-p99 winsorisation; EBM was fitted on the corresponding standardised values.
dti,23.765,0.6730665019218502,0.12979332984622247,0.12213783142247499,0.13744882826996996,Original cleaned units after median imputation and p1-p99 winsorisation; EBM was fitted on the corresponding standardised values.
dti,23.884999999999998,0.6873506702097687,0.12979332984622247,0.12213783142247499,0.13744882826996996,Original cleaned units after median imputation and p1-p99 winsorisation; EBM was fitted on the corresponding standardised values.
dti,24.0,0.7010396648190239,0.13075864908594304,0.12305586689315731,0.13846143127872876,Original cleaned units after median imputation and p1-p99 winsorisation; EBM was fitted on the corresponding standardised values.
dti,24.115000000000002,0.7147286594282791,0.13393124062350598,0.12450273179207677,0.14335974945493518,Original cleaned units after median imputation and p1-p99 winsorisation; EBM was fitted on the corresponding standardised values.
dti,24.235,0.7290128277161976,0.13873883620215324,0.13375645887992238,0.1437212135243841,Original cleaned units after median imputation and p1-p99 winsorisation; EBM was fitted on the corresponding standardised values.
dti,24.355,0.743296996004116,0.14009069727379986,0.1360497363818703,0.14413165816572943,Original cleaned units after median imputation and p1-p99 winsorisation; EBM was fitted on the corresponding standardised values.
dti,24.475,0.7575811642920346,0.14790188973479532,0.1406207336213479,0.15518304584824275,Original cleaned units after median imputation and p1-p99 winsorisation; EBM was fitted on the corresponding standardised values.
dti,24.595,0.7718653325799529,0.14790188973479532,0.1406207336213479,0.15518304584824275,Original cleaned units after median imputation and p1-p99 winsorisation; EBM was fitted on the corresponding standardised values.
dti,24.715,0.7861495008678714,0.14906907232095074,0.14154300862324096,0.1565951360186605,Original cleaned units after median imputation and p1-p99 winsorisation; EBM was fitted on the corresponding standardised values.
dti,24.84,0.8010288428344532,0.15200588785124458,0.14421152032967255,0.1598002553728166,Original cleaned units after median imputation and p1-p99 winsorisation; EBM was fitted on the corresponding standardised values.
dti,24.97,0.8165033584796982,0.15391787674512322,0.14763566275095505,0.1602000907392914,Original cleaned units after median imputation and p1-p99 winsorisation; EBM was fitted on the corresponding standardised values.
dti,25.1,0.8319778741249433,0.15475212740715885,0.147052394450372,0.1624518603639457,Original cleaned units after median imputation and p1-p99 winsorisation; EBM was fitted on the corresponding standardised values.
dti,25.235,0.8480475634488516,0.15475212740715885,0.147052394450372,0.1624518603639457,Original cleaned units after median imputation and p1-p99 winsorisation; EBM was fitted on the corresponding standardised values.
dti,25.375,0.8647124264514232,0.15669920865752046,0.1498729189962969,0.16352549831874402,Original cleaned units after median imputation and p1-p99 winsorisation; EBM was fitted on the corresponding standardised values.
dti,25.515,0.8813772894539946,0.20122586878120916,0.19211339830549023,0.21033833925692808,Original cleaned units after median imputation and p1-p99 winsorisation; EBM was fitted on the corresponding standardised values.
dti,25.65,0.8974469787779029,0.2026603691731337,0.19427490513537637,0.21104583321089104,Original cleaned units after median imputation and p1-p99 winsorisation; EBM was fitted on the corresponding standardised values.
dti,25.785,0.9135166681018112,0.2026603691731337,0.19427490513537637,0.21104583321089104,Original cleaned units after median imputation and p1-p99 winsorisation; EBM was fitted on the corresponding standardised values.
dti,25.924999999999997,0.9301815311043827,0.2037160118837255,0.19360639406514019,0.21382562970231084,Original cleaned units after median imputation and p1-p99 winsorisation; EBM was fitted on the corresponding standardised values.
dti,26.064999999999998,0.9468463941069543,0.2043486316835272,0.19423324654275675,0.21446401682429767,Original cleaned units after median imputation and p1-p99 winsorisation; EBM was fitted on the corresponding standardised values.
dti,26.205,0.9635112571095259,0.2058241089184596,0.1964452231414433,0.21520299469547588,Original cleaned units after median imputation and p1-p99 winsorisation; EBM was fitted on the corresponding standardised values.
dti,26.34,0.9795809464334342,0.20797562536915884,0.19919089856590536,0.21676035217241232,Original cleaned units after median imputation and p1-p99 winsorisation; EBM was fitted on the corresponding standardised values.
dti,26.479999999999997,0.9962458094360057,0.20797562536915884,0.19919089856590536,0.21676035217241232,Original cleaned units after median imputation and p1-p99 winsorisation; EBM was fitted on the corresponding standardised values.
dti,26.63,1.0141010197959037,0.20797562536915884,0.19919089856590536,0.21676035217241232,Original cleaned units after median imputation and p1-p99 winsorisation; EBM was fitted on the corresponding standardised values.
dti,26.775,1.0313610564771387,0.20892892008603478,0.20124730099793772,0.21661053917413184,Original cleaned units after median imputation and p1-p99 winsorisation; EBM was fitted on the corresponding standardised values.
dti,26.925,1.0492162668370368,0.21754252117498551,0.2077353364910205,0.22734970585895053,Original cleaned units after median imputation and p1-p99 winsorisation; EBM was fitted on the corresponding standardised values.
dti,27.075,1.0670714771969347,0.23373873438470189,0.22327774263892336,0.2441997261304804,Original cleaned units after median imputation and p1-p99 winsorisation; EBM was fitted on the corresponding standardised values.
dti,27.22,1.0843315138781695,0.23373873438470189,0.22327774263892336,0.2441997261304804,Original cleaned units after median imputation and p1-p99 winsorisation; EBM was fitted on the corresponding standardised values.
dti,27.375,1.102781897916731,0.23515846948364316,0.22477294219619617,0.24554399677109015,Original cleaned units after median imputation and p1-p99 winsorisation; EBM was fitted on the corresponding standardised values.
dti,27.535,1.1218274556339558,0.23515846948364316,0.22477294219619617,0.24554399677109015,Original cleaned units after median imputation and p1-p99 winsorisation; EBM was fitted on the corresponding standardised values.
dti,27.695,1.1408730133511804,0.23515846948364316,0.22477294219619617,0.24554399677109015,Original cleaned units after median imputation and p1-p99 winsorisation; EBM was fitted on the corresponding standardised values.
dti,27.855,1.159918571068405,0.23067614997624344,0.2225561006645229,0.238796199287964,Original cleaned units after median imputation and p1-p99 winsorisation; EBM was fitted on the corresponding standardised values.
dti,28.020000000000003,1.179559302464293,0.23139197471043516,0.22424766550740177,0.23853628391346854,Original cleaned units after median imputation and p1-p99 winsorisation; EBM was fitted on the corresponding standardised values.
dti,28.185,1.1992000338601807,0.23139197471043516,0.22424766550740177,0.23853628391346854,Original cleaned units after median imputation and p1-p99 winsorisation; EBM was fitted on the corresponding standardised values.
dti,28.35,1.2188407652560689,0.23420725647702062,0.22596570183190465,0.2424488111221366,Original cleaned units after median imputation and p1-p99 winsorisation; EBM was fitted on the corresponding standardised values.
dti,28.520000000000003,1.23907667033062,0.23420725647702062,0.22596570183190465,0.2424488111221366,Original cleaned units after median imputation and p1-p99 winsorisation; EBM was fitted on the corresponding standardised values.
dti,28.689999999999998,1.259312575405171,0.23420725647702062,0.22596570183190465,0.2424488111221366,Original cleaned units after median imputation and p1-p99 winsorisation; EBM was fitted on the corresponding standardised values.
dti,28.865000000000002,1.2801436541583855,0.23575304960827614,0.22668137448474346,0.24482472473180883,Original cleaned units after median imputation and p1-p99 winsorisation; EBM was fitted on the corresponding standardised values.
dti,29.044999999999998,1.301569906590263,0.2749891266874578,0.27051999297542245,0.2794582603994931,Original cleaned units after median imputation and p1-p99 winsorisation; EBM was fitted on the corresponding standardised values.
dti,29.22,1.3224009853434775,0.2749891266874578,0.27051999297542245,0.2794582603994931,Original cleaned units after median imputation and p1-p99 winsorisation; EBM was fitted on the corresponding standardised values.
dti,29.394999999999996,1.343232064096692,0.2834811021871923,0.266952386506569,0.3000098178678156,Original cleaned units after median imputation and p1-p99 winsorisation; EBM was fitted on the corresponding standardised values.
dti,29.575000000000003,1.36465831652857,0.285182060567054,0.2697413518754045,0.30062276925870346,Original cleaned units after median imputation and p1-p99 winsorisation; EBM was fitted on the corresponding standardised values.
dti,29.759999999999998,1.3866797426391109,0.285182060567054,0.2697413518754045,0.30062276925870346,Original cleaned units after median imputation and p1-p99 winsorisation; EBM was fitted on the corresponding standardised values.
dti,29.955000000000002,1.4098915161069785,0.28581585272187227,0.2707256205159892,0.30090608492775534,Original cleaned units after median imputation and p1-p99 winsorisation; EBM was fitted on the corresponding standardised values.
dti,30.17,1.4354839842894989,0.28323734286465585,0.2726039941311618,0.2938706915981499,Original cleaned units after median imputation and p1-p99 winsorisation; EBM was fitted on the corresponding standardised values.
dti,30.395000000000003,1.4622667998293462,0.28516772445057914,0.2732118804776479,0.2971235684235104,Original cleaned units after median imputation and p1-p99 winsorisation; EBM was fitted on the corresponding standardised values.
dti,30.625,1.4896447890478566,0.28651963861876706,0.2746739537308568,0.2983653235066773,Original cleaned units after median imputation and p1-p99 winsorisation; EBM was fitted on the corresponding standardised values.
dti,30.86,1.5176179519450301,0.29088099338488294,0.2796285888447833,0.30213339792498256,Original cleaned units after median imputation and p1-p99 winsorisation; EBM was fitted on the corresponding standardised values.
dti,31.1,1.5461862885208673,0.29088099338488294,0.2796285888447833,0.30213339792498256,Original cleaned units after median imputation and p1-p99 winsorisation; EBM was fitted on the corresponding standardised values.
dti,31.349999999999998,1.5759449724540304,0.3085664818843685,0.29942097788429484,0.3177119858844422,Original cleaned units after median imputation and p1-p99 winsorisation; EBM was fitted on the corresponding standardised values.
dti,31.6,1.605703656387194,0.3085664818843685,0.29942097788429484,0.3177119858844422,Original cleaned units after median imputation and p1-p99 winsorisation; EBM was fitted on the corresponding standardised values.
dti,31.854999999999997,1.6360575139990208,0.3205898152486756,0.31055097170505047,0.3306286587923007,Original cleaned units after median imputation and p1-p99 winsorisation; EBM was fitted on the corresponding standardised values.
dti,32.12,1.667601718968174,0.32136856357181653,0.3112209942658325,0.3315161328778006,Original cleaned units after median imputation and p1-p99 winsorisation; EBM was fitted on the corresponding standardised values.
dti,32.39,1.6997410976159908,0.32487033468395665,0.31338515388736465,0.33635551548054865,Original cleaned units after median imputation and p1-p99 winsorisation; EBM was fitted on the corresponding standardised values.
dti,32.67,1.733070823621134,0.3256446544910195,0.31392622113687213,0.33736308784516683,Original cleaned units after median imputation and p1-p99 winsorisation; EBM was fitted on the corresponding standardised values.
dti,32.95,1.7664005496262771,0.3262637851355128,0.3146312906426253,0.3378962796284003,Original cleaned units after median imputation and p1-p99 winsorisation; EBM was fitted on the corresponding standardised values.
dti,33.24,1.8009206229887467,0.3262637851355128,0.3146312906426253,0.3378962796284003,Original cleaned units after median imputation and p1-p99 winsorisation; EBM was fitted on the corresponding standardised values.
dti,33.55,1.8378213910658694,0.3214295833443432,0.30782428670988005,0.3350348799788063,Original cleaned units after median imputation and p1-p99 winsorisation; EBM was fitted on the corresponding standardised values.
dti,33.87,1.8759125065003186,0.3214295833443432,0.30782428670988005,0.3350348799788063,Original cleaned units after median imputation and p1-p99 winsorisation; EBM was fitted on the corresponding standardised values.
dti,34.195,1.9145987956134314,0.33887858897876183,0.3236912209913312,0.3540659569661925,Original cleaned units after median imputation and p1-p99 winsorisation; EBM was fitted on the corresponding standardised values.
dti,34.53,1.9544754320838704,0.41300649668665124,0.3991520594248099,0.42686093394849256,Original cleaned units after median imputation and p1-p99 winsorisation; EBM was fitted on the corresponding standardised values.
dti,34.905,1.9991134579836156,0.41300649668665124,0.3991520594248099,0.42686093394849256,Original cleaned units after median imputation and p1-p99 winsorisation; EBM was fitted on the corresponding standardised values.
dti,35.47,2.066368083672565,0.36283124566828395,0.35975139544068957,0.36591109589587834,Original cleaned units after median imputation and p1-p99 winsorisation; EBM was fitted on the corresponding standardised values.
dti,36.21,2.154453788114729,0.36989195114812634,0.3566771466181551,0.3831067556780976,Original cleaned units after median imputation and p1-p99 winsorisation; EBM was fitted on the corresponding standardised values.
dti,37.005,2.249086403022189,0.3741310196711639,0.3597491732537149,0.3885128660886129,Original cleaned units after median imputation and p1-p99 winsorisation; EBM was fitted on the corresponding standardised values.
dti,37.89,2.354432144145588,0.38091466862192447,0.365594142201476,0.3962351950423729,Original cleaned units after median imputation and p1-p99 winsorisation; EBM was fitted on the corresponding standardised values.
dti,38.3575,2.4100808831006035,0.34402153568511684,0.3090805092532197,0.37896256211701396,Original cleaned units after median imputation and p1-p99 winsorisation; EBM was fitted on the corresponding standardised values.
loan_amnt,1556.25,-1.4866759176715656,-0.9991989837088996,-1.0799027672978858,-0.9184952001199135,Original cleaned units after median imputation and p1-p99 winsorisation; EBM was fitted on the corresponding standardised values.
loan_amnt,1675.0,-1.4729325477879067,-0.99757310489915,-1.0761518450905145,-0.9189943647077854,Original cleaned units after median imputation and p1-p99 winsorisation; EBM was fitted on the corresponding standardised values.
loan_amnt,1887.5,-1.4483391490487278,-0.9344024224182363,-0.9934660256282576,-0.8753388192082151,Original cleaned units after median imputation and p1-p99 winsorisation; EBM was fitted on the corresponding standardised values.
loan_amnt,2000.0,-1.4353191144221038,-0.5838628972006028,-0.6430040064352822,-0.5247217879659234,Original cleaned units after median imputation and p1-p99 winsorisation; EBM was fitted on the corresponding standardised values.
loan_amnt,2100.0,-1.423745750309549,-0.5729096267051839,-0.6249866600860086,-0.5208325933243592,Original cleaned units after median imputation and p1-p99 winsorisation; EBM was fitted on the corresponding standardised values.
loan_amnt,2287.5,-1.4020456925985088,-0.5729096267051839,-0.6249866600860086,-0.5208325933243592,Original cleaned units after median imputation and p1-p99 winsorisation; EBM was fitted on the corresponding standardised values.
loan_amnt,2400.0,-1.3890256579718847,-0.571784461461807,-0.6250841825568093,-0.5184847403668046,Original cleaned units after median imputation and p1-p99 winsorisation; EBM was fitted on the corresponding standardised values.
loan_amnt,2449.999999999998,-1.3832389759156074,-0.5719202593077212,-0.6253568402846315,-0.5184836783308109,Original cleaned units after median imputation and p1-p99 winsorisation; EBM was fitted on the corresponding standardised values.
loan_amnt,2500.0,-1.3774522938593299,-0.5697015943655552,-0.6227817429501448,-0.5166214457809657,Original cleaned units after median imputation and p1-p99 winsorisation; EBM was fitted on the corresponding standardised values.
loan_amnt,2650.0,-1.3600922476904977,-0.5424150160670181,-0.5995127701001081,-0.4853172620339282,Original cleaned units after median imputation and p1-p99 winsorisation; EBM was fitted on the corresponding standardised values.
loan_amnt,2800.0,-1.3427322015216656,-0.5424150160670181,-0.5995127701001081,-0.4853172620339282,Original cleaned units after median imputation and p1-p99 winsorisation; EBM was fitted on the corresponding standardised values.
loan_amnt,2900.0,-1.3311588374091108,-0.5411967935623623,-0.5999498441804585,-0.48244374294426606,Original cleaned units after median imputation and p1-p99 winsorisation; EBM was fitted on the corresponding standardised values.
loan_amnt,3000.0,-1.319585473296556,-0.46126156342232166,-0.4904890334253534,-0.43203409341928994,Original cleaned units after median imputation and p1-p99 winsorisation; EBM was fitted on the corresponding standardised values.
loan_amnt,3100.000000000002,-1.3080121091840011,-0.460242343411676,-0.4907410877293768,-0.42974359909397525,Original cleaned units after median imputation and p1-p99 winsorisation; EBM was fitted on the corresponding standardised values.
loan_amnt,3200.0,-1.2964387450714465,-0.45941460258358197,-0.48922097740560466,-0.42960822776155927,Original cleaned units after median imputation and p1-p99 winsorisation; EBM was fitted on the corresponding standardised values.
loan_amnt,3350.0,-1.2790786989026144,-0.45941460258358197,-0.48922097740560466,-0.42960822776155927,Original cleaned units after median imputation and p1-p99 winsorisation; EBM was fitted on the corresponding standardised values.
loan_amnt,3512.5,-1.2602719822197128,-0.4585746098929603,-0.4877336769360785,-0.42941554284984207,Original cleaned units after median imputation and p1-p99 winsorisation; EBM was fitted on the corresponding standardised values.
loan_amnt,3575.0,-1.253038629649366,-0.38430978441894925,-0.40161386145330036,-0.36700570738459815,Original cleaned units after median imputation and p1-p99 winsorisation; EBM was fitted on the corresponding standardised values.
loan_amnt,3712.5,-1.2371252539946032,-0.38430978441894925,-0.40161386145330036,-0.36700570738459815,Original cleaned units after median imputation and p1-p99 winsorisation; EBM was fitted on the corresponding standardised values.
loan_amnt,3900.000000000002,-1.215425196283563,-0.3821569318965134,-0.3992011167040562,-0.36511274708897057,Original cleaned units after median imputation and p1-p99 winsorisation; EBM was fitted on the corresponding standardised values.
loan_amnt,4000.0,-1.2038518321710083,-0.3637635365896673,-0.391631903438282,-0.3358951697410526,Original cleaned units after median imputation and p1-p99 winsorisation; EBM was fitted on the corresponding standardised values.
loan_amnt,4100.0,-1.1922784680584535,-0.3598507085850628,-0.3863939700016417,-0.3333074471684839,Original cleaned units after median imputation and p1-p99 winsorisation; EBM was fitted on the corresponding standardised values.
loan_amnt,4200.0,-1.1807051039458987,-0.3581482209981017,-0.3862677367481824,-0.33002870524802097,Original cleaned units after median imputation and p1-p99 winsorisation; EBM was fitted on the corresponding standardised values.
loan_amnt,4287.5,-1.1705784103474133,-0.33807901834817927,-0.3884660972072776,-0.28769193948908095,Original cleaned units after median imputation and p1-p99 winsorisation; EBM was fitted on the corresponding standardised values.
loan_amnt,4425.000000000002,-1.1546650346926504,-0.33807901834817927,-0.3884660972072776,-0.28769193948908095,Original cleaned units after median imputation and p1-p99 winsorisation; EBM was fitted on the corresponding standardised values.
loan_amnt,4500.0,-1.1459850116082344,-0.26063873233741497,-0.29863406978004975,-0.22264339489478022,Original cleaned units after median imputation and p1-p99 winsorisation; EBM was fitted on the corresponding standardised values.
loan_amnt,4587.5,-1.135858318009749,-0.2561126493690846,-0.29383190871655157,-0.21839339002161767,Original cleaned units after median imputation and p1-p99 winsorisation; EBM was fitted on the corresponding standardised values.
loan_amnt,4725.0,-1.119944942354986,-0.25134295055971856,-0.2929844701325706,-0.20970143098686647,Original cleaned units after median imputation and p1-p99 winsorisation; EBM was fitted on the corresponding standardised values.
loan_amnt,4800.0,-1.1112649192705701,-0.25134295055971856,-0.2929844701325706,-0.20970143098686647,Original cleaned units after median imputation and p1-p99 winsorisation; EBM was fitted on the corresponding standardised values.
loan_amnt,4900.0,-1.0996915551580153,-0.24990319532315566,-0.2917294292207552,-0.20807696142555612,Original cleaned units after median imputation and p1-p99 winsorisation; EBM was fitted on the corresponding standardised values.
loan_amnt,5000.0,-1.0881181910454605,-0.1483485986784483,-0.17436615399440458,-0.122331043362492,Original cleaned units after median imputation and p1-p99 winsorisation; EBM was fitted on the corresponding standardised values.
loan_amnt,5075.0,-1.0794381679610445,-0.16932529352188325,-0.19868407617956396,-0.13996651086420253,Original cleaned units after median imputation and p1-p99 winsorisation; EBM was fitted on the corresponding standardised values.
loan_amnt,5175.0,-1.0678648038484897,-0.18712609570714567,-0.19255121691988286,-0.18170097449440847,Original cleaned units after median imputation and p1-p99 winsorisation; EBM was fitted on the corresponding standardised values.
loan_amnt,5262.5,-1.0577381102500043,-0.1856997565327021,-0.19091059082629933,-0.18048892223910487,Original cleaned units after median imputation and p1-p99 winsorisation; EBM was fitted on the corresponding standardised values.
loan_amnt,5350.0,-1.047611416651519,-0.1838192732970757,-0.19083302563815163,-0.17680552095599977,Original cleaned units after median imputation and p1-p99 winsorisation; EBM was fitted on the corresponding standardised values.
loan_amnt,5437.499999999998,-1.0374847230530335,-0.18306395165656958,-0.19079948585609607,-0.17532841745704308,Original cleaned units after median imputation and p1-p99 winsorisation; EBM was fitted on the corresponding standardised values.
loan_amnt,5500.0,-1.0302513704826868,-0.18244072283163432,-0.18955460536986948,-0.17532684029339915,Original cleaned units after median imputation and p1-p99 winsorisation; EBM was fitted on the corresponding standardised values.
loan_amnt,5550.0,-1.0244646884264093,-0.18178918276046932,-0.1883807309575131,-0.17519763456342555,Original cleaned units after median imputation and p1-p99 winsorisation; EBM was fitted on the corresponding standardised values.
loan_amnt,5600.0,-1.018678006370132,-0.18123002656704007,-0.1875018417924797,-0.17495821134160044,Original cleaned units after median imputation and p1-p99 winsorisation; EBM was fitted on the corresponding standardised values.
loan_amnt,5674.999999999998,-1.009997983285716,-0.18123002656704007,-0.1875018417924797,-0.17495821134160044,Original cleaned units after median imputation and p1-p99 winsorisation; EBM was fitted on the corresponding standardised values.
loan_amnt,5787.5,-0.9969779486590917,-0.18123002656704007,-0.1875018417924797,-0.17495821134160044,Original cleaned units after median imputation and p1-p99 winsorisation; EBM was fitted on the corresponding standardised values.
loan_amnt,5912.5,-0.9825112435183982,-0.18015319460051898,-0.18533780329293664,-0.17496858590810133,Original cleaned units after median imputation and p1-p99 winsorisation; EBM was fitted on the corresponding standardised values.
loan_amnt,6000.0,-0.9723845499199129,-0.17957912465034387,-0.18531086447173023,-0.1738473848289575,Original cleaned units after median imputation and p1-p99 winsorisation; EBM was fitted on the corresponding standardised values.
loan_amnt,6025.0,-0.9694912088917741,-0.14759682485294903,-0.15708133231101698,-0.13811231739488108,Original cleaned units after median imputation and p1-p99 winsorisation; EBM was fitted on the corresponding standardised values.
loan_amnt,6075.0,-0.9637045268354967,-0.14718446807216135,-0.1567285070674044,-0.13764042907691829,Original cleaned units after median imputation and p1-p99 winsorisation; EBM was fitted on the corresponding standardised values.
loan_amnt,6162.5,-0.9535778332370113,-0.14592580349908202,-0.15607877806742107,-0.13577282893074297,Original cleaned units after median imputation and p1-p99 winsorisation; EBM was fitted on the corresponding standardised values.
loan_amnt,6250.0,-0.9434511396385259,-0.14592580349908202,-0.15607877806742107,-0.13577282893074297,Original cleaned units after median imputation and p1-p99 winsorisation; EBM was fitted on the corresponding standardised values.
loan_amnt,6337.499999999999,-0.9333244460400405,-0.14491376725681288,-0.15606185902827727,-0.13376567548534848,Original cleaned units after median imputation and p1-p99 winsorisation; EBM was fitted on the corresponding standardised values.
loan_amnt,6400.0,-0.9260910934696938,-0.14334825631880604,-0.15425105456406835,-0.13244545807354374,Original cleaned units after median imputation and p1-p99 winsorisation; EBM was fitted on the corresponding standardised values.
loan_amnt,6450.000000000001,-0.9203044114134162,-0.1429180112548406,-0.15324480841352073,-0.13259121409616048,Original cleaned units after median imputation and p1-p99 winsorisation; EBM was fitted on the corresponding standardised values.
loan_amnt,6500.0,-0.9145177293571389,-0.15284517810175885,-0.1657630647611706,-0.1399272914423471,Original cleaned units after median imputation and p1-p99 winsorisation; EBM was fitted on the corresponding standardised values.
loan_amnt,6562.5,-0.9072843767867922,-0.1521192767695715,-0.16582732799914296,-0.13841122554000002,Original cleaned units after median imputation and p1-p99 winsorisation; EBM was fitted on the corresponding standardised values.
loan_amnt,6662.5,-0.8957110126742375,-0.15150172028066883,-0.1656180543747258,-0.13738538618661186,Original cleaned units after median imputation and p1-p99 winsorisation; EBM was fitted on the corresponding standardised values.
loan_amnt,6762.5,-0.8841376485616826,-0.15150172028066883,-0.1656180543747258,-0.13738538618661186,Original cleaned units after median imputation and p1-p99 winsorisation; EBM was fitted on the corresponding standardised values.
loan_amnt,6900.0,-0.8682242729069198,-0.1511112040696068,-0.16552077067324406,-0.13670163746596953,Original cleaned units after median imputation and p1-p99 winsorisation; EBM was fitted on the corresponding standardised values.
loan_amnt,7000.0,-0.8566509087943651,-0.1496764105071105,-0.16470128329456338,-0.13465153771965763,Original cleaned units after median imputation and p1-p99 winsorisation; EBM was fitted on the corresponding standardised values.
loan_amnt,7099.999999999999,-0.8450775446818104,-0.14576133398891064,-0.16217773050465406,-0.12934493747316722,Original cleaned units after median imputation and p1-p99 winsorisation; EBM was fitted on the corresponding standardised values.
loan_amnt,7200.0,-0.8335041805692556,-0.14499345396659466,-0.1620735566585004,-0.12791335127468892,Original cleaned units after median imputation and p1-p99 winsorisation; EBM was fitted on the corresponding standardised values.
loan_amnt,7287.5,-0.8233774869707701,-0.14499345396659466,-0.1620735566585004,-0.12791335127468892,Original cleaned units after median imputation and p1-p99 winsorisation; EBM was fitted on the corresponding standardised values.
loan_amnt,7425.0,-0.8074641113160073,-0.13285468447252202,-0.1403926106989162,-0.12531675824612784,Original cleaned units after median imputation and p1-p99 winsorisation; EBM was fitted on the corresponding standardised values.
loan_amnt,7500.0,-0.7987840882315912,-0.12989552077339941,-0.1398120938868968,-0.11997894765990204,Original cleaned units after median imputation and p1-p99 winsorisation; EBM was fitted on the corresponding standardised values.
loan_amnt,7550.0,-0.7929974061753138,-0.12947411701661737,-0.13876515096293257,-0.12018308307030218,Original cleaned units after median imputation and p1-p99 winsorisation; EBM was fitted on the corresponding standardised values.
loan_amnt,7637.5,-0.7828707125768284,-0.12906384997323894,-0.1377615136729303,-0.12036618627354759,Original cleaned units after median imputation and p1-p99 winsorisation; EBM was fitted on the corresponding standardised values.
loan_amnt,7737.5,-0.7712973484642736,-0.12334435531228378,-0.12754213322742952,-0.11914657739713806,Original cleaned units after median imputation and p1-p99 winsorisation; EBM was fitted on the corresponding standardised values.
loan_amnt,7799.999999999999,-0.7640639958939269,-0.12334435531228378,-0.12754213322742952,-0.11914657739713806,Original cleaned units after median imputation and p1-p99 winsorisation; EBM was fitted on the corresponding standardised values.
loan_amnt,7899.999999999999,-0.7524906317813722,-0.1228194632638841,-0.12619913926062942,-0.11943978726713876,Original cleaned units after median imputation and p1-p99 winsorisation; EBM was fitted on the corresponding standardised values.
loan_amnt,7999.999999999999,-0.7409172676688174,-0.12234579342993847,-0.12636533550720694,-0.11832625135267,Original cleaned units after median imputation and p1-p99 winsorisation; EBM was fitted on the corresponding standardised values.
loan_amnt,8087.5,-0.7307905740703319,-0.12163266666179559,-0.1257208259005379,-0.11754450742305328,Original cleaned units after median imputation and p1-p99 winsorisation; EBM was fitted on the corresponding standardised values.
loan_amnt,8225.0,-0.7148771984155691,-0.12113867854268677,-0.12548463290119796,-0.11679272418417556,Original cleaned units after median imputation and p1-p99 winsorisation; EBM was fitted on the corresponding standardised values.
loan_amnt,8337.5,-0.701857163788945,-0.12113867854268677,-0.12548463290119796,-0.11679272418417556,Original cleaned units after median imputation and p1-p99 winsorisation; EBM was fitted on the corresponding standardised values.
loan_amnt,8412.5,-0.6931771407045288,-0.12113867854268677,-0.12548463290119796,-0.11679272418417556,Original cleaned units after median imputation and p1-p99 winsorisation; EBM was fitted on the corresponding standardised values.
loan_amnt,8475.0,-0.6859437881341821,-0.12070003350459288,-0.1253867487415849,-0.11601331826760085,Original cleaned units after median imputation and p1-p99 winsorisation; EBM was fitted on the corresponding standardised values.
loan_amnt,8587.5,-0.6729237535075581,-0.11969047764962154,-0.1244755948174367,-0.11490536048180638,Original cleaned units after median imputation and p1-p99 winsorisation; EBM was fitted on the corresponding standardised values.
loan_amnt,8725.0,-0.6570103778527951,-0.11969047764962154,-0.1244755948174367,-0.11490536048180638,Original cleaned units after median imputation and p1-p99 winsorisation; EBM was fitted on the corresponding standardised values.
loan_amnt,8825.0,-0.6454370137402404,-0.1192926165302097,-0.12438504600181964,-0.11420018705859976,Original cleaned units after median imputation and p1-p99 winsorisation; EBM was fitted on the corresponding standardised values.
loan_amnt,8925.0,-0.6338636496276857,-0.11849444427840401,-0.12400472937540415,-0.11298415918140388,Original cleaned units after median imputation and p1-p99 winsorisation; EBM was fitted on the corresponding standardised values.
loan_amnt,9000.0,-0.6251836265432695,-0.11849444427840401,-0.12400472937540415,-0.11298415918140388,Original cleaned units after median imputation and p1-p99 winsorisation; EBM was fitted on the corresponding standardised values.
loan_amnt,9075.0,-0.6165036034588536,-0.07040910615545824,-0.07968599884506612,-0.06113221346585036,Original cleaned units after median imputation and p1-p99 winsorisation; EBM was fitted on the corresponding standardised values.
loan_amnt,9187.5,-0.6034835688322294,-0.06907523147332797,-0.07910721796949509,-0.059043244977160854,Original cleaned units after median imputation and p1-p99 winsorisation; EBM was fitted on the corresponding standardised values.
loan_amnt,9287.5,-0.5919102047196746,-0.06761778375812051,-0.07642623543432721,-0.058809332081913815,Original cleaned units after median imputation and p1-p99 winsorisation; EBM was fitted on the corresponding standardised values.
loan_amnt,9412.5,-0.5774434995789811,-0.06616136584472411,-0.07605727777553004,-0.05626545391391819,Original cleaned units after median imputation and p1-p99 winsorisation; EBM was fitted on the corresponding standardised values.
loan_amnt,9500.0,-0.5673168059804957,-0.06552843154856834,-0.07543172594495401,-0.05562513715218267,Original cleaned units after median imputation and p1-p99 winsorisation; EBM was fitted on the corresponding standardised values.
loan_amnt,9550.0,-0.5615301239242183,-0.06488478404504319,-0.07429390505569118,-0.0554756630343952,Original cleaned units after median imputation and p1-p99 winsorisation; EBM was fitted on the corresponding standardised values.
loan_amnt,9600.0,-0.5557434418679409,-0.0631321702205467,-0.07124365128127032,-0.05502068915982307,Original cleaned units after median imputation and p1-p99 winsorisation; EBM was fitted on the corresponding standardised values.
loan_amnt,9675.0,-0.5470634187835248,-0.026955093253484958,-0.031929911265429566,-0.02198027524154035,Original cleaned units after median imputation and p1-p99 winsorisation; EBM was fitted on the corresponding standardised values.
loan_amnt,9762.5,-0.5369367251850394,-0.025173545081661905,-0.03135549871281071,-0.018991591450513098,Original cleaned units after median imputation and p1-p99 winsorisation; EBM was fitted on the corresponding standardised values.
loan_amnt,9800.0,-0.5325967136428313,-0.023705471845770525,-0.030317098391524164,-0.017093845300016886,Original cleaned units after median imputation and p1-p99 winsorisation; EBM was fitted on the corresponding standardised values.
loan_amnt,9900.0,-0.5210233495302765,-0.023705471845770525,-0.030317098391524164,-0.017093845300016886,Original cleaned units after median imputation and p1-p99 winsorisation; EBM was fitted on the corresponding standardised values.
loan_amnt,10000.0,-0.5094499854177218,-0.02185807081963728,-0.028825806062669025,-0.014890335576605533,Original cleaned units after median imputation and p1-p99 winsorisation; EBM was fitted on the corresponding standardised values.
loan_amnt,10050.0,-0.5036633033614444,-0.02185807081963728,-0.028825806062669025,-0.014890335576605533,Original cleaned units after median imputation and p1-p99 winsorisation; EBM was fitted on the corresponding standardised values.
loan_amnt,10137.5,-0.49353660976295904,-0.02185807081963728,-0.028825806062669025,-0.014890335576605533,Original cleaned units after median imputation and p1-p99 winsorisation; EBM was fitted on the corresponding standardised values.
loan_amnt,10200.0,-0.4863032571926123,-0.029488046331296328,-0.0331328606040469,-0.02584323205854575,Original cleaned units after median imputation and p1-p99 winsorisation; EBM was fitted on the corresponding standardised values.
loan_amnt,10300.0,-0.47472989308005753,-0.02921007409416286,-0.033151504122515836,-0.025268644065809885,Original cleaned units after median imputation and p1-p99 winsorisation; EBM was fitted on the corresponding standardised values.
loan_amnt,10400.0,-0.46315652896750276,-0.02921007409416286,-0.033151504122515836,-0.025268644065809885,Original cleaned units after median imputation and p1-p99 winsorisation; EBM was fitted on the corresponding standardised values.
loan_amnt,10450.0,-0.45736984691122534,-0.02921007409416286,-0.033151504122515836,-0.025268644065809885,Original cleaned units after median imputation and p1-p99 winsorisation; EBM was fitted on the corresponding standardised values.
loan_amnt,10500.0,-0.451583164854948,-0.028029830460939167,-0.030913109670848028,-0.025146551251030307,Original cleaned units after median imputation and p1-p99 winsorisation; EBM was fitted on the corresponding standardised values.
loan_amnt,10575.0,-0.4429031417705319,-0.027101361762210483,-0.029524020673592423,-0.024678702850828543,Original cleaned units after median imputation and p1-p99 winsorisation; EBM was fitted on the corresponding standardised values.
loan_amnt,10712.5,-0.4269897661157691,-0.027101361762210483,-0.029524020673592423,-0.024678702850828543,Original cleaned units after median imputation and p1-p99 winsorisation; EBM was fitted on the corresponding standardised values.
loan_amnt,10800.0,-0.41686307251728366,-0.026298701409453402,-0.029325837641243493,-0.023271565177663312,Original cleaned units after median imputation and p1-p99 winsorisation; EBM was fitted on the corresponding standardised values.
loan_amnt,10900.0,-0.4052897084047289,-0.02407790273202024,-0.02551755807756864,-0.02263824738647184,Original cleaned units after median imputation and p1-p99 winsorisation; EBM was fitted on the corresponding standardised values.
loan_amnt,11000.0,-0.3937163442921741,-0.02407790273202024,-0.02551755807756864,-0.02263824738647184,Original cleaned units after median imputation and p1-p99 winsorisation; EBM was fitted on the corresponding standardised values.
loan_amnt,11100.0,-0.38214298017961934,-0.02218945139147582,-0.02560122456219372,-0.018777678220757918,Original cleaned units after median imputation and p1-p99 winsorisation; EBM was fitted on the corresponding standardised values.
loan_amnt,11200.0,-0.37056961606706457,0.007070642180940918,0.0051829793138203255,0.00895830504806151,Original cleaned units after median imputation and p1-p99 winsorisation; EBM was fitted on the corresponding standardised values.
loan_amnt,11287.5,-0.3604429224685791,0.00878045862934889,0.00635919065826349,0.011201726600434291,Original cleaned units after median imputation and p1-p99 winsorisation; EBM was fitted on the corresponding standardised values.
loan_amnt,11425.0,-0.3445295468138163,0.00918784546941915,0.006514023591334054,0.011861667347504245,Original cleaned units after median imputation and p1-p99 winsorisation; EBM was fitted on the corresponding standardised values.
loan_amnt,11500.0,-0.33584952372940025,0.00918784546941915,0.006514023591334054,0.011861667347504245,Original cleaned units after median imputation and p1-p99 winsorisation; EBM was fitted on the corresponding standardised values.
loan_amnt,11600.0,-0.32427615961684547,0.011212742394897581,0.009443017389677228,0.012982467400117935,Original cleaned units after median imputation and p1-p99 winsorisation; EBM was fitted on the corresponding standardised values.
loan_amnt,11775.0,-0.30402277241987463,0.011501016796185287,0.009322739277132914,0.01367929431523766,Original cleaned units after median imputation and p1-p99 winsorisation; EBM was fitted on the corresponding standardised values.
loan_amnt,11925.0,-0.2866627262510425,0.013280699180582329,0.010228198919915102,0.016333199441249554,Original cleaned units after median imputation and p1-p99 winsorisation; EBM was fitted on the corresponding standardised values.
loan_amnt,12000.0,-0.2779827031666264,0.015392283505765,0.011930776018194882,0.018853790993335118,Original cleaned units after median imputation and p1-p99 winsorisation; EBM was fitted on the corresponding standardised values.
loan_amnt,12087.5,-0.26785600956814093,0.016485358311445684,0.012193550293343437,0.02077716632954793,Original cleaned units after median imputation and p1-p99 winsorisation; EBM was fitted on the corresponding standardised values.
loan_amnt,12212.5,-0.25338930442744745,0.016485358311445684,0.012193550293343437,0.02077716632954793,Original cleaned units after median imputation and p1-p99 winsorisation; EBM was fitted on the corresponding standardised values.
loan_amnt,12312.5,-0.2418159403148927,0.017333579233167532,0.012854332476304589,0.021812825990030475,Original cleaned units after median imputation and p1-p99 winsorisation; EBM was fitted on the corresponding standardised values.
loan_amnt,12425.0,-0.22879590568826857,0.017841386308389526,0.0123118737011186,0.02337089891566045,Original cleaned units after median imputation and p1-p99 winsorisation; EBM was fitted on the corresponding standardised values.
loan_amnt,12500.0,-0.2201158826038525,0.01832244662348954,0.01218533415441313,0.02445955909256595,Original cleaned units after median imputation and p1-p99 winsorisation; EBM was fitted on the corresponding standardised values.
loan_amnt,12550.0,-0.2143292005475751,0.019435506747711676,0.012648982494037312,0.026222031001386037,Original cleaned units after median imputation and p1-p99 winsorisation; EBM was fitted on the corresponding standardised values.
loan_amnt,12600.0,-0.20854251849129773,0.019435506747711676,0.012648982494037312,0.026222031001386037,Original cleaned units after median imputation and p1-p99 winsorisation; EBM was fitted on the corresponding standardised values.
loan_amnt,12700.0,-0.19696915437874296,0.019861098595837505,0.013140488479986945,0.026581708711688065,Original cleaned units after median imputation and p1-p99 winsorisation; EBM was fitted on the corresponding standardised values.
loan_amnt,12800.0,-0.1853957902661882,0.020463087231520696,0.014111133308951597,0.026815041154089794,Original cleaned units after median imputation and p1-p99 winsorisation; EBM was fitted on the corresponding standardised values.
loan_amnt,12900.0,-0.1738224261536334,0.020463087231520696,0.014111133308951597,0.026815041154089794,Original cleaned units after median imputation and p1-p99 winsorisation; EBM was fitted on the corresponding standardised values.
loan_amnt,13000.0,-0.16224906204107864,0.016322955655591966,0.007762323351127835,0.024883587960056096,Original cleaned units after median imputation and p1-p99 winsorisation; EBM was fitted on the corresponding standardised values.
loan_amnt,13100.0,-0.15067569792852387,0.016601713842484565,0.008390558403777698,0.024812869281191433,Original cleaned units after median imputation and p1-p99 winsorisation; EBM was fitted on the corresponding standardised values.
loan_amnt,13200.0,-0.1391023338159691,0.017260778027828723,0.00934027775721,0.025181278298447445,Original cleaned units after median imputation and p1-p99 winsorisation; EBM was fitted on the corresponding standardised values.
loan_amnt,13275.0,-0.130422310731553,0.018187632823240738,0.009858394723753217,0.02651687092272826,Original cleaned units after median imputation and p1-p99 winsorisation; EBM was fitted on the corresponding standardised values.
loan_amnt,13412.5,-0.11450893507679018,0.018187632823240738,0.009858394723753217,0.02651687092272826,Original cleaned units after median imputation and p1-p99 winsorisation; EBM was fitted on the corresponding standardised values.
loan_amnt,13500.0,-0.10438224147830476,0.018543205644995397,0.009767588476880978,0.027318822813109815,Original cleaned units after median imputation and p1-p99 winsorisation; EBM was fitted on the corresponding standardised values.
loan_amnt,13562.5,-0.09714888890795803,0.03305905856603614,0.010406150171287147,0.05571196696078513,Original cleaned units after median imputation and p1-p99 winsorisation; EBM was fitted on the corresponding standardised values.
loan_amnt,13675.0,-0.0841288542813339,0.03973817430688442,0.0205978368165302,0.058878511797238645,Original cleaned units after median imputation and p1-p99 winsorisation; EBM was fitted on the corresponding standardised values.
loan_amnt,13775.0,-0.07255549016877913,0.04108147881329943,0.024102810870896118,0.05806014675570274,Original cleaned units after median imputation and p1-p99 winsorisation; EBM was fitted on the corresponding standardised values.
loan_amnt,13900.0,-0.05808878502808566,0.05513597954007689,0.051768743736476684,0.05850321534367709,Original cleaned units after median imputation and p1-p99 winsorisation; EBM was fitted on the corresponding standardised values.
loan_amnt,14000.0,-0.04651542091553089,0.05582126043149232,0.05202592537813802,0.059616595484846616,Original cleaned units after median imputation and p1-p99 winsorisation; EBM was fitted on the corresponding standardised values.
loan_amnt,14112.5,-0.03349538628890677,0.05612329268359258,0.052773796025994496,0.05947278934119066,Original cleaned units after median imputation and p1-p99 winsorisation; EBM was fitted on the corresponding standardised values.
loan_amnt,14300.0,-0.011795328577866568,0.05639573601241896,0.05313046501523801,0.059661007009599906,Original cleaned units after median imputation and p1-p99 winsorisation; EBM was fitted on the corresponding standardised values.
loan_amnt,14400.0,-0.00022196446531179415,0.05639573601241896,0.05313046501523801,0.059661007009599906,Original cleaned units after median imputation and p1-p99 winsorisation; EBM was fitted on the corresponding standardised values.
loan_amnt,14462.5,0.007011388105034939,0.05671639816760109,0.053940723539620275,0.0594920727955819,Original cleaned units after median imputation and p1-p99 winsorisation; EBM was fitted on the corresponding standardised values.
loan_amnt,14600.0,0.022924763759797753,0.05671639816760109,0.053940723539620275,0.0594920727955819,Original cleaned units after median imputation and p1-p99 winsorisation; EBM was fitted on the corresponding standardised values.
loan_amnt,14750.0,0.040284809928629914,0.05778471296176757,0.05563463697220291,0.05993478895133223,Original cleaned units after median imputation and p1-p99 winsorisation; EBM was fitted on the corresponding standardised values.
loan_amnt,14900.0,0.057644856097462074,0.059581971929553404,0.05695725356327801,0.0622066902958288,Original cleaned units after median imputation and p1-p99 winsorisation; EBM was fitted on the corresponding standardised values.
loan_amnt,15000.0,0.06921822021001685,0.12946551109780585,0.12561276874671198,0.13331825344889972,Original cleaned units after median imputation and p1-p99 winsorisation; EBM was fitted on the corresponding standardised values.
loan_amnt,15100.0,0.08079158432257162,0.12979488802659156,0.12600905369829754,0.13358072235488558,Original cleaned units after median imputation and p1-p99 winsorisation; EBM was fitted on the corresponding standardised values.
loan_amnt,15225.0,0.09525828946326509,0.13081726603139748,0.12856888721520218,0.13306564484759278,Original cleaned units after median imputation and p1-p99 winsorisation; EBM was fitted on the corresponding standardised values.
loan_amnt,15325.0,0.10683165357581986,0.13114771818374305,0.12858122483012233,0.13371421153736376,Original cleaned units after median imputation and p1-p99 winsorisation; EBM was fitted on the corresponding standardised values.
loan_amnt,15437.5,0.11985168820244399,0.13170297455775265,0.12855569003445705,0.13485025908104825,Original cleaned units after median imputation and p1-p99 winsorisation; EBM was fitted on the corresponding standardised values.
loan_amnt,15537.5,0.13142505231499876,0.13214775085105004,0.12922356061236384,0.13507194108973625,Original cleaned units after median imputation and p1-p99 winsorisation; EBM was fitted on the corresponding standardised values.
loan_amnt,15600.0,0.1386584048853455,0.13214775085105004,0.12922356061236384,0.13507194108973625,Original cleaned units after median imputation and p1-p99 winsorisation; EBM was fitted on the corresponding standardised values.
loan_amnt,15725.0,0.15312511002603896,0.13342480041978177,0.13122520007263178,0.13562440076693177,Original cleaned units after median imputation and p1-p99 winsorisation; EBM was fitted on the corresponding standardised values.
loan_amnt,15912.5,0.17482516773707918,0.13752843982789636,0.13335417028680452,0.1417027093689882,Original cleaned units after median imputation and p1-p99 winsorisation; EBM was fitted on the corresponding standardised values.
loan_amnt,16000.0,0.1849518613355646,0.13837297613135427,0.13466260887121495,0.1420833433914936,Original cleaned units after median imputation and p1-p99 winsorisation; EBM was fitted on the corresponding standardised values.
loan_amnt,16112.5,0.19797189596218873,0.13888586349458337,0.13572840316021595,0.1420433238289508,Original cleaned units after median imputation and p1-p99 winsorisation; EBM was fitted on the corresponding standardised values.
loan_amnt,16300.0,0.21967195367322892,0.13888586349458337,0.13572840316021595,0.1420433238289508,Original cleaned units after median imputation and p1-p99 winsorisation; EBM was fitted on the corresponding standardised values.
loan_amnt,16437.5,0.23558532932799173,0.13888586349458337,0.13572840316021595,0.1420433238289508,Original cleaned units after median imputation and p1-p99 winsorisation; EBM was fitted on the corresponding standardised values.
loan_amnt,16500.0,0.24281868189833847,0.13976093577102502,0.1370898930604892,0.14243197848156086,Original cleaned units after median imputation and p1-p99 winsorisation; EBM was fitted on the corresponding standardised values.
loan_amnt,16650.0,0.26017872806717063,0.14150651299168715,0.13713468716298743,0.14587833882038687,Original cleaned units after median imputation and p1-p99 winsorisation; EBM was fitted on the corresponding standardised values.
loan_amnt,16800.0,0.2775387742360028,0.14150651299168715,0.13713468716298743,0.14587833882038687,Original cleaned units after median imputation and p1-p99 winsorisation; EBM was fitted on the corresponding standardised values.
loan_amnt,16900.0,0.28911213834855753,0.14246774546822494,0.13924894632727897,0.1456865446091709,Original cleaned units after median imputation and p1-p99 winsorisation; EBM was fitted on the corresponding standardised values.
loan_amnt,17000.0,0.30068550246111236,0.14336375125162393,0.14096762201377452,0.14575988048947333,Original cleaned units after median imputation and p1-p99 winsorisation; EBM was fitted on the corresponding standardised values.
loan_amnt,17100.0,0.3122588665736671,0.14530051837595176,0.14270171829736472,0.1478993184545388,Original cleaned units after median imputation and p1-p99 winsorisation; EBM was fitted on the corresponding standardised values.
loan_amnt,17262.5,0.33106558325656865,0.14738508482930798,0.14457478217596537,0.1501953874826506,Original cleaned units after median imputation and p1-p99 winsorisation; EBM was fitted on the corresponding standardised values.
loan_amnt,17412.5,0.3484256294254008,0.14934680622313856,0.14470646840872672,0.1539871440375504,Original cleaned units after median imputation and p1-p99 winsorisation; EBM was fitted on the corresponding standardised values.
loan_amnt,17500.0,0.3585523230238862,0.14934680622313856,0.14470646840872672,0.1539871440375504,Original cleaned units after median imputation and p1-p99 winsorisation; EBM was fitted on the corresponding standardised values.
loan_amnt,17562.5,0.3657856755942329,0.15038871116117092,0.1466203994724466,0.15415702284989524,Original cleaned units after median imputation and p1-p99 winsorisation; EBM was fitted on the corresponding standardised values.
loan_amnt,17700.0,0.3816990512489957,0.15080480794105006,0.1469245742176683,0.1546850416644318,Original cleaned units after median imputation and p1-p99 winsorisation; EBM was fitted on the corresponding standardised values.
loan_amnt,17887.5,0.40339910896003595,0.15112529998736743,0.14679437394247427,0.15545622603226059,Original cleaned units after median imputation and p1-p99 winsorisation; EBM was fitted on the corresponding standardised values.
loan_amnt,18000.0,0.4164191435866601,0.15138624266414613,0.14731819142098046,0.1554542939073118,Original cleaned units after median imputation and p1-p99 winsorisation; EBM was fitted on the corresponding standardised values.
loan_amnt,18112.5,0.4294391782132842,0.15224402250586067,0.14762677916193748,0.15686126584978385,Original cleaned units after median imputation and p1-p99 winsorisation; EBM was fitted on the corresponding standardised values.
loan_amnt,18237.5,0.4439058833539777,0.18073169745321493,0.17523238133371086,0.186231013572719,Original cleaned units after median imputation and p1-p99 winsorisation; EBM was fitted on the corresponding standardised values.
loan_amnt,18325.0,0.45403257695246313,0.18524686777796873,0.18018287307493036,0.1903108624810071,Original cleaned units after median imputation and p1-p99 winsorisation; EBM was fitted on the corresponding standardised values.
loan_amnt,18437.5,0.4670526115790872,0.18649023555927594,0.18158971803581012,0.19139075308274175,Original cleaned units after median imputation and p1-p99 winsorisation; EBM was fitted on the corresponding standardised values.
loan_amnt,18537.5,0.478625975691642,0.1869498756675098,0.1815150386460358,0.19238471268898383,Original cleaned units after median imputation and p1-p99 winsorisation; EBM was fitted on the corresponding standardised values.
loan_amnt,18700.0,0.49743269237454346,0.1874915941651883,0.18266180635488985,0.19232138197548673,Original cleaned units after median imputation and p1-p99 winsorisation; EBM was fitted on the corresponding standardised values.
loan_amnt,18900.0,0.520579420599653,0.18807195232711107,0.18370263906397608,0.19244126559024607,Original cleaned units after median imputation and p1-p99 winsorisation; EBM was fitted on the corresponding standardised values.
loan_amnt,19000.0,0.5321527847122078,0.18851236106560315,0.18381610862981357,0.19320861350139273,Original cleaned units after median imputation and p1-p99 winsorisation; EBM was fitted on the corresponding standardised values.
loan_amnt,19100.0,0.5437261488247627,0.19469829241685188,0.18777561603180037,0.2016209688019034,Original cleaned units after median imputation and p1-p99 winsorisation; EBM was fitted on the corresponding standardised values.
loan_amnt,19200.0,0.5552995129373174,0.19567522035997642,0.18869440342893923,0.2026560372910136,Original cleaned units after median imputation and p1-p99 winsorisation; EBM was fitted on the corresponding standardised values.
loan_amnt,19312.5,0.5683195475639415,0.19654865591232035,0.18891007974422344,0.20418723208041725,Original cleaned units after median imputation and p1-p99 winsorisation; EBM was fitted on the corresponding standardised values.
loan_amnt,19462.5,0.5856795937327737,0.19654865591232035,0.18891007974422344,0.20418723208041725,Original cleaned units after median imputation and p1-p99 winsorisation; EBM was fitted on the corresponding standardised values.
loan_amnt,19587.5,0.600146298873467,0.19775063955072922,0.18985466379546137,0.20564661530599707,Original cleaned units after median imputation and p1-p99 winsorisation; EBM was fitted on the corresponding standardised values.
loan_amnt,19725.0,0.6160596745282299,0.2143547680058151,0.20671070345263726,0.22199883255899294,Original cleaned units after median imputation and p1-p99 winsorisation; EBM was fitted on the corresponding standardised values.
loan_amnt,19887.5,0.6348663912111314,0.21555964590441307,0.20701344590435375,0.22410584590447238,Original cleaned units after median imputation and p1-p99 winsorisation; EBM was fitted on the corresponding standardised values.
loan_amnt,20000.0,0.6478864258377556,0.22628208490576227,0.20753163483241568,0.24503253497910885,Original cleaned units after median imputation and p1-p99 winsorisation; EBM was fitted on the corresponding standardised values.
loan_amnt,20137.5,0.6637998014925184,0.22692521936462476,0.20882252794265038,0.24502791078659913,Original cleaned units after median imputation and p1-p99 winsorisation; EBM was fitted on the corresponding standardised values.
loan_amnt,20337.5,0.6869465297176279,0.22272886723765523,0.20259984235555262,0.24285789211975783,Original cleaned units after median imputation and p1-p99 winsorisation; EBM was fitted on the corresponding standardised values.
loan_amnt,20500.0,0.7057532464005294,0.21413503853924454,0.20071811964682024,0.22755195743166884,Original cleaned units after median imputation and p1-p99 winsorisation; EBM was fitted on the corresponding standardised values.
loan_amnt,20687.5,0.7274533041115696,0.2149407364250351,0.20125675356622272,0.2286247192838475,Original cleaned units after median imputation and p1-p99 winsorisation; EBM was fitted on the corresponding standardised values.
loan_amnt,20887.5,0.7506000323366792,0.21516728051792594,0.20116500608034368,0.2291695549555082,Original cleaned units after median imputation and p1-p99 winsorisation; EBM was fitted on the corresponding standardised values.
loan_amnt,21000.0,0.7636200669633033,0.21558155499441395,0.2020817279101308,0.2290813820786971,Original cleaned units after median imputation and p1-p99 winsorisation; EBM was fitted on the corresponding standardised values.
loan_amnt,21112.5,0.7766401015899274,0.21583220718324486,0.20262672792001787,0.22903768644647185,Original cleaned units after median imputation and p1-p99 winsorisation; EBM was fitted on the corresponding standardised values.
loan_amnt,21300.0,0.7983401593009676,0.21676350475847744,0.20369290814607674,0.22983410137087815,Original cleaned units after median imputation and p1-p99 winsorisation; EBM was fitted on the corresponding standardised values.
loan_amnt,21487.5,0.8200402170120078,0.1694779201938382,0.14795804445806407,0.19099779592961233,Original cleaned units after median imputation and p1-p99 winsorisation; EBM was fitted on the corresponding standardised values.
loan_amnt,21600.0,0.833060251638632,0.1694779201938382,0.14795804445806407,0.19099779592961233,Original cleaned units after median imputation and p1-p99 winsorisation; EBM was fitted on the corresponding standardised values.
loan_amnt,21800.0,0.8562069798637415,0.1694779201938382,0.14795804445806407,0.19099779592961233,Original cleaned units after median imputation and p1-p99 winsorisation; EBM was fitted on the corresponding standardised values.
loan_amnt,22000.0,0.879353708088851,0.15867068982563587,0.15487904009319442,0.16246233955807732,Original cleaned units after median imputation and p1-p99 winsorisation; EBM was fitted on the corresponding standardised values.
loan_amnt,22200.0,0.9025004363139606,0.15867068982563587,0.15487904009319442,0.16246233955807732,Original cleaned units after median imputation and p1-p99 winsorisation; EBM was fitted on the corresponding standardised values.
loan_amnt,22400.0,0.9256471645390701,0.16017095256018984,0.15588235877301804,0.16445954634736165,Original cleaned units after median imputation and p1-p99 winsorisation; EBM was fitted on the corresponding standardised values.
loan_amnt,22462.5,0.9328805171094169,0.16193673982743975,0.1595998984810322,0.1642735811738473,Original cleaned units after median imputation and p1-p99 winsorisation; EBM was fitted on the corresponding standardised values.
loan_amnt,22650.0,0.9545805748204571,0.16277386001085825,0.1598227821113823,0.1657249379103342,Original cleaned units after median imputation and p1-p99 winsorisation; EBM was fitted on the corresponding standardised values.
loan_amnt,22887.5,0.9820673145877746,0.16289411269165838,0.1598523917805983,0.16593583360271846,Original cleaned units after median imputation and p1-p99 winsorisation; EBM was fitted on the corresponding standardised values.
loan_amnt,23000.0,0.9950873492143988,0.16289411269165838,0.1598523917805983,0.16593583360271846,Original cleaned units after median imputation and p1-p99 winsorisation; EBM was fitted on the corresponding standardised values.
loan_amnt,23162.5,1.0138940658973004,0.2361132287088958,0.2278222091567576,0.24440424826103402,Original cleaned units after median imputation and p1-p99 winsorisation; EBM was fitted on the corresponding standardised values.
loan_amnt,23412.5,1.0428274761786873,0.23667347940149383,0.22841769187735622,0.24492926692563144,Original cleaned units after median imputation and p1-p99 winsorisation; EBM was fitted on the corresponding standardised values.
loan_amnt,23662.5,1.0717608864600743,0.23667347940149383,0.22841769187735622,0.24492926692563144,Original cleaned units after median imputation and p1-p99 winsorisation; EBM was fitted on the corresponding standardised values.
loan_amnt,23900.0,1.0992476262273918,0.23686918785454625,0.22861909825849974,0.24511927745059275,Original cleaned units after median imputation and p1-p99 winsorisation; EBM was fitted on the corresponding standardised values.
loan_amnt,24000.0,1.1108209903399464,0.23686918785454625,0.22861909825849974,0.24511927745059275,Original cleaned units after median imputation and p1-p99 winsorisation; EBM was fitted on the corresponding standardised values.
loan_amnt,24187.5,1.1325210480509869,0.23787429954786893,0.23085385791638424,0.24489474117935361,Original cleaned units after median imputation and p1-p99 winsorisation; EBM was fitted on the corresponding standardised values.
loan_amnt,24487.5,1.1672411403886511,0.23500808066561207,0.23089738228300322,0.23911877904822093,Original cleaned units after median imputation and p1-p99 winsorisation; EBM was fitted on the corresponding standardised values.
loan_amnt,24800.0,1.2034079032403848,0.23500808066561207,0.23089738228300322,0.23911877904822093,Original cleaned units after median imputation and p1-p99 winsorisation; EBM was fitted on the corresponding standardised values.
loan_amnt,25000.0,1.2265546314654943,0.23290310683281232,0.22757712895507426,0.23822908471055038,Original cleaned units after median imputation and p1-p99 winsorisation; EBM was fitted on the corresponding standardised values.
loan_amnt,25112.5,1.2395746660921183,0.23311737016227185,0.2275926400120988,0.2386421003124449,Original cleaned units after median imputation and p1-p99 winsorisation; EBM was fitted on the corresponding standardised values.
loan_amnt,25362.5,1.2685080763735053,0.23013940479998818,0.22309844059523898,0.23718036900473738,Original cleaned units after median imputation and p1-p99 winsorisation; EBM was fitted on the corresponding standardised values.
loan_amnt,25600.0,1.2959948161408228,0.23013940479998818,0.22309844059523898,0.23718036900473738,Original cleaned units after median imputation and p1-p99 winsorisation; EBM was fitted on the corresponding standardised values.
loan_amnt,25837.5,1.3234815559081403,0.23121832523721395,0.22344974235419474,0.23898690812023315,Original cleaned units after median imputation and p1-p99 winsorisation; EBM was fitted on the corresponding standardised values.
loan_amnt,26000.0,1.3422882725910419,0.2316275611646213,0.22332696928445953,0.23992815304478307,Original cleaned units after median imputation and p1-p99 winsorisation; EBM was fitted on the corresponding standardised values.
loan_amnt,26200.0,1.3654350008161515,0.23184294820176224,0.22325208843487285,0.24043380796865163,Original cleaned units after median imputation and p1-p99 winsorisation; EBM was fitted on the corresponding standardised values.
loan_amnt,26450.0,1.3943684110975385,0.2323325889648431,0.22370494032996502,0.24096023759972118,Original cleaned units after median imputation and p1-p99 winsorisation; EBM was fitted on the corresponding standardised values.
loan_amnt,26750.0,1.4290885034352028,0.2328039429195713,0.22486627893339833,0.24074160690574425,Original cleaned units after median imputation and p1-p99 winsorisation; EBM was fitted on the corresponding standardised values.
loan_amnt,27000.0,1.4580219137165897,0.2328039429195713,0.22486627893339833,0.24074160690574425,Original cleaned units after median imputation and p1-p99 winsorisation; EBM was fitted on the corresponding standardised values.
loan_amnt,27175.0,1.4782753009135607,0.2607046774725814,0.2495384909559524,0.2718708639892104,Original cleaned units after median imputation and p1-p99 winsorisation; EBM was fitted on the corresponding standardised values.
loan_amnt,27462.5,1.5115487227371553,0.2607046774725814,0.2495384909559524,0.2718708639892104,Original cleaned units after median imputation and p1-p99 winsorisation; EBM was fitted on the corresponding standardised values.
loan_amnt,27787.5,1.5491621561029585,0.2616297864350565,0.2501450490702267,0.2731145237998863,Original cleaned units after median imputation and p1-p99 winsorisation; EBM was fitted on the corresponding standardised values.
loan_amnt,28000.0,1.5737555548421374,0.26178703277607995,0.25013808843115515,0.27343597712100476,Original cleaned units after median imputation and p1-p99 winsorisation; EBM was fitted on the corresponding standardised values.
loan_amnt,28300.0,1.6084756471798016,0.26204373049229585,0.25022261494130776,0.2738648460432839,Original cleaned units after median imputation and p1-p99 winsorisation; EBM was fitted on the corresponding standardised values.
loan_amnt,28700.0,1.654769103630021,0.26204373049229585,0.25022261494130776,0.2738648460432839,Original cleaned units after median imputation and p1-p99 winsorisation; EBM was fitted on the corresponding standardised values.
loan_amnt,28962.5,1.6851491844254771,0.26273585053820026,0.25089967431952365,0.27457202675687686,Original cleaned units after median imputation and p1-p99 winsorisation; EBM was fitted on the corresponding standardised values.
loan_amnt,29337.5,1.7285492998475576,0.2639753150812137,0.2522075194471345,0.2757431107152929,Original cleaned units after median imputation and p1-p99 winsorisation; EBM was fitted on the corresponding standardised values.
loan_amnt,29775.0,1.7791827678399845,0.2644253896582685,0.25293187403725864,0.27591890527927837,Original cleaned units after median imputation and p1-p99 winsorisation; EBM was fitted on the corresponding standardised values.
loan_amnt,30000.0,1.8052228370932328,0.21773638489932556,0.20414830732159836,0.23132446247705277,Original cleaned units after median imputation and p1-p99 winsorisation; EBM was fitted on the corresponding standardised values.
loan_amnt,30412.5,1.8529629640575214,0.228960440342204,0.21389393345112218,0.24402694723328583,Original cleaned units after median imputation and p1-p99 winsorisation; EBM was fitted on the corresponding standardised values.
loan_amnt,31050.0,1.926743160275058,0.22995452457190418,0.21379461798408442,0.24611443115972395,Original cleaned units after median imputation and p1-p99 winsorisation; EBM was fitted on the corresponding standardised values.
loan_amnt,31637.5,1.994736674436317,0.23007153431206706,0.21381562764172923,0.2463274409824049,Original cleaned units after median imputation and p1-p99 winsorisation; EBM was fitted on the corresponding standardised values.
loan_amnt,32000.0,2.0366901193443283,0.23007153431206706,0.21381562764172923,0.2463274409824049,Original cleaned units after median imputation and p1-p99 winsorisation; EBM was fitted on the corresponding standardised values.
loan_amnt,32325.0,2.0743035527101314,0.23125010949832103,0.21542094301625125,0.2470792759803908,Original cleaned units after median imputation and p1-p99 winsorisation; EBM was fitted on the corresponding standardised values.
loan_amnt,32825.0,2.1321703732729054,0.17343970326642902,0.1626609577234855,0.18421844880937255,Original cleaned units after median imputation and p1-p99 winsorisation; EBM was fitted on the corresponding standardised values.
loan_amnt,33312.5,2.1885905233216096,0.17372999071486367,0.16305487184716777,0.18440510958255957,Original cleaned units after median imputation and p1-p99 winsorisation; EBM was fitted on the corresponding standardised values.
loan_amnt,33850.0,2.2507973554265917,0.17471904126993937,0.16337337901197158,0.18606470352790716,Original cleaned units after median imputation and p1-p99 winsorisation; EBM was fitted on the corresponding standardised values.
loan_amnt,34537.5,2.3303642337004056,0.17533769970690957,0.16403757662486948,0.18663782278894966,Original cleaned units after median imputation and p1-p99 winsorisation; EBM was fitted on the corresponding standardised values.
loan_amnt,34993.75,2.3831677074639366,0.17969572130884467,0.16373453679210317,0.19565690582558617,Original cleaned units after median imputation and p1-p99 winsorisation; EBM was fitted on the corresponding standardised values.
annual_inc,18002.999999999993,-1.3423433031993834,0.09959640082997466,0.08411308371257994,0.11507971794736938,Original cleaned units after median imputation and p1-p99 winsorisation; EBM was fitted on the corresponding standardised values.
annual_inc,18505.0,-1.330455288276098,0.09964103532058499,0.08420816413795633,0.11507390650321365,Original cleaned units after median imputation and p1-p99 winsorisation; EBM was fitted on the corresponding standardised values.
annual_inc,19500.0,-1.3068923901711802,0.10785493503471275,0.0919868929001584,0.12372297716926708,Original cleaned units after median imputation and p1-p99 winsorisation; EBM was fitted on the corresponding standardised values.
annual_inc,19998.999999999993,-1.2950754191617793,0.13369210947414678,0.10225644524889126,0.1651277736994023,Original cleaned units after median imputation and p1-p99 winsorisation; EBM was fitted on the corresponding standardised values.
annual_inc,20501.025,-1.2831868122058783,0.14529680126027897,0.11740113626319314,0.1731924662573648,Original cleaned units after median imputation and p1-p99 winsorisation; EBM was fitted on the corresponding standardised values.
annual_inc,21499.025,-1.2595528701870762,0.15551977538008283,0.14270122823033876,0.1683383225298269,Original cleaned units after median imputation and p1-p99 winsorisation; EBM was fitted on the corresponding standardised values.
annual_inc,22000.1,-1.247686760470572,0.15551977538008283,0.14270122823033876,0.1683383225298269,Original cleaned units after median imputation and p1-p99 winsorisation; EBM was fitted on the corresponding standardised values.
annual_inc,22499.1,-1.235869789461171,0.15551977538008283,0.14270122823033876,0.1683383225298269,Original cleaned units after median imputation and p1-p99 winsorisation; EBM was fitted on the corresponding standardised values.
annual_inc,22999.0,-1.2240315052776047,0.15442174880499604,0.14113509178899114,0.16770840582100094,Original cleaned units after median imputation and p1-p99 winsorisation; EBM was fitted on the corresponding standardised values.
annual_inc,23500.75,-1.2121494106804764,0.15506378012222674,0.1416300602345176,0.16849750000993588,Original cleaned units after median imputation and p1-p99 winsorisation; EBM was fitted on the corresponding standardised values.
annual_inc,24288.85,-1.1934861745031038,0.1656214862736005,0.1488416101449111,0.18240136240228988,Original cleaned units after median imputation and p1-p99 winsorisation; EBM was fitted on the corresponding standardised values.
annual_inc,24789.35,-1.1816336815367607,0.16743419754813735,0.15203137288311097,0.18283702221316372,Original cleaned units after median imputation and p1-p99 winsorisation; EBM was fitted on the corresponding standardised values.
annual_inc,25499.25,-1.1648223233813022,0.1617449133766301,0.14855965662028323,0.174930170132977,Original cleaned units after median imputation and p1-p99 winsorisation; EBM was fitted on the corresponding standardised values.
annual_inc,26000.0,-1.152963910088802,0.16109479814007605,0.1481550863583076,0.1740345099218445,Original cleaned units after median imputation and p1-p99 winsorisation; EBM was fitted on the corresponding standardised values.
annual_inc,26499.75,-1.14112917810093,0.17036205568420648,0.16240463701924018,0.17831947434917278,Original cleaned units after median imputation and p1-p99 winsorisation; EBM was fitted on the corresponding standardised values.
annual_inc,27001.75,-1.129241163177645,0.16967441956306192,0.16109929688612953,0.1782495422399943,Original cleaned units after median imputation and p1-p99 winsorisation; EBM was fitted on the corresponding standardised values.
annual_inc,27502.0,-1.1173945905374587,0.1694083831063632,0.1611613268275942,0.17765543938513217,Original cleaned units after median imputation and p1-p99 winsorisation; EBM was fitted on the corresponding standardised values.
annual_inc,28000.5,-1.1055894601803717,0.1680537274407497,0.15779535457062066,0.17831210031087874,Original cleaned units after median imputation and p1-p99 winsorisation; EBM was fitted on the corresponding standardised values.
annual_inc,28499.499999999993,-1.0937724891709708,0.1680537274407497,0.15779535457062066,0.17831210031087874,Original cleaned units after median imputation and p1-p99 winsorisation; EBM was fitted on the corresponding standardised values.
annual_inc,28998.699999999997,-1.0819507819006442,0.1668603020541885,0.15687835165274644,0.17684225245563057,Original cleaned units after median imputation and p1-p99 winsorisation; EBM was fitted on the corresponding standardised values.
annual_inc,29500.449999999997,-1.070068687303516,0.17947360369222776,0.17021124818761124,0.18873595919684427,Original cleaned units after median imputation and p1-p99 winsorisation; EBM was fitted on the corresponding standardised values.
annual_inc,30000.250000000007,-1.0582327712504123,0.18064297100659174,0.16932363311464466,0.19196230889853882,Original cleaned units after median imputation and p1-p99 winsorisation; EBM was fitted on the corresponding standardised values.
annual_inc,30499.500000000007,-1.0464098799148542,0.1566231802438926,0.14722929803384863,0.16601706245393658,Original cleaned units after median imputation and p1-p99 winsorisation; EBM was fitted on the corresponding standardised values.
annual_inc,31001.000000000007,-1.034533705643883,0.1566231802438926,0.14722929803384863,0.16601706245393658,Original cleaned units after median imputation and p1-p99 winsorisation; EBM was fitted on the corresponding standardised values.
annual_inc,31501.75,-1.022675292351383,0.1566231802438926,0.14722929803384863,0.16601706245393658,Original cleaned units after median imputation and p1-p99 winsorisation; EBM was fitted on the corresponding standardised values.
annual_inc,32000.0,-1.010876082320453,0.15513023486820227,0.14646478203956761,0.16379568769683692,Original cleaned units after median imputation and p1-p99 winsorisation; EBM was fitted on the corresponding standardised values.
annual_inc,32500.0,-0.999035430006424,0.1522732756678638,0.14335744995471408,0.16118910138101353,Original cleaned units after median imputation and p1-p99 winsorisation; EBM was fitted on the corresponding standardised values.
annual_inc,33002.24999999999,-0.9871414947569819,0.1519933761941899,0.14319319021235108,0.16079356217602872,Original cleaned units after median imputation and p1-p99 winsorisation; EBM was fitted on the corresponding standardised values.
annual_inc,33502.24999999999,-0.9753008424429528,0.15134974509415094,0.14344471051066537,0.15925477967763652,Original cleaned units after median imputation and p1-p99 winsorisation; EBM was fitted on the corresponding standardised values.
annual_inc,34001.0,-0.9634897917597087,0.15134974509415094,0.14344471051066537,0.15925477967763652,Original cleaned units after median imputation and p1-p99 winsorisation; EBM was fitted on the corresponding standardised values.
annual_inc,34501.0,-0.9516491394456796,0.15072370764554452,0.14362939938352878,0.15781801590756026,Original cleaned units after median imputation and p1-p99 winsorisation; EBM was fitted on the corresponding standardised values.
annual_inc,34999.9975,-0.9398322276395402,0.15042207548736192,0.14350241172910203,0.1573417392456218,Original cleaned units after median imputation and p1-p99 winsorisation; EBM was fitted on the corresponding standardised values.
annual_inc,35498.4975,-0.9280270972824531,0.14046719006386676,0.11992917217104465,0.16100520795668888,Original cleaned units after median imputation and p1-p99 winsorisation; EBM was fitted on the corresponding standardised values.
annual_inc,36001.25,-0.9161212621774353,0.12982925378928312,0.10983593809027857,0.14982256948828765,Original cleaned units after median imputation and p1-p99 winsorisation; EBM was fitted on the corresponding standardised values.
annual_inc,36502.0,-0.9042628488849351,0.10007650064675674,0.09312268056260133,0.10703032073091216,Original cleaned units after median imputation and p1-p99 winsorisation; EBM was fitted on the corresponding standardised values.
annual_inc,36999.75,-0.8924754795063192,0.09898660952371435,0.0934148955611341,0.10455832348629461,Original cleaned units after median imputation and p1-p99 winsorisation; EBM was fitted on the corresponding standardised values.
annual_inc,37500.5,-0.8806170662138191,0.09898660952371435,0.0934148955611341,0.10455832348629461,Original cleaned units after median imputation and p1-p99 winsorisation; EBM was fitted on the corresponding standardised values.
annual_inc,38000.75,-0.868770493573633,0.09761485775306884,0.09340573976875303,0.10182397573738465,Original cleaned units after median imputation and p1-p99 winsorisation; EBM was fitted on the corresponding standardised values.
annual_inc,38250.5,-0.8628560877427754,0.1007653295364112,0.09147995284760894,0.11005070622521344,Original cleaned units after median imputation and p1-p99 winsorisation; EBM was fitted on the corresponding standardised values.
annual_inc,38749.0,-0.8510509573856885,0.09969952799580534,0.09063233925804036,0.10876671673357032,Original cleaned units after median imputation and p1-p99 winsorisation; EBM was fitted on the corresponding standardised values.
annual_inc,39000.0,-0.8451069499240459,0.09881508339602244,0.09023185907271355,0.10739830771933132,Original cleaned units after median imputation and p1-p99 winsorisation; EBM was fitted on the corresponding standardised values.
annual_inc,39500.25,-0.8332603772838598,0.09793369403840264,0.08953472102232712,0.10633266705447816,Original cleaned units after median imputation and p1-p99 winsorisation; EBM was fitted on the corresponding standardised values.
annual_inc,40000.75,-0.8214078843175167,0.09904063569080906,0.09099730151481489,0.10708396986680324,Original cleaned units after median imputation and p1-p99 winsorisation; EBM was fitted on the corresponding standardised values.
annual_inc,40500.0,-0.8095849929819586,0.09904063569080906,0.09099730151481489,0.10708396986680324,Original cleaned units after median imputation and p1-p99 winsorisation; EBM was fitted on the corresponding standardised values.
annual_inc,40999.99999999999,-0.7977443406679297,0.09463344682935534,0.09063019640097389,0.0986366972577368,Original cleaned units after median imputation and p1-p99 winsorisation; EBM was fitted on the corresponding standardised values.
annual_inc,41500.75,-0.7858859273754295,0.09291276613899428,0.08676634783103994,0.09905918444694863,Original cleaned units after median imputation and p1-p99 winsorisation; EBM was fitted on the corresponding standardised values.
annual_inc,42001.0,-0.7740393547352433,0.09260217807442497,0.08596264686636239,0.09924170928248756,Original cleaned units after median imputation and p1-p99 winsorisation; EBM was fitted on the corresponding standardised values.
annual_inc,42501.0,-0.7621987024212142,0.07598593644297899,0.06775171644979117,0.08422015643616682,Original cleaned units after median imputation and p1-p99 winsorisation; EBM was fitted on the corresponding standardised values.
annual_inc,42999.9425,-0.7503830930868294,0.07435812045475353,0.06520001739584734,0.08351622351365971,Original cleaned units after median imputation and p1-p99 winsorisation; EBM was fitted on the corresponding standardised values.
annual_inc,43499.9425,-0.7385424407728003,0.07357635868547326,0.06494503227054273,0.08220768510040379,Original cleaned units after median imputation and p1-p99 winsorisation; EBM was fitted on the corresponding standardised values.
annual_inc,44000.75,-0.7266826658052841,0.07040945767353526,0.06295168495446705,0.07786723039260347,Original cleaned units after median imputation and p1-p99 winsorisation; EBM was fitted on the corresponding standardised values.
annual_inc,44500.75,-0.714842013491255,0.07040945767353526,0.06295168495446705,0.07786723039260347,Original cleaned units after median imputation and p1-p99 winsorisation; EBM was fitted on the corresponding standardised values.
annual_inc,44999.795,-0.7030239768231457,0.07316688553129383,0.06604203481860503,0.08029173624398263,Original cleaned units after median imputation and p1-p99 winsorisation; EBM was fitted on the corresponding standardised values.
annual_inc,45499.795,-0.6911833245091166,0.07281872387283295,0.06592777969625224,0.07970966804941365,Original cleaned units after median imputation and p1-p99 winsorisation; EBM was fitted on the corresponding standardised values.
annual_inc,46000.25,-0.6793318972014817,0.07228236634681709,0.0656598383497339,0.07890489434390027,Original cleaned units after median imputation and p1-p99 winsorisation; EBM was fitted on the corresponding standardised values.
annual_inc,46500.485,-0.667485679780865,0.07228236634681709,0.0656598383497339,0.07890489434390027,Original cleaned units after median imputation and p1-p99 winsorisation; EBM was fitted on the corresponding standardised values.
annual_inc,47000.485,-0.655645027466836,0.07134029617766366,0.06432389245367734,0.07835669990164998,Original cleaned units after median imputation and p1-p99 winsorisation; EBM was fitted on the corresponding standardised values.
annual_inc,47500.25,-0.6438099402593944,0.07037204696368267,0.06390573263997237,0.07683836128739296,Original cleaned units after median imputation and p1-p99 winsorisation; EBM was fitted on the corresponding standardised values.
annual_inc,48002.75,-0.6319100846837952,0.07428503325223344,0.0727797744141841,0.07579029209028279,Original cleaned units after median imputation and p1-p99 winsorisation; EBM was fitted on the corresponding standardised values.
annual_inc,48502.25,-0.6200812730220802,0.07293725895646863,0.07041229108568062,0.07546222682725665,Original cleaned units after median imputation and p1-p99 winsorisation; EBM was fitted on the corresponding standardised values.
annual_inc,48999.5,-0.6083057442957782,0.07293725895646863,0.07041229108568062,0.07546222682725665,Original cleaned units after median imputation and p1-p99 winsorisation; EBM was fitted on the corresponding standardised values.
annual_inc,49500.229999999996,-0.5964478046293706,0.07293725895646863,0.07041229108568062,0.07546222682725665,Original cleaned units after median imputation and p1-p99 winsorisation; EBM was fitted on the corresponding standardised values.
annual_inc,50000.229999999996,-0.5846071523153415,0.07158187607464112,0.06887280015714409,0.07429095199213814,Original cleaned units after median imputation and p1-p99 winsorisation; EBM was fitted on the corresponding standardised values.
annual_inc,50499.61,-0.5727811824101818,0.061799421947085466,0.04680745647882262,0.07679138741534831,Original cleaned units after median imputation and p1-p99 winsorisation; EBM was fitted on the corresponding standardised values.
annual_inc,51000.36,-0.5609227691176818,0.04186049505915241,0.037980886944012436,0.04574010317429238,Original cleaned units after median imputation and p1-p99 winsorisation; EBM was fitted on the corresponding standardised values.
annual_inc,51500.5,-0.5490788014210048,0.04097203365438585,0.036514739327990015,0.045429327980781684,Original cleaned units after median imputation and p1-p99 winsorisation; EBM was fitted on the corresponding standardised values.
annual_inc,52001.0,-0.5372263084546616,0.03862292024299708,0.03291507965117513,0.04433076083481903,Original cleaned units after median imputation and p1-p99 winsorisation; EBM was fitted on the corresponding standardised values.
annual_inc,52500.25,-0.5254034171191035,0.03862292024299708,0.03291507965117513,0.04433076083481903,Original cleaned units after median imputation and p1-p99 winsorisation; EBM was fitted on the corresponding standardised values.
annual_inc,52999.45,-0.5135817098487769,0.03862292024299708,0.03291507965117513,0.04433076083481903,Original cleaned units after median imputation and p1-p99 winsorisation; EBM was fitted on the corresponding standardised values.
annual_inc,53500.45,-0.5017173762301198,0.03800073113333734,0.031331466822075375,0.0446699954445993,Original cleaned units after median imputation and p1-p99 winsorisation; EBM was fitted on the corresponding standardised values.
annual_inc,54000.0,-0.4898873805031733,0.03800073113333734,0.031331466822075375,0.0446699954445993,Original cleaned units after median imputation and p1-p99 winsorisation; EBM was fitted on the corresponding standardised values.
annual_inc,54500.0,-0.4780467281891443,0.03674238303559008,0.029266603727423953,0.04421816234375621,Original cleaned units after median imputation and p1-p99 winsorisation; EBM was fitted on the corresponding standardised values.
annual_inc,55001.0,-0.46618239457048716,0.0355534404142027,0.02722683129010802,0.043880049538297376,Original cleaned units after median imputation and p1-p99 winsorisation; EBM was fitted on the corresponding standardised values.
annual_inc,55501.0,-0.45434174225645807,0.034701996785129474,0.025666468566644503,0.04373752500361444,Original cleaned units after median imputation and p1-p99 winsorisation; EBM was fitted on the corresponding standardised values.
annual_inc,56000.0,-0.442524771247057,0.034701996785129474,0.025666468566644503,0.04373752500361444,Original cleaned units after median imputation and p1-p99 winsorisation; EBM was fitted on the corresponding standardised values.
annual_inc,56500.0,-0.43068411893302794,0.03376788348334431,0.024801391640707243,0.04273437532598137,Original cleaned units after median imputation and p1-p99 winsorisation; EBM was fitted on the corresponding standardised values.
annual_inc,57001.25,-0.41881386498821377,0.03316264550923757,0.023244677055089123,0.04308061396338603,Original cleaned units after median imputation and p1-p99 winsorisation; EBM was fitted on the corresponding standardised values.
annual_inc,57501.25,-0.4069732126741847,0.03316264550923757,0.023244677055089123,0.04308061396338603,Original cleaned units after median imputation and p1-p99 winsorisation; EBM was fitted on the corresponding standardised values.
annual_inc,58000.5,-0.3951503213386266,0.0328314742132228,0.022385032362079768,0.04327791606436583,Original cleaned units after median imputation and p1-p99 winsorisation; EBM was fitted on the corresponding standardised values.
annual_inc,58496.13,-0.3834131563258222,0.03249874383242307,0.02151677849477937,0.04348070917006677,Original cleaned units after median imputation and p1-p99 winsorisation; EBM was fitted on the corresponding standardised values.
annual_inc,58996.38,-0.3715665836856361,0.030567455706626463,0.0173009633112009,0.043833948102052024,Original cleaned units after median imputation and p1-p99 winsorisation; EBM was fitted on the corresponding standardised values.
annual_inc,59500.905,-0.359618773468165,0.02827520807180319,0.01625037986682721,0.04030003627677917,Original cleaned units after median imputation and p1-p99 winsorisation; EBM was fitted on the corresponding standardised values.
annual_inc,60000.155,-0.3477958821326069,0.03512731770073161,0.03159710128561405,0.03865753411584917,Original cleaned units after median imputation and p1-p99 winsorisation; EBM was fitted on the corresponding standardised values.
annual_inc,60499.75,-0.3359648207469522,0.03512731770073161,0.03159710128561405,0.03865753411584917,Original cleaned units after median imputation and p1-p99 winsorisation; EBM was fitted on the corresponding standardised values.
annual_inc,60999.75,-0.32412416843292313,0.02789641040052042,0.017312207406882565,0.03848061339415827,Original cleaned units after median imputation and p1-p99 winsorisation; EBM was fitted on the corresponding standardised values.
annual_inc,61499.0,-0.3123012770973651,0.027330919127135953,0.01723289600815811,0.037428942246113796,Original cleaned units after median imputation and p1-p99 winsorisation; EBM was fitted on the corresponding standardised values.
annual_inc,61999.5,-0.300448784131022,0.026521348788465758,0.0160400614515556,0.037002636125375916,Original cleaned units after median imputation and p1-p99 winsorisation; EBM was fitted on the corresponding standardised values.
annual_inc,62250.5,-0.2945047766693794,-0.0022904071633357984,-0.007800512786032998,0.0032196984593614014,Original cleaned units after median imputation and p1-p99 winsorisation; EBM was fitted on the corresponding standardised values.
annual_inc,62748.25,-0.28271740729076345,-0.0022904071633357984,-0.007800512786032998,0.0032196984593614014,Original cleaned units after median imputation and p1-p99 winsorisation; EBM was fitted on the corresponding standardised values.
annual_inc,62999.25,-0.27677339982912086,-0.0028338213735651747,-0.00844547784223897,0.00277783509510862,Original cleaned units after median imputation and p1-p99 winsorisation; EBM was fitted on the corresponding standardised values.
annual_inc,63500.65,-0.2648995936886125,-0.003721010771682175,-0.008030779923727183,0.0005887583803628332,Original cleaned units after median imputation and p1-p99 winsorisation; EBM was fitted on the corresponding standardised values.
annual_inc,64001.899999999994,-0.2530293397437984,-0.003721010771682175,-0.008030779923727183,0.0005887583803628332,Original cleaned units after median imputation and p1-p99 winsorisation; EBM was fitted on the corresponding standardised values.
annual_inc,64500.0,-0.24123368190856254,-0.003721010771682175,-0.008030779923727183,0.0005887583803628332,Original cleaned units after median imputation and p1-p99 winsorisation; EBM was fitted on the corresponding standardised values.
annual_inc,64998.5,-0.22942855155147557,-0.0055442353644103125,-0.008578312024228998,-0.002510158704591627,Original cleaned units after median imputation and p1-p99 winsorisation; EBM was fitted on the corresponding standardised values.
annual_inc,65498.75,-0.21758197891128944,-0.015805550467400377,-0.029470970901427952,-0.0021401300333728033,Original cleaned units after median imputation and p1-p99 winsorisation; EBM was fitted on the corresponding standardised values.
annual_inc,65999.92,-0.2057136194708456,-0.021843097106740324,-0.03338772062564158,-0.010298473587839066,Original cleaned units after median imputation and p1-p99 winsorisation; EBM was fitted on the corresponding standardised values.
annual_inc,66500.67,-0.19385520617834545,-0.03311971944269755,-0.03848841575946286,-0.027751023125932243,Original cleaned units after median imputation and p1-p99 winsorisation; EBM was fitted on the corresponding standardised values.
annual_inc,67003.75,-0.1819416154460619,-0.0340195675582866,-0.03947285159396501,-0.028566283522608184,Original cleaned units after median imputation and p1-p99 winsorisation; EBM was fitted on the corresponding standardised values.
annual_inc,67504.5,-0.1700832021535618,-0.03525822871524118,-0.04179877921980059,-0.028717678210681774,Original cleaned units after median imputation and p1-p99 winsorisation; EBM was fitted on the corresponding standardised values.
annual_inc,68000.75,-0.15833135473188792,-0.03525822871524118,-0.04179877921980059,-0.028717678210681774,Original cleaned units after median imputation and p1-p99 winsorisation; EBM was fitted on the corresponding standardised values.
annual_inc,68499.25,-0.14652622437480092,-0.0363049900089886,-0.04142037387708643,-0.031189606140890766,Original cleaned units after median imputation and p1-p99 winsorisation; EBM was fitted on the corresponding standardised values.
annual_inc,68999.75,-0.13467373140845781,-0.03709396497736378,-0.04141313724491569,-0.03277479270981187,Original cleaned units after median imputation and p1-p99 winsorisation; EBM was fitted on the corresponding standardised values.
annual_inc,69501.25,-0.12279755713748663,-0.038364869703319864,-0.0422747158180895,-0.034455023588550224,Original cleaned units after median imputation and p1-p99 winsorisation; EBM was fitted on the corresponding standardised values.
annual_inc,69999.77,-0.11099195315430707,-0.038364869703319864,-0.0422747158180895,-0.034455023588550224,Original cleaned units after median imputation and p1-p99 winsorisation; EBM was fitted on the corresponding standardised values.
annual_inc,70498.77,-0.09917498214490605,-0.04059025289798644,-0.04231240448640146,-0.038868101309571426,Original cleaned units after median imputation and p1-p99 winsorisation; EBM was fitted on the corresponding standardised values.
annual_inc,70999.75,-0.08731112215234146,-0.041066258337601816,-0.04258343532278432,-0.03954908135241931,Original cleaned units after median imputation and p1-p99 winsorisation; EBM was fitted on the corresponding standardised values.
annual_inc,71500.75,-0.07544678853368433,-0.042357450322671776,-0.04526115632339577,-0.03945374432194778,Original cleaned units after median imputation and p1-p99 winsorisation; EBM was fitted on the corresponding standardised values.
annual_inc,72000.395,-0.06361454308279821,-0.04315352885242631,-0.04651167929063046,-0.039795378414222156,Original cleaned units after median imputation and p1-p99 winsorisation; EBM was fitted on the corresponding standardised values.
annual_inc,72500.395,-0.051773890768769114,-0.04315352885242631,-0.04651167929063046,-0.039795378414222156,Original cleaned units after median imputation and p1-p99 winsorisation; EBM was fitted on the corresponding standardised values.
annual_inc,73001.5,-0.03990707061312603,-0.04386096532881702,-0.04641393656561037,-0.04130799409202367,Original cleaned units after median imputation and p1-p99 winsorisation; EBM was fitted on the corresponding standardised values.
annual_inc,73500.0,-0.028101940256039033,-0.04417978420765852,-0.04649371413686465,-0.041865854278452394,Original cleaned units after median imputation and p1-p99 winsorisation; EBM was fitted on the corresponding standardised values.
annual_inc,73998.5,-0.016296809898952037,-0.044749536185709364,-0.04767460738426162,-0.041824464987157105,Original cleaned units after median imputation and p1-p99 winsorisation; EBM was fitted on the corresponding standardised values.
annual_inc,74499.75,-0.004426555954137879,-0.04519953023843544,-0.048729609613646044,-0.041669450863224836,Original cleaned units after median imputation and p1-p99 winsorisation; EBM was fitted on the corresponding standardised values.
annual_inc,74999.75,0.007414096359891206,-0.04638723150505553,-0.04939486940417228,-0.043379593605938786,Original cleaned units after median imputation and p1-p99 winsorisation; EBM was fitted on the corresponding standardised values.
annual_inc,75500.24,0.019266352513188076,-0.046990763633071884,-0.05083234057318495,-0.04314918669295882,Original cleaned units after median imputation and p1-p99 winsorisation; EBM was fitted on the corresponding standardised values.
annual_inc,76001.9575,0.031147677467915823,-0.04733848146468551,-0.05134730255929924,-0.04332966037007177,Original cleaned units after median imputation and p1-p99 winsorisation; EBM was fitted on the corresponding standardised values.
annual_inc,76500.7175,0.04295896496420608,-0.047837398696011495,-0.05222165344330731,-0.04345314394871568,Original cleaned units after median imputation and p1-p99 winsorisation; EBM was fitted on the corresponding standardised values.
annual_inc,76999.75,0.05477670561600754,-0.047837398696011495,-0.05222165344330731,-0.04345314394871568,Original cleaned units after median imputation and p1-p99 winsorisation; EBM was fitted on the corresponding standardised values.
annual_inc,77500.6825,0.06663944074660227,-0.04825451215659095,-0.05220029946144121,-0.044308724851740686,Original cleaned units after median imputation and p1-p99 winsorisation; EBM was fitted on the corresponding standardised values.
annual_inc,78002.6825,0.07852745566988747,-0.048628141361105576,-0.05225910384812679,-0.04499717887408436,Original cleaned units after median imputation and p1-p99 winsorisation; EBM was fitted on the corresponding standardised values.
annual_inc,78502.75,0.09036970647197898,-0.048961244042689804,-0.0523910421039413,-0.04553144598143831,Original cleaned units after median imputation and p1-p99 winsorisation; EBM was fitted on the corresponding standardised values.
annual_inc,79001.75,0.10218667748138,-0.04939827372347953,-0.052701257342355194,-0.04609529010460387,Original cleaned units after median imputation and p1-p99 winsorisation; EBM was fitted on the corresponding standardised values.
annual_inc,79501.75,0.11402732979540908,-0.03768836075500652,-0.04829378862247172,-0.02708293288754132,Original cleaned units after median imputation and p1-p99 winsorisation; EBM was fitted on the corresponding standardised values.
annual_inc,79999.76,0.1258208563132283,-0.03543748243197923,-0.04237069747296276,-0.0285042673909957,Original cleaned units after median imputation and p1-p99 winsorisation; EBM was fitted on the corresponding standardised values.
annual_inc,80499.76,0.1376615086272574,-0.05622464700834156,-0.0620878762807124,-0.05036141773597072,Original cleaned units after median imputation and p1-p99 winsorisation; EBM was fitted on the corresponding standardised values.
annual_inc,81002.75,0.14957296804212442,-0.05684346649164987,-0.062044906053440554,-0.05164202692985918,Original cleaned units after median imputation and p1-p99 winsorisation; EBM was fitted on the corresponding standardised values.
annual_inc,81502.9375,0.16141806060077124,-0.0590635390160668,-0.06398580604731938,-0.054141271984814214,Original cleaned units after median imputation and p1-p99 winsorisation; EBM was fitted on the corresponding standardised values.
annual_inc,82001.9375,0.17323503161017229,-0.06037609096839692,-0.06411330177335325,-0.056638880163440576,Original cleaned units after median imputation and p1-p99 winsorisation; EBM was fitted on the corresponding standardised values.
annual_inc,82501.98,0.18507669037964802,-0.06123034028791248,-0.06598790433973432,-0.05647277623609063,Original cleaned units after median imputation and p1-p99 winsorisation; EBM was fitted on the corresponding standardised values.
annual_inc,83000.48,0.19688182073673505,-0.06192063318158385,-0.06592027863559169,-0.05792098772757601,Original cleaned units after median imputation and p1-p99 winsorisation; EBM was fitted on the corresponding standardised values.
annual_inc,83498.25,0.20866966374144355,-0.062344497105468064,-0.06660162947183892,-0.058087364739097196,Original cleaned units after median imputation and p1-p99 winsorisation; EBM was fitted on the corresponding standardised values.
annual_inc,84248.625,0.22643952270172268,-0.06274130780795253,-0.06751147690473895,-0.05797113871116612,Original cleaned units after median imputation and p1-p99 winsorisation; EBM was fitted on the corresponding standardised values.
annual_inc,84750.895,0.23833393157725752,-0.06346253753074126,-0.06766983526179086,-0.05925523979969165,Original cleaned units after median imputation and p1-p99 winsorisation; EBM was fitted on the corresponding standardised values.
annual_inc,85498.02,0.25602682629749546,-0.06744274425209329,-0.07288344530739847,-0.062002043196788106,Original cleaned units after median imputation and p1-p99 winsorisation; EBM was fitted on the corresponding standardised values.
annual_inc,85999.0,0.26789068629006,-0.06798625279232551,-0.07367548890421256,-0.06229701668043845,Original cleaned units after median imputation and p1-p99 winsorisation; EBM was fitted on the corresponding standardised values.
annual_inc,86499.75,0.27974909958256017,-0.06882642481608639,-0.07388706689049142,-0.06376578274168136,Original cleaned units after median imputation and p1-p99 winsorisation; EBM was fitted on the corresponding standardised values.
annual_inc,87000.75,0.2916134332012173,-0.0704403485577414,-0.07643545715442833,-0.06444523996105446,Original cleaned units after median imputation and p1-p99 winsorisation; EBM was fitted on the corresponding standardised values.
annual_inc,87501.0,0.30346000584140337,-0.07110604609544993,-0.07745399623693236,-0.0647580959539675,Original cleaned units after median imputation and p1-p99 winsorisation; EBM was fitted on the corresponding standardised values.
annual_inc,88000.0,0.3152769768508044,-0.07213426565521941,-0.07936257611347222,-0.0649059551969666,Original cleaned units after median imputation and p1-p99 winsorisation; EBM was fitted on the corresponding standardised values.
annual_inc,88499.0,0.32709394786020546,-0.07286040855126819,-0.08089227597471745,-0.06482854112781893,Original cleaned units after median imputation and p1-p99 winsorisation; EBM was fitted on the corresponding standardised values.
annual_inc,88998.25,0.3389168391957635,-0.07494819600267379,-0.082894654468767,-0.06700173753658058,Original cleaned units after median imputation and p1-p99 winsorisation; EBM was fitted on the corresponding standardised values.
annual_inc,89500.0,0.3507989337928917,-0.07717814251269704,-0.08644140521196421,-0.06791487981342988,Original cleaned units after median imputation and p1-p99 winsorisation; EBM was fitted on the corresponding standardised values.
annual_inc,90000.0,0.36263958610692076,-0.07804985514106433,-0.0861444564992698,-0.06995525378285886,Original cleaned units after median imputation and p1-p99 winsorisation; EBM was fitted on the corresponding standardised values.
annual_inc,90500.0,0.37448023842094985,-0.08454074616715189,-0.09403154186226638,-0.0750499504720374,Original cleaned units after median imputation and p1-p99 winsorisation; EBM was fitted on the corresponding standardised values.
annual_inc,91499.25,0.39814378207053697,-0.08500799630814483,-0.09375134411211199,-0.07626464850417768,Original cleaned units after median imputation and p1-p99 winsorisation; EBM was fitted on the corresponding standardised values.
annual_inc,91999.75,0.4099962750368801,-0.08500799630814483,-0.09375134411211199,-0.07626464850417768,Original cleaned units after median imputation and p1-p99 winsorisation; EBM was fitted on the corresponding standardised values.
annual_inc,92497.0,0.421771803763182,-0.08500799630814483,-0.09375134411211199,-0.07626464850417768,Original cleaned units after median imputation and p1-p99 winsorisation; EBM was fitted on the corresponding standardised values.
annual_inc,92999.75,0.43367757966493825,-0.08545377765696853,-0.09419835518814783,-0.07670920012578923,Original cleaned units after median imputation and p1-p99 winsorisation; EBM was fitted on the corresponding standardised values.
annual_inc,93502.0,0.44557151491438046,-0.08364276387064715,-0.0919149580248806,-0.07537056971641369,Original cleaned units after median imputation and p1-p99 winsorisation; EBM was fitted on the corresponding standardised values.
annual_inc,94001.75,0.45740624690225257,-0.08454442303677787,-0.09229066213586663,-0.0767981839376891,Original cleaned units after median imputation and p1-p99 winsorisation; EBM was fitted on the corresponding standardised values.
annual_inc,94502.5,0.4692646601947527,-0.08538419723629846,-0.0933054671372131,-0.07746292733538382,Original cleaned units after median imputation and p1-p99 winsorisation; EBM was fitted on the corresponding standardised values.
annual_inc,94999.79000000001,0.48104113617323974,-0.08608220506987471,-0.09423439816917586,-0.07793001197057356,Original cleaned units after median imputation and p1-p99 winsorisation; EBM was fitted on the corresponding standardised values.
annual_inc,95496.69,0.49280837644292186,-0.08753562369165943,-0.09437706779597939,-0.08069417958733947,Original cleaned units after median imputation and p1-p99 winsorisation; EBM was fitted on the corresponding standardised values.
annual_inc,95999.15,0.504707284766336,-0.08753562369165943,-0.09437706779597939,-0.08069417958733947,Original cleaned units after median imputation and p1-p99 winsorisation; EBM was fitted on the corresponding standardised values.
annual_inc,96501.5,0.516603588146241,-0.08753562369165943,-0.09437706779597939,-0.08069417958733947,Original cleaned units after median imputation and p1-p99 winsorisation; EBM was fitted on the corresponding standardised values.
annual_inc,97000.5,0.528420559155642,-0.08795799425378004,-0.09414398900492803,-0.08177199950263205,Original cleaned units after median imputation and p1-p99 winsorisation; EBM was fitted on the corresponding standardised values.
annual_inc,97500.25,0.5402552911435141,-0.0889888891236585,-0.09367076963675477,-0.08430700861056223,Original cleaned units after median imputation and p1-p99 winsorisation; EBM was fitted on the corresponding standardised values.
annual_inc,97999.75,0.552084102805229,-0.08560275927582224,-0.09011377317963848,-0.081091745372006,Original cleaned units after median imputation and p1-p99 winsorisation; EBM was fitted on the corresponding standardised values.
annual_inc,98496.25,0.5638418705530599,-0.08594200790519965,-0.09060401277481704,-0.08128000303558226,Original cleaned units after median imputation and p1-p99 winsorisation; EBM was fitted on the corresponding standardised values.
annual_inc,99495.21250000001,0.5874986058275666,-0.0872487617374341,-0.09235750004038466,-0.08214002343448353,Original cleaned units after median imputation and p1-p99 winsorisation; EBM was fitted on the corresponding standardised values.
annual_inc,100000.4625,0.5994635849908929,-0.08835300911393171,-0.09170927469394778,-0.08499674353391563,Original cleaned units after median imputation and p1-p99 winsorisation; EBM was fitted on the corresponding standardised values.
annual_inc,100498.0,0.6112459220922755,-0.1283455423050309,-0.152267916915126,-0.10442316769493579,Original cleaned units after median imputation and p1-p99 winsorisation; EBM was fitted on the corresponding standardised values.
annual_inc,101496.5,0.6348917047633915,-0.12881052898557363,-0.15287546989258993,-0.10474558807855733,Original cleaned units after median imputation and p1-p99 winsorisation; EBM was fitted on the corresponding standardised values.
annual_inc,101999.5,0.6468034009913048,-0.1386502341503279,-0.170227482918908,-0.10707298538174782,Original cleaned units after median imputation and p1-p99 winsorisation; EBM was fitted on the corresponding standardised values.
annual_inc,102499.5,0.6586440533053339,-0.14174369335191805,-0.1684926665655202,-0.11499472013831591,Original cleaned units after median imputation and p1-p99 winsorisation; EBM was fitted on the corresponding standardised values.
annual_inc,102999.025,0.6704734569996647,-0.16093027352911551,-0.17047828813874893,-0.1513822589194821,Original cleaned units after median imputation and p1-p99 winsorisation; EBM was fitted on the corresponding standardised values.
annual_inc,103498.775,0.6823081889875366,-0.1617862064790989,-0.17258746940689282,-0.15098494355130496,Original cleaned units after median imputation and p1-p99 winsorisation; EBM was fitted on the corresponding standardised values.
annual_inc,104002.75,0.6942429744874623,-0.16738891964604669,-0.17406948806215294,-0.16070835122994043,Original cleaned units after median imputation and p1-p99 winsorisation; EBM was fitted on the corresponding standardised values.
annual_inc,104502.5,0.7060777064753343,-0.16738891964604669,-0.17406948806215294,-0.16070835122994043,Original cleaned units after median imputation and p1-p99 winsorisation; EBM was fitted on the corresponding standardised values.
annual_inc,105002.0475,0.7179076429990192,-0.16738891964604669,-0.17406948806215294,-0.16070835122994043,Original cleaned units after median imputation and p1-p99 winsorisation; EBM was fitted on the corresponding standardised values.
annual_inc,105502.5475,0.7297601359653625,-0.16738891964604669,-0.17406948806215294,-0.16070835122994043,Original cleaned units after median imputation and p1-p99 winsorisation; EBM was fitted on the corresponding standardised values.
annual_inc,106000.5,0.7415523008081656,-0.16917558284263864,-0.1776667270742503,-0.160684438611027,Original cleaned units after median imputation and p1-p99 winsorisation; EBM was fitted on the corresponding standardised values.
annual_inc,107000.25,0.7652276851100668,-0.16984964743487635,-0.17810540771166394,-0.16159388715808876,Original cleaned units after median imputation and p1-p99 winsorisation; EBM was fitted on the corresponding standardised values.
annual_inc,108000.89499999999,0.7889242641796099,-0.17135575591176466,-0.17946805349554995,-0.16324345832797937,Original cleaned units after median imputation and p1-p99 winsorisation; EBM was fitted on the corresponding standardised values.
annual_inc,109001.895,0.8126292501122963,-0.1723415156525991,-0.1793204525593327,-0.16536257874586546,Original cleaned units after median imputation and p1-p99 winsorisation; EBM was fitted on the corresponding standardised values.
annual_inc,109999.975,0.8362650866354684,-0.16185513593690676,-0.16671619186524286,-0.15699408000857065,Original cleaned units after median imputation and p1-p99 winsorisation; EBM was fitted on the corresponding standardised values.
annual_inc,110990.225,0.859715498543403,-0.16787209311818188,-0.1791953967209937,-0.15654878951537007,Original cleaned units after median imputation and p1-p99 winsorisation; EBM was fitted on the corresponding standardised values.
annual_inc,111995.0,0.8835098814010601,-0.16864986326050316,-0.1812497851333509,-0.1560499413876554,Original cleaned units after median imputation and p1-p99 winsorisation; EBM was fitted on the corresponding standardised values.
annual_inc,112759.25,0.9016083184630537,-0.19413543639264044,-0.20844961645139443,-0.17982125633388646,Original cleaned units after median imputation and p1-p99 winsorisation; EBM was fitted on the corresponding standardised values.
annual_inc,114254.15,0.9370095007515378,-0.19547660227272515,-0.20920804432925877,-0.18174516021619153,Original cleaned units after median imputation and p1-p99 winsorisation; EBM was fitted on the corresponding standardised values.
annual_inc,115010.15,0.9549125670503498,-0.19686866117764348,-0.21127283231778549,-0.18246449003750148,Original cleaned units after median imputation and p1-p99 winsorisation; EBM was fitted on the corresponding standardised values.
annual_inc,115801.0,0.9736409268154496,-0.19743458089723454,-0.21236529543271424,-0.18250386636175484,Original cleaned units after median imputation and p1-p99 winsorisation; EBM was fitted on the corresponding standardised values.
annual_inc,117290.5,1.0089142300589424,-0.19849258775955042,-0.21384165635758903,-0.1831435191615118,Original cleaned units after median imputation and p1-p99 winsorisation; EBM was fitted on the corresponding standardised values.
annual_inc,118009.75,1.0259470084126732,-0.19843867269672852,-0.2137844704772339,-0.18309287491622314,Original cleaned units after median imputation and p1-p99 winsorisation; EBM was fitted on the corresponding standardised values.
annual_inc,119008.75,1.0496046317361032,-0.08186149056659306,-0.09820153444975735,-0.06552144668342877,Original cleaned units after median imputation and p1-p99 winsorisation; EBM was fitted on the corresponding standardised values.
annual_inc,120002.5,1.073137928210236,-0.08214657796529092,-0.09852665822228684,-0.06576649770829499,Original cleaned units after median imputation and p1-p99 winsorisation; EBM was fitted on the corresponding standardised values.
annual_inc,121004.5,1.0968665954475503,-0.08250819931031615,-0.09848227602439914,-0.06653412259623316,Original cleaned units after median imputation and p1-p99 winsorisation; EBM was fitted on the corresponding standardised values.
annual_inc,122938.25,1.1426603182720578,-0.08250819931031615,-0.09848227602439914,-0.06653412259623316,Original cleaned units after median imputation and p1-p99 winsorisation; EBM was fitted on the corresponding standardised values.
annual_inc,124437.25,1.178158593909517,-0.08367223777873373,-0.10147454016574846,-0.065869935391719,Original cleaned units after median imputation and p1-p99 winsorisation; EBM was fitted on the corresponding standardised values.
annual_inc,125000.0,1.1914852480889566,-0.08587321794086637,-0.10315345934668035,-0.06859297653505239,Original cleaned units after median imputation and p1-p99 winsorisation; EBM was fitted on the corresponding standardised values.
annual_inc,126136.75,1.2184049711249019,-0.1402650167914075,-0.1759562549871405,-0.10457377859567449,Original cleaned units after median imputation and p1-p99 winsorisation; EBM was fitted on the corresponding standardised values.
annual_inc,128635.5,1.2775786310642623,-0.15608733494633226,-0.17239370327780365,-0.13978096661486086,Original cleaned units after median imputation and p1-p99 winsorisation; EBM was fitted on the corresponding standardised values.
annual_inc,129999.75,1.3098858509030906,-0.15969595169140005,-0.17576829007173456,-0.14362361331106555,Original cleaned units after median imputation and p1-p99 winsorisation; EBM was fitted on the corresponding standardised values.
annual_inc,131012.0,1.3338572515128424,-0.19593886671159375,-0.20386885518046,-0.1880088782427275,Original cleaned units after median imputation and p1-p99 winsorisation; EBM was fitted on the corresponding standardised values.
annual_inc,133506.5,1.3929302659075335,-0.19593886671159375,-0.20386885518046,-0.1880088782427275,Original cleaned units after median imputation and p1-p99 winsorisation; EBM was fitted on the corresponding standardised values.
annual_inc,134996.75,1.4282213301294973,-0.19692372035351108,-0.20557262604662904,-0.1882748146603931,Original cleaned units after median imputation and p1-p99 winsorisation; EBM was fitted on the corresponding standardised values.
annual_inc,136248.75,1.4578703235238262,-0.19834412900201553,-0.20744476297317246,-0.1892434950308586,Original cleaned units after median imputation and p1-p99 winsorisation; EBM was fitted on the corresponding standardised values.
annual_inc,138746.25,1.5170143818324013,-0.17827020315359837,-0.1932320064513123,-0.16330839985588444,Original cleaned units after median imputation and p1-p99 winsorisation; EBM was fitted on the corresponding standardised values.
annual_inc,140000.0,1.5467048175098292,-0.1632909226771414,-0.1679345289203384,-0.15864731643394442,Original cleaned units after median imputation and p1-p99 winsorisation; EBM was fitted on the corresponding standardised values.
annual_inc,141477.25,1.581688024771628,-0.10260547573715412,-0.12750419298755322,-0.077706758486755,Original cleaned units after median imputation and p1-p99 winsorisation; EBM was fitted on the corresponding standardised values.
annual_inc,143975.25,1.6408439237325174,-0.09853262871582423,-0.1239779018975154,-0.07308735553413306,Original cleaned units after median imputation and p1-p99 winsorisation; EBM was fitted on the corresponding standardised values.
annual_inc,145026.25,1.6657329748966068,-0.09853262871582423,-0.1239779018975154,-0.07308735553413306,Original cleaned units after median imputation and p1-p99 winsorisation; EBM was fitted on the corresponding standardised values.
annual_inc,147520.77000000002,1.7248064629173903,-0.09446857204615809,-0.11359525479387726,-0.07534188929843892,Original cleaned units after median imputation and p1-p99 winsorisation; EBM was fitted on the corresponding standardised values.
annual_inc,149994.77000000002,1.7833940105672061,-0.0707995495928418,-0.09247204729027488,-0.04912705189540874,Original cleaned units after median imputation and p1-p99 winsorisation; EBM was fitted on the corresponding standardised values.
annual_inc,152025.75,1.8314902666406998,-0.07219451513200487,-0.09337599217303183,-0.0510130380909779,Original cleaned units after median imputation and p1-p99 winsorisation; EBM was fitted on the corresponding standardised values.
annual_inc,154525.5,1.8906876078846881,-0.10497302337174677,-0.10929474937769204,-0.1006512973658015,Original cleaned units after median imputation and p1-p99 winsorisation; EBM was fitted on the corresponding standardised values.
annual_inc,157500.0,1.961127648500847,-0.10551052497507261,-0.10910486502373809,-0.10191618492640714,Original cleaned units after median imputation and p1-p99 winsorisation; EBM was fitted on the corresponding standardised values.
annual_inc,160009.5,2.020555882464959,-0.10551052497507261,-0.10910486502373809,-0.10191618492640714,Original cleaned units after median imputation and p1-p99 winsorisation; EBM was fitted on the corresponding standardised values.
annual_inc,162485.5,2.0791907927240314,-0.10669769420707934,-0.11098926473513337,-0.1024061236790253,Original cleaned units after median imputation and p1-p99 winsorisation; EBM was fitted on the corresponding standardised values.
annual_inc,164981.25,2.1382934087495076,-0.05930023608510483,-0.07175581739998131,-0.04684465477022835,Original cleaned units after median imputation and p1-p99 winsorisation; EBM was fitted on the corresponding standardised values.
annual_inc,167504.25,2.1980413403260983,-0.060123113931680565,-0.07392336265865859,-0.04632286520470254,Original cleaned units after median imputation and p1-p99 winsorisation; EBM was fitted on the corresponding standardised values.
annual_inc,169999.0,2.2571202750469466,-0.060730874784845054,-0.07412677269194232,-0.04733497687774779,Original cleaned units after median imputation and p1-p99 winsorisation; EBM was fitted on the corresponding standardised values.
annual_inc,172500.0,2.31634721792172,-0.060730874784845054,-0.07412677269194232,-0.04733497687774779,Original cleaned units after median imputation and p1-p99 winsorisation; EBM was fitted on the corresponding standardised values.
annual_inc,175004.0,2.375645204710377,-0.060730874784845054,-0.07412677269194232,-0.04733497687774779,Original cleaned units after median imputation and p1-p99 winsorisation; EBM was fitted on the corresponding standardised values.
annual_inc,177455.0,2.433688082353748,-0.06639933963822604,-0.07785468072469684,-0.05494399855175525,Original cleaned units after median imputation and p1-p99 winsorisation; EBM was fitted on the corresponding standardised values.
annual_inc,179954.5,2.4928795032715794,-0.06704492917265374,-0.07775249808909934,-0.05633736025620814,Original cleaned units after median imputation and p1-p99 winsorisation; EBM was fitted on the corresponding standardised values.
annual_inc,182508.5,2.55336155529164,-0.07752106192144714,-0.08871966538302782,-0.06632245845986647,Original cleaned units after median imputation and p1-p99 winsorisation; EBM was fitted on the corresponding standardised values.
annual_inc,187503.0,2.6716378312564766,-0.10042056851518671,-0.12624404532597566,-0.07459709170439777,Original cleaned units after median imputation and p1-p99 winsorisation; EBM was fitted on the corresponding standardised values.
annual_inc,190001.0,2.730793730217366,-0.10042056851518671,-0.12624404532597566,-0.07459709170439777,Original cleaned units after median imputation and p1-p99 winsorisation; EBM was fitted on the corresponding standardised values.
annual_inc,195001.75,2.849218014336128,-0.10465779530628737,-0.12863906667397446,-0.08067652393860028,Original cleaned units after median imputation and p1-p99 winsorisation; EBM was fitted on the corresponding standardised values.
annual_inc,200000.0,2.9675830951933193,-0.09740695630790897,-0.11796424955337925,-0.07684966306243868,Original cleaned units after median imputation and p1-p99 winsorisation; EBM was fitted on the corresponding standardised values.
annual_inc,205033.0,3.0867711013863364,-0.07643974168356121,-0.10498254825731879,-0.04789693510980364,Original cleaned units after median imputation and p1-p99 winsorisation; EBM was fitted on the corresponding standardised values.
annual_inc,215133.75,3.3259700391081948,-0.07962606456592082,-0.10681954637379412,-0.05243258275804752,Original cleaned units after median imputation and p1-p99 winsorisation; EBM was fitted on the corresponding standardised values.
annual_inc,222776.0,3.5069484894019727,-0.08171952723523065,-0.10779416818022965,-0.05564488629023166,Original cleaned units after median imputation and p1-p99 winsorisation; EBM was fitted on the corresponding standardised values.
annual_inc,227676.0,3.622986882079458,-0.08215390628707037,-0.1081746293261847,-0.056133183247956034,Original cleaned units after median imputation and p1-p99 winsorisation; EBM was fitted on the corresponding standardised values.
annual_inc,234826.75,3.7923259711485446,-0.08374662870981248,-0.10885395334937549,-0.05863930407024946,Original cleaned units after median imputation and p1-p99 winsorisation; EBM was fitted on the corresponding standardised values.
annual_inc,244824.75,4.0290916548198705,-0.08497932750999024,-0.10997222521296755,-0.05998642980701292,Original cleaned units after median imputation and p1-p99 winsorisation; EBM was fitted on the corresponding standardised values.
annual_inc,250899.0,4.172937819456853,-0.10162443047082667,-0.12553352553855313,-0.07771533540310023,Original cleaned units after median imputation and p1-p99 winsorisation; EBM was fitted on the corresponding standardised values.
annual_inc,251900.0,4.196642805389539,-0.15749236523337712,-0.16860353625383442,-0.1463811942129198,Original cleaned units after median imputation and p1-p99 winsorisation; EBM was fitted on the corresponding standardised values.
fico_score,663.25,-1.1083144726911205,0.16789080965887604,0.16292102477154302,0.17286059454620906,Original cleaned units after median imputation and p1-p99 winsorisation; EBM was fitted on the corresponding standardised values.
fico_score,667.0,-0.9889321148108897,0.10464918565766398,0.1022971236006777,0.10700124771465026,Original cleaned units after median imputation and p1-p99 winsorisation; EBM was fitted on the corresponding standardised values.
fico_score,672.0,-0.8297556376372486,0.08356640055569783,0.08086078126824543,0.08627201984315024,Original cleaned units after median imputation and p1-p99 winsorisation; EBM was fitted on the corresponding standardised values.
fico_score,677.0,-0.6705791604636074,0.0675625524183116,0.06547866088096727,0.06964644395565595,Original cleaned units after median imputation and p1-p99 winsorisation; EBM was fitted on the corresponding standardised values.
fico_score,682.0,-0.5114026832899663,0.056727542812993845,0.05029542842047708,0.0631596572055106,Original cleaned units after median imputation and p1-p99 winsorisation; EBM was fitted on the corresponding standardised values.
fico_score,687.0,-0.3522262061163251,0.040464915550740145,0.03359423002942743,0.04733560107205286,Original cleaned units after median imputation and p1-p99 winsorisation; EBM was fitted on the corresponding standardised values.
fico_score,692.0,-0.19304972894268396,0.0292115983289167,0.02485700085532088,0.03356619580251252,Original cleaned units after median imputation and p1-p99 winsorisation; EBM was fitted on the corresponding standardised values.
fico_score,697.0,-0.03387325176904279,0.002394814493954769,-0.0016995760909245374,0.006489205078834075,Original cleaned units after median imputation and p1-p99 winsorisation; EBM was fitted on the corresponding standardised values.
fico_score,702.0,0.12530322540459837,-0.010624561431993881,-0.017954015400589003,-0.003295107463398758,Original cleaned units after median imputation and p1-p99 winsorisation; EBM was fitted on the corresponding standardised values.
fico_score,707.0,0.2844797025782395,-0.04520623621316593,-0.05452859614579326,-0.03588387628053861,Original cleaned units after median imputation and p1-p99 winsorisation; EBM was fitted on the corresponding standardised values.
fico_score,712.0,0.44365617975188065,-0.0890738944625764,-0.09679247513530803,-0.08135531378984476,Original cleaned units after median imputation and p1-p99 winsorisation; EBM was fitted on the corresponding standardised values.
fico_score,717.0,0.6028326569255218,-0.10509954797032797,-0.11405193804063377,-0.09614715790002218,Original cleaned units after median imputation and p1-p99 winsorisation; EBM was fitted on the corresponding standardised values.
fico_score,722.0,0.7620091340991629,-0.12119605111973646,-0.12600883411687547,-0.11638326812259746,Original cleaned units after median imputation and p1-p99 winsorisation; EBM was fitted on the corresponding standardised values.
fico_score,727.0,0.9211856112728042,-0.12474176357507782,-0.12934822657356862,-0.12013530057658703,Original cleaned units after median imputation and p1-p99 winsorisation; EBM was fitted on the corresponding standardised values.
fico_score,732.0,1.0803620884464453,-0.13158273993361497,-0.1411499105845947,-0.12201556928263525,Original cleaned units after median imputation and p1-p99 winsorisation; EBM was fitted on the corresponding standardised values.
fico_score,737.0,1.2395385656200864,-0.1392796790488109,-0.14998542259733957,-0.1285739355002822,Original cleaned units after median imputation and p1-p99 winsorisation; EBM was fitted on the corresponding standardised values.
fico_score,742.0,1.3987150427937276,-0.15805061632097891,-0.16952765533440506,-0.14657357730755277,Original cleaned units after median imputation and p1-p99 winsorisation; EBM was fitted on the corresponding standardised values.
fico_score,747.0,1.5578915199673689,-0.1884004192159478,-0.19891459959223962,-0.17788623883965599,Original cleaned units after median imputation and p1-p99 winsorisation; EBM was fitted on the corresponding standardised values.
fico_score,752.0,1.7170679971410099,-0.19598218777977938,-0.20812211419805737,-0.1838422613615014,Original cleaned units after median imputation and p1-p99 winsorisation; EBM was fitted on the corresponding standardised values.
fico_score,757.0,1.8762444743146511,-0.20655091859455468,-0.22218137863945592,-0.19092045854965345,Original cleaned units after median imputation and p1-p99 winsorisation; EBM was fitted on the corresponding standardised values.
fico_score,762.0,2.035420951488292,-0.21475029493628237,-0.23157310678634876,-0.19792748308621597,Original cleaned units after median imputation and p1-p99 winsorisation; EBM was fitted on the corresponding standardised values.
fico_score,767.0,2.1945974286619334,-0.22567873829342688,-0.24692647070271997,-0.2044310058841338,Original cleaned units after median imputation and p1-p99 winsorisation; EBM was fitted on the corresponding standardised values.
fico_score,772.0,2.3537739058355744,-0.14584072970311335,-0.17754445905677205,-0.11413700034945465,Original cleaned units after median imputation and p1-p99 winsorisation; EBM was fitted on the corresponding standardised values.
fico_score,777.0,2.5129503830092155,-0.16782211254808502,-0.18898187938616456,-0.14666234571000547,Original cleaned units after median imputation and p1-p99 winsorisation; EBM was fitted on the corresponding standardised values.
fico_score,782.0,2.672126860182857,-0.22737170284482738,-0.25689933283498173,-0.19784407285467304,Original cleaned units after median imputation and p1-p99 winsorisation; EBM was fitted on the corresponding standardised values.
fico_score,787.0,2.831303337356498,-0.254957775591212,-0.2848741376732446,-0.22504141350917944,Original cleaned units after median imputation and p1-p99 winsorisation; EBM was fitted on the corresponding standardised values.
fico_score,792.0,2.990479814530139,-0.2677698324945478,-0.29709007020438427,-0.23844959478471128,Original cleaned units after median imputation and p1-p99 winsorisation; EBM was fitted on the corresponding standardised values.
fico_score,797.0,3.1496562917037805,-0.2889393737750432,-0.3201839395662057,-0.25769480798388067,Original cleaned units after median imputation and p1-p99 winsorisation; EBM was fitted on the corresponding standardised values.
fico_score,800.75,3.2690386495840116,-0.30097471522790226,-0.32912217882863376,-0.27282725162717075,Original cleaned units after median imputation and p1-p99 winsorisation; EBM was fitted on the corresponding standardised values.
