term,x_value,x_preprocessed,axis_scale,score,lower_bound,upper_bound,transformation_note
term_months,42.0,0.021169070125598377,original_cleaned_units,-0.14921721749507016,-0.15039952717910243,-0.1480349078110379,Original cleaned units after median imputation and p1-p99 winsorisation; EBM was fitted on the corresponding standardised values.
term_months,54.0,1.1903272406798724,original_cleaned_units,0.470077876060595,0.46635325477060124,0.4738024973505887,Original cleaned units after median imputation and p1-p99 winsorisation; EBM was fitted on the corresponding standardised values.
loan_amnt,1556.25,-1.4866759176715656,original_cleaned_units,-0.9991989837088996,-1.0799027672978858,-0.9184952001199135,Original cleaned units after median imputation and p1-p99 winsorisation; EBM was fitted on the corresponding standardised values.
loan_amnt,1675.0,-1.4729325477879067,original_cleaned_units,-0.99757310489915,-1.0761518450905145,-0.9189943647077854,Original cleaned units after median imputation and p1-p99 winsorisation; EBM was fitted on the corresponding standardised values.
loan_amnt,1887.5,-1.4483391490487278,original_cleaned_units,-0.9344024224182363,-0.9934660256282576,-0.8753388192082151,Original cleaned units after median imputation and p1-p99 winsorisation; EBM was fitted on the corresponding standardised values.
loan_amnt,2000.0,-1.4353191144221038,original_cleaned_units,-0.5838628972006028,-0.6430040064352822,-0.5247217879659234,Original cleaned units after median imputation and p1-p99 winsorisation; EBM was fitted on the corresponding standardised values.
loan_amnt,2100.0,-1.423745750309549,original_cleaned_units,-0.5729096267051839,-0.6249866600860086,-0.5208325933243592,Original cleaned units after median imputation and p1-p99 winsorisation; EBM was fitted on the corresponding standardised values.
loan_amnt,2287.5,-1.4020456925985088,original_cleaned_units,-0.5729096267051839,-0.6249866600860086,-0.5208325933243592,Original cleaned units after median imputation and p1-p99 winsorisation; EBM was fitted on the corresponding standardised values.
loan_amnt,2400.0,-1.3890256579718847,original_cleaned_units,-0.571784461461807,-0.6250841825568093,-0.5184847403668046,Original cleaned units after median imputation and p1-p99 winsorisation; EBM was fitted on the corresponding standardised values.
loan_amnt,2449.999999999998,-1.3832389759156074,original_cleaned_units,-0.5719202593077212,-0.6253568402846315,-0.5184836783308109,Original cleaned units after median imputation and p1-p99 winsorisation; EBM was fitted on the corresponding standardised values.
loan_amnt,2500.0,-1.3774522938593299,original_cleaned_units,-0.5697015943655552,-0.6227817429501448,-0.5166214457809657,Original cleaned units after median imputation and p1-p99 winsorisation; EBM was fitted on the corresponding standardised values.
loan_amnt,2650.0,-1.3600922476904977,original_cleaned_units,-0.5424150160670181,-0.5995127701001081,-0.4853172620339282,Original cleaned units after median imputation and p1-p99 winsorisation; EBM was fitted on the corresponding standardised values.
loan_amnt,2800.0,-1.3427322015216656,original_cleaned_units,-0.5424150160670181,-0.5995127701001081,-0.4853172620339282,Original cleaned units after median imputation and p1-p99 winsorisation; EBM was fitted on the corresponding standardised values.
loan_amnt,2900.0,-1.3311588374091108,original_cleaned_units,-0.5411967935623623,-0.5999498441804585,-0.48244374294426606,Original cleaned units after median imputation and p1-p99 winsorisation; EBM was fitted on the corresponding standardised values.
loan_amnt,3000.0,-1.319585473296556,original_cleaned_units,-0.46126156342232166,-0.4904890334253534,-0.43203409341928994,Original cleaned units after median imputation and p1-p99 winsorisation; EBM was fitted on the corresponding standardised values.
loan_amnt,3100.000000000002,-1.3080121091840011,original_cleaned_units,-0.460242343411676,-0.4907410877293768,-0.42974359909397525,Original cleaned units after median imputation and p1-p99 winsorisation; EBM was fitted on the corresponding standardised values.
loan_amnt,3200.0,-1.2964387450714465,original_cleaned_units,-0.45941460258358197,-0.48922097740560466,-0.42960822776155927,Original cleaned units after median imputation and p1-p99 winsorisation; EBM was fitted on the corresponding standardised values.
loan_amnt,3350.0,-1.2790786989026144,original_cleaned_units,-0.45941460258358197,-0.48922097740560466,-0.42960822776155927,Original cleaned units after median imputation and p1-p99 winsorisation; EBM was fitted on the corresponding standardised values.
loan_amnt,3512.5,-1.2602719822197128,original_cleaned_units,-0.4585746098929603,-0.4877336769360785,-0.42941554284984207,Original cleaned units after median imputation and p1-p99 winsorisation; EBM was fitted on the corresponding standardised values.
loan_amnt,3575.0,-1.253038629649366,original_cleaned_units,-0.38430978441894925,-0.40161386145330036,-0.36700570738459815,Original cleaned units after median imputation and p1-p99 winsorisation; EBM was fitted on the corresponding standardised values.
loan_amnt,3712.5,-1.2371252539946032,original_cleaned_units,-0.38430978441894925,-0.40161386145330036,-0.36700570738459815,Original cleaned units after median imputation and p1-p99 winsorisation; EBM was fitted on the corresponding standardised values.
loan_amnt,3900.000000000002,-1.215425196283563,original_cleaned_units,-0.3821569318965134,-0.3992011167040562,-0.36511274708897057,Original cleaned units after median imputation and p1-p99 winsorisation; EBM was fitted on the corresponding standardised values.
loan_amnt,4000.0,-1.2038518321710083,original_cleaned_units,-0.3637635365896673,-0.391631903438282,-0.3358951697410526,Original cleaned units after median imputation and p1-p99 winsorisation; EBM was fitted on the corresponding standardised values.
loan_amnt,4100.0,-1.1922784680584535,original_cleaned_units,-0.3598507085850628,-0.3863939700016417,-0.3333074471684839,Original cleaned units after median imputation and p1-p99 winsorisation; EBM was fitted on the corresponding standardised values.
loan_amnt,4200.0,-1.1807051039458987,original_cleaned_units,-0.3581482209981017,-0.3862677367481824,-0.33002870524802097,Original cleaned units after median imputation and p1-p99 winsorisation; EBM was fitted on the corresponding standardised values.
loan_amnt,4287.5,-1.1705784103474133,original_cleaned_units,-0.33807901834817927,-0.3884660972072776,-0.28769193948908095,Original cleaned units after median imputation and p1-p99 winsorisation; EBM was fitted on the corresponding standardised values.
loan_amnt,4425.000000000002,-1.1546650346926504,original_cleaned_units,-0.33807901834817927,-0.3884660972072776,-0.28769193948908095,Original cleaned units after median imputation and p1-p99 winsorisation; EBM was fitted on the corresponding standardised values.
loan_amnt,4500.0,-1.1459850116082344,original_cleaned_units,-0.26063873233741497,-0.29863406978004975,-0.22264339489478022,Original cleaned units after median imputation and p1-p99 winsorisation; EBM was fitted on the corresponding standardised values.
loan_amnt,4587.5,-1.135858318009749,original_cleaned_units,-0.2561126493690846,-0.29383190871655157,-0.21839339002161767,Original cleaned units after median imputation and p1-p99 winsorisation; EBM was fitted on the corresponding standardised values.
loan_amnt,4725.0,-1.119944942354986,original_cleaned_units,-0.25134295055971856,-0.2929844701325706,-0.20970143098686647,Original cleaned units after median imputation and p1-p99 winsorisation; EBM was fitted on the corresponding standardised values.
loan_amnt,4800.0,-1.1112649192705701,original_cleaned_units,-0.25134295055971856,-0.2929844701325706,-0.20970143098686647,Original cleaned units after median imputation and p1-p99 winsorisation; EBM was fitted on the corresponding standardised values.
loan_amnt,4900.0,-1.0996915551580153,original_cleaned_units,-0.24990319532315566,-0.2917294292207552,-0.20807696142555612,Original cleaned units after median imputation and p1-p99 winsorisation; EBM was fitted on the corresponding standardised values.
loan_amnt,5000.0,-1.0881181910454605,original_cleaned_units,-0.1483485986784483,-0.17436615399440458,-0.122331043362492,Original cleaned units after median imputation and p1-p99 winsorisation; EBM was fitted on the corresponding standardised values.
loan_amnt,5075.0,-1.0794381679610445,original_cleaned_units,-0.16932529352188325,-0.19868407617956396,-0.13996651086420253,Original cleaned units after median imputation and p1-p99 winsorisation; EBM was fitted on the corresponding standardised values.
loan_amnt,5175.0,-1.0678648038484897,original_cleaned_units,-0.18712609570714567,-0.19255121691988286,-0.18170097449440847,Original cleaned units after median imputation and p1-p99 winsorisation; EBM was fitted on the corresponding standardised values.
loan_amnt,5262.5,-1.0577381102500043,original_cleaned_units,-0.1856997565327021,-0.19091059082629933,-0.18048892223910487,Original cleaned units after median imputation and p1-p99 winsorisation; EBM was fitted on the corresponding standardised values.
loan_amnt,5350.0,-1.047611416651519,original_cleaned_units,-0.1838192732970757,-0.19083302563815163,-0.17680552095599977,Original cleaned units after median imputation and p1-p99 winsorisation; EBM was fitted on the corresponding standardised values.
loan_amnt,5437.499999999998,-1.0374847230530335,original_cleaned_units,-0.18306395165656958,-0.19079948585609607,-0.17532841745704308,Original cleaned units after median imputation and p1-p99 winsorisation; EBM was fitted on the corresponding standardised values.
loan_amnt,5500.0,-1.0302513704826868,original_cleaned_units,-0.18244072283163432,-0.18955460536986948,-0.17532684029339915,Original cleaned units after median imputation and p1-p99 winsorisation; EBM was fitted on the corresponding standardised values.
loan_amnt,5550.0,-1.0244646884264093,original_cleaned_units,-0.18178918276046932,-0.1883807309575131,-0.17519763456342555,Original cleaned units after median imputation and p1-p99 winsorisation; EBM was fitted on the corresponding standardised values.
loan_amnt,5600.0,-1.018678006370132,original_cleaned_units,-0.18123002656704007,-0.1875018417924797,-0.17495821134160044,Original cleaned units after median imputation and p1-p99 winsorisation; EBM was fitted on the corresponding standardised values.
loan_amnt,5674.999999999998,-1.009997983285716,original_cleaned_units,-0.18123002656704007,-0.1875018417924797,-0.17495821134160044,Original cleaned units after median imputation and p1-p99 winsorisation; EBM was fitted on the corresponding standardised values.
loan_amnt,5787.5,-0.9969779486590917,original_cleaned_units,-0.18123002656704007,-0.1875018417924797,-0.17495821134160044,Original cleaned units after median imputation and p1-p99 winsorisation; EBM was fitted on the corresponding standardised values.
loan_amnt,5912.5,-0.9825112435183982,original_cleaned_units,-0.18015319460051898,-0.18533780329293664,-0.17496858590810133,Original cleaned units after median imputation and p1-p99 winsorisation; EBM was fitted on the corresponding standardised values.
loan_amnt,6000.0,-0.9723845499199129,original_cleaned_units,-0.17957912465034387,-0.18531086447173023,-0.1738473848289575,Original cleaned units after median imputation and p1-p99 winsorisation; EBM was fitted on the corresponding standardised values.
loan_amnt,6025.0,-0.9694912088917741,original_cleaned_units,-0.14759682485294903,-0.15708133231101698,-0.13811231739488108,Original cleaned units after median imputation and p1-p99 winsorisation; EBM was fitted on the corresponding standardised values.
loan_amnt,6075.0,-0.9637045268354967,original_cleaned_units,-0.14718446807216135,-0.1567285070674044,-0.13764042907691829,Original cleaned units after median imputation and p1-p99 winsorisation; EBM was fitted on the corresponding standardised values.
loan_amnt,6162.5,-0.9535778332370113,original_cleaned_units,-0.14592580349908202,-0.15607877806742107,-0.13577282893074297,Original cleaned units after median imputation and p1-p99 winsorisation; EBM was fitted on the corresponding standardised values.
loan_amnt,6250.0,-0.9434511396385259,original_cleaned_units,-0.14592580349908202,-0.15607877806742107,-0.13577282893074297,Original cleaned units after median imputation and p1-p99 winsorisation; EBM was fitted on the corresponding standardised values.
loan_amnt,6337.499999999999,-0.9333244460400405,original_cleaned_units,-0.14491376725681288,-0.15606185902827727,-0.13376567548534848,Original cleaned units after median imputation and p1-p99 winsorisation; EBM was fitted on the corresponding standardised values.
loan_amnt,6400.0,-0.9260910934696938,original_cleaned_units,-0.14334825631880604,-0.15425105456406835,-0.13244545807354374,Original cleaned units after median imputation and p1-p99 winsorisation; EBM was fitted on the corresponding standardised values.
loan_amnt,6450.000000000001,-0.9203044114134162,original_cleaned_units,-0.1429180112548406,-0.15324480841352073,-0.13259121409616048,Original cleaned units after median imputation and p1-p99 winsorisation; EBM was fitted on the corresponding standardised values.
loan_amnt,6500.0,-0.9145177293571389,original_cleaned_units,-0.15284517810175885,-0.1657630647611706,-0.1399272914423471,Original cleaned units after median imputation and p1-p99 winsorisation; EBM was fitted on the corresponding standardised values.
loan_amnt,6562.5,-0.9072843767867922,original_cleaned_units,-0.1521192767695715,-0.16582732799914296,-0.13841122554000002,Original cleaned units after median imputation and p1-p99 winsorisation; EBM was fitted on the corresponding standardised values.
loan_amnt,6662.5,-0.8957110126742375,original_cleaned_units,-0.15150172028066883,-0.1656180543747258,-0.13738538618661186,Original cleaned units after median imputation and p1-p99 winsorisation; EBM was fitted on the corresponding standardised values.
loan_amnt,6762.5,-0.8841376485616826,original_cleaned_units,-0.15150172028066883,-0.1656180543747258,-0.13738538618661186,Original cleaned units after median imputation and p1-p99 winsorisation; EBM was fitted on the corresponding standardised values.
loan_amnt,6900.0,-0.8682242729069198,original_cleaned_units,-0.1511112040696068,-0.16552077067324406,-0.13670163746596953,Original cleaned units after median imputation and p1-p99 winsorisation; EBM was fitted on the corresponding standardised values.
loan_amnt,7000.0,-0.8566509087943651,original_cleaned_units,-0.1496764105071105,-0.16470128329456338,-0.13465153771965763,Original cleaned units after median imputation and p1-p99 winsorisation; EBM was fitted on the corresponding standardised values.
loan_amnt,7099.999999999999,-0.8450775446818104,original_cleaned_units,-0.14576133398891064,-0.16217773050465406,-0.12934493747316722,Original cleaned units after median imputation and p1-p99 winsorisation; EBM was fitted on the corresponding standardised values.
loan_amnt,7200.0,-0.8335041805692556,original_cleaned_units,-0.14499345396659466,-0.1620735566585004,-0.12791335127468892,Original cleaned units after median imputation and p1-p99 winsorisation; EBM was fitted on the corresponding standardised values.
loan_amnt,7287.5,-0.8233774869707701,original_cleaned_units,-0.14499345396659466,-0.1620735566585004,-0.12791335127468892,Original cleaned units after median imputation and p1-p99 winsorisation; EBM was fitted on the corresponding standardised values.
loan_amnt,7425.0,-0.8074641113160073,original_cleaned_units,-0.13285468447252202,-0.1403926106989162,-0.12531675824612784,Original cleaned units after median imputation and p1-p99 winsorisation; EBM was fitted on the corresponding standardised values.
loan_amnt,7500.0,-0.7987840882315912,original_cleaned_units,-0.12989552077339941,-0.1398120938868968,-0.11997894765990204,Original cleaned units after median imputation and p1-p99 winsorisation; EBM was fitted on the corresponding standardised values.
loan_amnt,7550.0,-0.7929974061753138,original_cleaned_units,-0.12947411701661737,-0.13876515096293257,-0.12018308307030218,Original cleaned units after median imputation and p1-p99 winsorisation; EBM was fitted on the corresponding standardised values.
loan_amnt,7637.5,-0.7828707125768284,original_cleaned_units,-0.12906384997323894,-0.1377615136729303,-0.12036618627354759,Original cleaned units after median imputation and p1-p99 winsorisation; EBM was fitted on the corresponding standardised values.
loan_amnt,7737.5,-0.7712973484642736,original_cleaned_units,-0.12334435531228378,-0.12754213322742952,-0.11914657739713806,Original cleaned units after median imputation and p1-p99 winsorisation; EBM was fitted on the corresponding standardised values.
loan_amnt,7799.999999999999,-0.7640639958939269,original_cleaned_units,-0.12334435531228378,-0.12754213322742952,-0.11914657739713806,Original cleaned units after median imputation and p1-p99 winsorisation; EBM was fitted on the corresponding standardised values.
loan_amnt,7899.999999999999,-0.7524906317813722,original_cleaned_units,-0.1228194632638841,-0.12619913926062942,-0.11943978726713876,Original cleaned units after median imputation and p1-p99 winsorisation; EBM was fitted on the corresponding standardised values.
loan_amnt,7999.999999999999,-0.7409172676688174,original_cleaned_units,-0.12234579342993847,-0.12636533550720694,-0.11832625135267,Original cleaned units after median imputation and p1-p99 winsorisation; EBM was fitted on the corresponding standardised values.
loan_amnt,8087.5,-0.7307905740703319,original_cleaned_units,-0.12163266666179559,-0.1257208259005379,-0.11754450742305328,Original cleaned units after median imputation and p1-p99 winsorisation; EBM was fitted on the corresponding standardised values.
loan_amnt,8225.0,-0.7148771984155691,original_cleaned_units,-0.12113867854268677,-0.12548463290119796,-0.11679272418417556,Original cleaned units after median imputation and p1-p99 winsorisation; EBM was fitted on the corresponding standardised values.
loan_amnt,8337.5,-0.701857163788945,original_cleaned_units,-0.12113867854268677,-0.12548463290119796,-0.11679272418417556,Original cleaned units after median imputation and p1-p99 winsorisation; EBM was fitted on the corresponding standardised values.
loan_amnt,8412.5,-0.6931771407045288,original_cleaned_units,-0.12113867854268677,-0.12548463290119796,-0.11679272418417556,Original cleaned units after median imputation and p1-p99 winsorisation; EBM was fitted on the corresponding standardised values.
loan_amnt,8475.0,-0.6859437881341821,original_cleaned_units,-0.12070003350459288,-0.1253867487415849,-0.11601331826760085,Original cleaned units after median imputation and p1-p99 winsorisation; EBM was fitted on the corresponding standardised values.
loan_amnt,8587.5,-0.6729237535075581,original_cleaned_units,-0.11969047764962154,-0.1244755948174367,-0.11490536048180638,Original cleaned units after median imputation and p1-p99 winsorisation; EBM was fitted on the corresponding standardised values.
loan_amnt,8725.0,-0.6570103778527951,original_cleaned_units,-0.11969047764962154,-0.1244755948174367,-0.11490536048180638,Original cleaned units after median imputation and p1-p99 winsorisation; EBM was fitted on the corresponding standardised values.
loan_amnt,8825.0,-0.6454370137402404,original_cleaned_units,-0.1192926165302097,-0.12438504600181964,-0.11420018705859976,Original cleaned units after median imputation and p1-p99 winsorisation; EBM was fitted on the corresponding standardised values.
loan_amnt,8925.0,-0.6338636496276857,original_cleaned_units,-0.11849444427840401,-0.12400472937540415,-0.11298415918140388,Original cleaned units after median imputation and p1-p99 winsorisation; EBM was fitted on the corresponding standardised values.
loan_amnt,9000.0,-0.6251836265432695,original_cleaned_units,-0.11849444427840401,-0.12400472937540415,-0.11298415918140388,Original cleaned units after median imputation and p1-p99 winsorisation; EBM was fitted on the corresponding standardised values.
loan_amnt,9075.0,-0.6165036034588536,original_cleaned_units,-0.07040910615545824,-0.07968599884506612,-0.06113221346585036,Original cleaned units after median imputation and p1-p99 winsorisation; EBM was fitted on the corresponding standardised values.
loan_amnt,9187.5,-0.6034835688322294,original_cleaned_units,-0.06907523147332797,-0.07910721796949509,-0.059043244977160854,Original cleaned units after median imputation and p1-p99 winsorisation; EBM was fitted on the corresponding standardised values.
loan_amnt,9287.5,-0.5919102047196746,original_cleaned_units,-0.06761778375812051,-0.07642623543432721,-0.058809332081913815,Original cleaned units after median imputation and p1-p99 winsorisation; EBM was fitted on the corresponding standardised values.
loan_amnt,9412.5,-0.5774434995789811,original_cleaned_units,-0.06616136584472411,-0.07605727777553004,-0.05626545391391819,Original cleaned units after median imputation and p1-p99 winsorisation; EBM was fitted on the corresponding standardised values.
loan_amnt,9500.0,-0.5673168059804957,original_cleaned_units,-0.06552843154856834,-0.07543172594495401,-0.05562513715218267,Original cleaned units after median imputation and p1-p99 winsorisation; EBM was fitted on the corresponding standardised values.
loan_amnt,9550.0,-0.5615301239242183,original_cleaned_units,-0.06488478404504319,-0.07429390505569118,-0.0554756630343952,Original cleaned units after median imputation and p1-p99 winsorisation; EBM was fitted on the corresponding standardised values.
loan_amnt,9600.0,-0.5557434418679409,original_cleaned_units,-0.0631321702205467,-0.07124365128127032,-0.05502068915982307,Original cleaned units after median imputation and p1-p99 winsorisation; EBM was fitted on the corresponding standardised values.
loan_amnt,9675.0,-0.5470634187835248,original_cleaned_units,-0.026955093253484958,-0.031929911265429566,-0.02198027524154035,Original cleaned units after median imputation and p1-p99 winsorisation; EBM was fitted on the corresponding standardised values.
loan_amnt,9762.5,-0.5369367251850394,original_cleaned_units,-0.025173545081661905,-0.03135549871281071,-0.018991591450513098,Original cleaned units after median imputation and p1-p99 winsorisation; EBM was fitted on the corresponding standardised values.
loan_amnt,9800.0,-0.5325967136428313,original_cleaned_units,-0.023705471845770525,-0.030317098391524164,-0.017093845300016886,Original cleaned units after median imputation and p1-p99 winsorisation; EBM was fitted on the corresponding standardised values.
loan_amnt,9900.0,-0.5210233495302765,original_cleaned_units,-0.023705471845770525,-0.030317098391524164,-0.017093845300016886,Original cleaned units after median imputation and p1-p99 winsorisation; EBM was fitted on the corresponding standardised values.
loan_amnt,10000.0,-0.5094499854177218,original_cleaned_units,-0.02185807081963728,-0.028825806062669025,-0.014890335576605533,Original cleaned units after median imputation and p1-p99 winsorisation; EBM was fitted on the corresponding standardised values.
loan_amnt,10050.0,-0.5036633033614444,original_cleaned_units,-0.02185807081963728,-0.028825806062669025,-0.014890335576605533,Original cleaned units after median imputation and p1-p99 winsorisation; EBM was fitted on the corresponding standardised values.
loan_amnt,10137.5,-0.49353660976295904,original_cleaned_units,-0.02185807081963728,-0.028825806062669025,-0.014890335576605533,Original cleaned units after median imputation and p1-p99 winsorisation; EBM was fitted on the corresponding standardised values.
loan_amnt,10200.0,-0.4863032571926123,original_cleaned_units,-0.029488046331296328,-0.0331328606040469,-0.02584323205854575,Original cleaned units after median imputation and p1-p99 winsorisation; EBM was fitted on the corresponding standardised values.
loan_amnt,10300.0,-0.47472989308005753,original_cleaned_units,-0.02921007409416286,-0.033151504122515836,-0.025268644065809885,Original cleaned units after median imputation and p1-p99 winsorisation; EBM was fitted on the corresponding standardised values.
loan_amnt,10400.0,-0.46315652896750276,original_cleaned_units,-0.02921007409416286,-0.033151504122515836,-0.025268644065809885,Original cleaned units after median imputation and p1-p99 winsorisation; EBM was fitted on the corresponding standardised values.
loan_amnt,10450.0,-0.45736984691122534,original_cleaned_units,-0.02921007409416286,-0.033151504122515836,-0.025268644065809885,Original cleaned units after median imputation and p1-p99 winsorisation; EBM was fitted on the corresponding standardised values.
loan_amnt,10500.0,-0.451583164854948,original_cleaned_units,-0.028029830460939167,-0.030913109670848028,-0.025146551251030307,Original cleaned units after median imputation and p1-p99 winsorisation; EBM was fitted on the corresponding standardised values.
loan_amnt,10575.0,-0.4429031417705319,original_cleaned_units,-0.027101361762210483,-0.029524020673592423,-0.024678702850828543,Original cleaned units after median imputation and p1-p99 winsorisation; EBM was fitted on the corresponding standardised values.
loan_amnt,10712.5,-0.4269897661157691,original_cleaned_units,-0.027101361762210483,-0.029524020673592423,-0.024678702850828543,Original cleaned units after median imputation and p1-p99 winsorisation; EBM was fitted on the corresponding standardised values.
loan_amnt,10800.0,-0.41686307251728366,original_cleaned_units,-0.026298701409453402,-0.029325837641243493,-0.023271565177663312,Original cleaned units after median imputation and p1-p99 winsorisation; EBM was fitted on the corresponding standardised values.
loan_amnt,10900.0,-0.4052897084047289,original_cleaned_units,-0.02407790273202024,-0.02551755807756864,-0.02263824738647184,Original cleaned units after median imputation and p1-p99 winsorisation; EBM was fitted on the corresponding standardised values.
loan_amnt,11000.0,-0.3937163442921741,original_cleaned_units,-0.02407790273202024,-0.02551755807756864,-0.02263824738647184,Original cleaned units after median imputation and p1-p99 winsorisation; EBM was fitted on the corresponding standardised values.
loan_amnt,11100.0,-0.38214298017961934,original_cleaned_units,-0.02218945139147582,-0.02560122456219372,-0.018777678220757918,Original cleaned units after median imputation and p1-p99 winsorisation; EBM was fitted on the corresponding standardised values.
loan_amnt,11200.0,-0.37056961606706457,original_cleaned_units,0.007070642180940918,0.0051829793138203255,0.00895830504806151,Original cleaned units after median imputation and p1-p99 winsorisation; EBM was fitted on the corresponding standardised values.
loan_amnt,11287.5,-0.3604429224685791,original_cleaned_units,0.00878045862934889,0.00635919065826349,0.011201726600434291,Original cleaned units after median imputation and p1-p99 winsorisation; EBM was fitted on the corresponding standardised values.
loan_amnt,11425.0,-0.3445295468138163,original_cleaned_units,0.00918784546941915,0.006514023591334054,0.011861667347504245,Original cleaned units after median imputation and p1-p99 winsorisation; EBM was fitted on the corresponding standardised values.
loan_amnt,11500.0,-0.33584952372940025,original_cleaned_units,0.00918784546941915,0.006514023591334054,0.011861667347504245,Original cleaned units after median imputation and p1-p99 winsorisation; EBM was fitted on the corresponding standardised values.
loan_amnt,11600.0,-0.32427615961684547,original_cleaned_units,0.011212742394897581,0.009443017389677228,0.012982467400117935,Original cleaned units after median imputation and p1-p99 winsorisation; EBM was fitted on the corresponding standardised values.
loan_amnt,11775.0,-0.30402277241987463,original_cleaned_units,0.011501016796185287,0.009322739277132914,0.01367929431523766,Original cleaned units after median imputation and p1-p99 winsorisation; EBM was fitted on the corresponding standardised values.
loan_amnt,11925.0,-0.2866627262510425,original_cleaned_units,0.013280699180582329,0.010228198919915102,0.016333199441249554,Original cleaned units after median imputation and p1-p99 winsorisation; EBM was fitted on the corresponding standardised values.
loan_amnt,12000.0,-0.2779827031666264,original_cleaned_units,0.015392283505765,0.011930776018194882,0.018853790993335118,Original cleaned units after median imputation and p1-p99 winsorisation; EBM was fitted on the corresponding standardised values.
loan_amnt,12087.5,-0.26785600956814093,original_cleaned_units,0.016485358311445684,0.012193550293343437,0.02077716632954793,Original cleaned units after median imputation and p1-p99 winsorisation; EBM was fitted on the corresponding standardised values.
loan_amnt,12212.5,-0.25338930442744745,original_cleaned_units,0.016485358311445684,0.012193550293343437,0.02077716632954793,Original cleaned units after median imputation and p1-p99 winsorisation; EBM was fitted on the corresponding standardised values.
loan_amnt,12312.5,-0.2418159403148927,original_cleaned_units,0.017333579233167532,0.012854332476304589,0.021812825990030475,Original cleaned units after median imputation and p1-p99 winsorisation; EBM was fitted on the corresponding standardised values.
loan_amnt,12425.0,-0.22879590568826857,original_cleaned_units,0.017841386308389526,0.0123118737011186,0.02337089891566045,Original cleaned units after median imputation and p1-p99 winsorisation; EBM was fitted on the corresponding standardised values.
loan_amnt,12500.0,-0.2201158826038525,original_cleaned_units,0.01832244662348954,0.01218533415441313,0.02445955909256595,Original cleaned units after median imputation and p1-p99 winsorisation; EBM was fitted on the corresponding standardised values.
loan_amnt,12550.0,-0.2143292005475751,original_cleaned_units,0.019435506747711676,0.012648982494037312,0.026222031001386037,Original cleaned units after median imputation and p1-p99 winsorisation; EBM was fitted on the corresponding standardised values.
loan_amnt,12600.0,-0.20854251849129773,original_cleaned_units,0.019435506747711676,0.012648982494037312,0.026222031001386037,Original cleaned units after median imputation and p1-p99 winsorisation; EBM was fitted on the corresponding standardised values.
loan_amnt,12700.0,-0.19696915437874296,original_cleaned_units,0.019861098595837505,0.013140488479986945,0.026581708711688065,Original cleaned units after median imputation and p1-p99 winsorisation; EBM was fitted on the corresponding standardised values.
loan_amnt,12800.0,-0.1853957902661882,original_cleaned_units,0.020463087231520696,0.014111133308951597,0.026815041154089794,Original cleaned units after median imputation and p1-p99 winsorisation; EBM was fitted on the corresponding standardised values.
loan_amnt,12900.0,-0.1738224261536334,original_cleaned_units,0.020463087231520696,0.014111133308951597,0.026815041154089794,Original cleaned units after median imputation and p1-p99 winsorisation; EBM was fitted on the corresponding standardised values.
loan_amnt,13000.0,-0.16224906204107864,original_cleaned_units,0.016322955655591966,0.007762323351127835,0.024883587960056096,Original cleaned units after median imputation and p1-p99 winsorisation; EBM was fitted on the corresponding standardised values.
loan_amnt,13100.0,-0.15067569792852387,original_cleaned_units,0.016601713842484565,0.008390558403777698,0.024812869281191433,Original cleaned units after median imputation and p1-p99 winsorisation; EBM was fitted on the corresponding standardised values.
loan_amnt,13200.0,-0.1391023338159691,original_cleaned_units,0.017260778027828723,0.00934027775721,0.025181278298447445,Original cleaned units after median imputation and p1-p99 winsorisation; EBM was fitted on the corresponding standardised values.
loan_amnt,13275.0,-0.130422310731553,original_cleaned_units,0.018187632823240738,0.009858394723753217,0.02651687092272826,Original cleaned units after median imputation and p1-p99 winsorisation; EBM was fitted on the corresponding standardised values.
loan_amnt,13412.5,-0.11450893507679018,original_cleaned_units,0.018187632823240738,0.009858394723753217,0.02651687092272826,Original cleaned units after median imputation and p1-p99 winsorisation; EBM was fitted on the corresponding standardised values.
loan_amnt,13500.0,-0.10438224147830476,original_cleaned_units,0.018543205644995397,0.009767588476880978,0.027318822813109815,Original cleaned units after median imputation and p1-p99 winsorisation; EBM was fitted on the corresponding standardised values.
loan_amnt,13562.5,-0.09714888890795803,original_cleaned_units,0.03305905856603614,0.010406150171287147,0.05571196696078513,Original cleaned units after median imputation and p1-p99 winsorisation; EBM was fitted on the corresponding standardised values.
loan_amnt,13675.0,-0.0841288542813339,original_cleaned_units,0.03973817430688442,0.0205978368165302,0.058878511797238645,Original cleaned units after median imputation and p1-p99 winsorisation; EBM was fitted on the corresponding standardised values.
loan_amnt,13775.0,-0.07255549016877913,original_cleaned_units,0.04108147881329943,0.024102810870896118,0.05806014675570274,Original cleaned units after median imputation and p1-p99 winsorisation; EBM was fitted on the corresponding standardised values.
loan_amnt,13900.0,-0.05808878502808566,original_cleaned_units,0.05513597954007689,0.051768743736476684,0.05850321534367709,Original cleaned units after median imputation and p1-p99 winsorisation; EBM was fitted on the corresponding standardised values.
loan_amnt,14000.0,-0.04651542091553089,original_cleaned_units,0.05582126043149232,0.05202592537813802,0.059616595484846616,Original cleaned units after median imputation and p1-p99 winsorisation; EBM was fitted on the corresponding standardised values.
loan_amnt,14112.5,-0.03349538628890677,original_cleaned_units,0.05612329268359258,0.052773796025994496,0.05947278934119066,Original cleaned units after median imputation and p1-p99 winsorisation; EBM was fitted on the corresponding standardised values.
loan_amnt,14300.0,-0.011795328577866568,original_cleaned_units,0.05639573601241896,0.05313046501523801,0.059661007009599906,Original cleaned units after median imputation and p1-p99 winsorisation; EBM was fitted on the corresponding standardised values.
loan_amnt,14400.0,-0.00022196446531179415,original_cleaned_units,0.05639573601241896,0.05313046501523801,0.059661007009599906,Original cleaned units after median imputation and p1-p99 winsorisation; EBM was fitted on the corresponding standardised values.
loan_amnt,14462.5,0.007011388105034939,original_cleaned_units,0.05671639816760109,0.053940723539620275,0.0594920727955819,Original cleaned units after median imputation and p1-p99 winsorisation; EBM was fitted on the corresponding standardised values.
loan_amnt,14600.0,0.022924763759797753,original_cleaned_units,0.05671639816760109,0.053940723539620275,0.0594920727955819,Original cleaned units after median imputation and p1-p99 winsorisation; EBM was fitted on the corresponding standardised values.
loan_amnt,14750.0,0.040284809928629914,original_cleaned_units,0.05778471296176757,0.05563463697220291,0.05993478895133223,Original cleaned units after median imputation and p1-p99 winsorisation; EBM was fitted on the corresponding standardised values.
loan_amnt,14900.0,0.057644856097462074,original_cleaned_units,0.059581971929553404,0.05695725356327801,0.0622066902958288,Original cleaned units after median imputation and p1-p99 winsorisation; EBM was fitted on the corresponding standardised values.
loan_amnt,15000.0,0.06921822021001685,original_cleaned_units,0.12946551109780585,0.12561276874671198,0.13331825344889972,Original cleaned units after median imputation and p1-p99 winsorisation; EBM was fitted on the corresponding standardised values.
loan_amnt,15100.0,0.08079158432257162,original_cleaned_units,0.12979488802659156,0.12600905369829754,0.13358072235488558,Original cleaned units after median imputation and p1-p99 winsorisation; EBM was fitted on the corresponding standardised values.
loan_amnt,15225.0,0.09525828946326509,original_cleaned_units,0.13081726603139748,0.12856888721520218,0.13306564484759278,Original cleaned units after median imputation and p1-p99 winsorisation; EBM was fitted on the corresponding standardised values.
loan_amnt,15325.0,0.10683165357581986,original_cleaned_units,0.13114771818374305,0.12858122483012233,0.13371421153736376,Original cleaned units after median imputation and p1-p99 winsorisation; EBM was fitted on the corresponding standardised values.
loan_amnt,15437.5,0.11985168820244399,original_cleaned_units,0.13170297455775265,0.12855569003445705,0.13485025908104825,Original cleaned units after median imputation and p1-p99 winsorisation; EBM was fitted on the corresponding standardised values.
loan_amnt,15537.5,0.13142505231499876,original_cleaned_units,0.13214775085105004,0.12922356061236384,0.13507194108973625,Original cleaned units after median imputation and p1-p99 winsorisation; EBM was fitted on the corresponding standardised values.
loan_amnt,15600.0,0.1386584048853455,original_cleaned_units,0.13214775085105004,0.12922356061236384,0.13507194108973625,Original cleaned units after median imputation and p1-p99 winsorisation; EBM was fitted on the corresponding standardised values.
loan_amnt,15725.0,0.15312511002603896,original_cleaned_units,0.13342480041978177,0.13122520007263178,0.13562440076693177,Original cleaned units after median imputation and p1-p99 winsorisation; EBM was fitted on the corresponding standardised values.
loan_amnt,15912.5,0.17482516773707918,original_cleaned_units,0.13752843982789636,0.13335417028680452,0.1417027093689882,Original cleaned units after median imputation and p1-p99 winsorisation; EBM was fitted on the corresponding standardised values.
loan_amnt,16000.0,0.1849518613355646,original_cleaned_units,0.13837297613135427,0.13466260887121495,0.1420833433914936,Original cleaned units after median imputation and p1-p99 winsorisation; EBM was fitted on the corresponding standardised values.
loan_amnt,16112.5,0.19797189596218873,original_cleaned_units,0.13888586349458337,0.13572840316021595,0.1420433238289508,Original cleaned units after median imputation and p1-p99 winsorisation; EBM was fitted on the corresponding standardised values.
loan_amnt,16300.0,0.21967195367322892,original_cleaned_units,0.13888586349458337,0.13572840316021595,0.1420433238289508,Original cleaned units after median imputation and p1-p99 winsorisation; EBM was fitted on the corresponding standardised values.
loan_amnt,16437.5,0.23558532932799173,original_cleaned_units,0.13888586349458337,0.13572840316021595,0.1420433238289508,Original cleaned units after median imputation and p1-p99 winsorisation; EBM was fitted on the corresponding standardised values.
loan_amnt,16500.0,0.24281868189833847,original_cleaned_units,0.13976093577102502,0.1370898930604892,0.14243197848156086,Original cleaned units after median imputation and p1-p99 winsorisation; EBM was fitted on the corresponding standardised values.
loan_amnt,16650.0,0.26017872806717063,original_cleaned_units,0.14150651299168715,0.13713468716298743,0.14587833882038687,Original cleaned units after median imputation and p1-p99 winsorisation; EBM was fitted on the corresponding standardised values.
loan_amnt,16800.0,0.2775387742360028,original_cleaned_units,0.14150651299168715,0.13713468716298743,0.14587833882038687,Original cleaned units after median imputation and p1-p99 winsorisation; EBM was fitted on the corresponding standardised values.
loan_amnt,16900.0,0.28911213834855753,original_cleaned_units,0.14246774546822494,0.13924894632727897,0.1456865446091709,Original cleaned units after median imputation and p1-p99 winsorisation; EBM was fitted on the corresponding standardised values.
loan_amnt,17000.0,0.30068550246111236,original_cleaned_units,0.14336375125162393,0.14096762201377452,0.14575988048947333,Original cleaned units after median imputation and p1-p99 winsorisation; EBM was fitted on the corresponding standardised values.
loan_amnt,17100.0,0.3122588665736671,original_cleaned_units,0.14530051837595176,0.14270171829736472,0.1478993184545388,Original cleaned units after median imputation and p1-p99 winsorisation; EBM was fitted on the corresponding standardised values.
loan_amnt,17262.5,0.33106558325656865,original_cleaned_units,0.14738508482930798,0.14457478217596537,0.1501953874826506,Original cleaned units after median imputation and p1-p99 winsorisation; EBM was fitted on the corresponding standardised values.
loan_amnt,17412.5,0.3484256294254008,original_cleaned_units,0.14934680622313856,0.14470646840872672,0.1539871440375504,Original cleaned units after median imputation and p1-p99 winsorisation; EBM was fitted on the corresponding standardised values.
loan_amnt,17500.0,0.3585523230238862,original_cleaned_units,0.14934680622313856,0.14470646840872672,0.1539871440375504,Original cleaned units after median imputation and p1-p99 winsorisation; EBM was fitted on the corresponding standardised values.
loan_amnt,17562.5,0.3657856755942329,original_cleaned_units,0.15038871116117092,0.1466203994724466,0.15415702284989524,Original cleaned units after median imputation and p1-p99 winsorisation; EBM was fitted on the corresponding standardised values.
loan_amnt,17700.0,0.3816990512489957,original_cleaned_units,0.15080480794105006,0.1469245742176683,0.1546850416644318,Original cleaned units after median imputation and p1-p99 winsorisation; EBM was fitted on the corresponding standardised values.
loan_amnt,17887.5,0.40339910896003595,original_cleaned_units,0.15112529998736743,0.14679437394247427,0.15545622603226059,Original cleaned units after median imputation and p1-p99 winsorisation; EBM was fitted on the corresponding standardised values.
loan_amnt,18000.0,0.4164191435866601,original_cleaned_units,0.15138624266414613,0.14731819142098046,0.1554542939073118,Original cleaned units after median imputation and p1-p99 winsorisation; EBM was fitted on the corresponding standardised values.
loan_amnt,18112.5,0.4294391782132842,original_cleaned_units,0.15224402250586067,0.14762677916193748,0.15686126584978385,Original cleaned units after median imputation and p1-p99 winsorisation; EBM was fitted on the corresponding standardised values.
loan_amnt,18237.5,0.4439058833539777,original_cleaned_units,0.18073169745321493,0.17523238133371086,0.186231013572719,Original cleaned units after median imputation and p1-p99 winsorisation; EBM was fitted on the corresponding standardised values.
loan_amnt,18325.0,0.45403257695246313,original_cleaned_units,0.18524686777796873,0.18018287307493036,0.1903108624810071,Original cleaned units after median imputation and p1-p99 winsorisation; EBM was fitted on the corresponding standardised values.
loan_amnt,18437.5,0.4670526115790872,original_cleaned_units,0.18649023555927594,0.18158971803581012,0.19139075308274175,Original cleaned units after median imputation and p1-p99 winsorisation; EBM was fitted on the corresponding standardised values.
loan_amnt,18537.5,0.478625975691642,original_cleaned_units,0.1869498756675098,0.1815150386460358,0.19238471268898383,Original cleaned units after median imputation and p1-p99 winsorisation; EBM was fitted on the corresponding standardised values.
loan_amnt,18700.0,0.49743269237454346,original_cleaned_units,0.1874915941651883,0.18266180635488985,0.19232138197548673,Original cleaned units after median imputation and p1-p99 winsorisation; EBM was fitted on the corresponding standardised values.
loan_amnt,18900.0,0.520579420599653,original_cleaned_units,0.18807195232711107,0.18370263906397608,0.19244126559024607,Original cleaned units after median imputation and p1-p99 winsorisation; EBM was fitted on the corresponding standardised values.
loan_amnt,19000.0,0.5321527847122078,original_cleaned_units,0.18851236106560315,0.18381610862981357,0.19320861350139273,Original cleaned units after median imputation and p1-p99 winsorisation; EBM was fitted on the corresponding standardised values.
loan_amnt,19100.0,0.5437261488247627,original_cleaned_units,0.19469829241685188,0.18777561603180037,0.2016209688019034,Original cleaned units after median imputation and p1-p99 winsorisation; EBM was fitted on the corresponding standardised values.
loan_amnt,19200.0,0.5552995129373174,original_cleaned_units,0.19567522035997642,0.18869440342893923,0.2026560372910136,Original cleaned units after median imputation and p1-p99 winsorisation; EBM was fitted on the corresponding standardised values.
loan_amnt,19312.5,0.5683195475639415,original_cleaned_units,0.19654865591232035,0.18891007974422344,0.20418723208041725,Original cleaned units after median imputation and p1-p99 winsorisation; EBM was fitted on the corresponding standardised values.
loan_amnt,19462.5,0.5856795937327737,original_cleaned_units,0.19654865591232035,0.18891007974422344,0.20418723208041725,Original cleaned units after median imputation and p1-p99 winsorisation; EBM was fitted on the corresponding standardised values.
loan_amnt,19587.5,0.600146298873467,original_cleaned_units,0.19775063955072922,0.18985466379546137,0.20564661530599707,Original cleaned units after median imputation and p1-p99 winsorisation; EBM was fitted on the corresponding standardised values.
loan_amnt,19725.0,0.6160596745282299,original_cleaned_units,0.2143547680058151,0.20671070345263726,0.22199883255899294,Original cleaned units after median imputation and p1-p99 winsorisation; EBM was fitted on the corresponding standardised values.
loan_amnt,19887.5,0.6348663912111314,original_cleaned_units,0.21555964590441307,0.20701344590435375,0.22410584590447238,Original cleaned units after median imputation and p1-p99 winsorisation; EBM was fitted on the corresponding standardised values.
loan_amnt,20000.0,0.6478864258377556,original_cleaned_units,0.22628208490576227,0.20753163483241568,0.24503253497910885,Original cleaned units after median imputation and p1-p99 winsorisation; EBM was fitted on the corresponding standardised values.
loan_amnt,20137.5,0.6637998014925184,original_cleaned_units,0.22692521936462476,0.20882252794265038,0.24502791078659913,Original cleaned units after median imputation and p1-p99 winsorisation; EBM was fitted on the corresponding standardised values.
loan_amnt,20337.5,0.6869465297176279,original_cleaned_units,0.22272886723765523,0.20259984235555262,0.24285789211975783,Original cleaned units after median imputation and p1-p99 winsorisation; EBM was fitted on the corresponding standardised values.
loan_amnt,20500.0,0.7057532464005294,original_cleaned_units,0.21413503853924454,0.20071811964682024,0.22755195743166884,Original cleaned units after median imputation and p1-p99 winsorisation; EBM was fitted on the corresponding standardised values.
loan_amnt,20687.5,0.7274533041115696,original_cleaned_units,0.2149407364250351,0.20125675356622272,0.2286247192838475,Original cleaned units after median imputation and p1-p99 winsorisation; EBM was fitted on the corresponding standardised values.
loan_amnt,20887.5,0.7506000323366792,original_cleaned_units,0.21516728051792594,0.20116500608034368,0.2291695549555082,Original cleaned units after median imputation and p1-p99 winsorisation; EBM was fitted on the corresponding standardised values.
loan_amnt,21000.0,0.7636200669633033,original_cleaned_units,0.21558155499441395,0.2020817279101308,0.2290813820786971,Original cleaned units after median imputation and p1-p99 winsorisation; EBM was fitted on the corresponding standardised values.
loan_amnt,21112.5,0.7766401015899274,original_cleaned_units,0.21583220718324486,0.20262672792001787,0.22903768644647185,Original cleaned units after median imputation and p1-p99 winsorisation; EBM was fitted on the corresponding standardised values.
loan_amnt,21300.0,0.7983401593009676,original_cleaned_units,0.21676350475847744,0.20369290814607674,0.22983410137087815,Original cleaned units after median imputation and p1-p99 winsorisation; EBM was fitted on the corresponding standardised values.
loan_amnt,21487.5,0.8200402170120078,original_cleaned_units,0.1694779201938382,0.14795804445806407,0.19099779592961233,Original cleaned units after median imputation and p1-p99 winsorisation; EBM was fitted on the corresponding standardised values.
loan_amnt,21600.0,0.833060251638632,original_cleaned_units,0.1694779201938382,0.14795804445806407,0.19099779592961233,Original cleaned units after median imputation and p1-p99 winsorisation; EBM was fitted on the corresponding standardised values.
loan_amnt,21800.0,0.8562069798637415,original_cleaned_units,0.1694779201938382,0.14795804445806407,0.19099779592961233,Original cleaned units after median imputation and p1-p99 winsorisation; EBM was fitted on the corresponding standardised values.
loan_amnt,22000.0,0.879353708088851,original_cleaned_units,0.15867068982563587,0.15487904009319442,0.16246233955807732,Original cleaned units after median imputation and p1-p99 winsorisation; EBM was fitted on the corresponding standardised values.
loan_amnt,22200.0,0.9025004363139606,original_cleaned_units,0.15867068982563587,0.15487904009319442,0.16246233955807732,Original cleaned units after median imputation and p1-p99 winsorisation; EBM was fitted on the corresponding standardised values.
loan_amnt,22400.0,0.9256471645390701,original_cleaned_units,0.16017095256018984,0.15588235877301804,0.16445954634736165,Original cleaned units after median imputation and p1-p99 winsorisation; EBM was fitted on the corresponding standardised values.
loan_amnt,22462.5,0.9328805171094169,original_cleaned_units,0.16193673982743975,0.1595998984810322,0.1642735811738473,Original cleaned units after median imputation and p1-p99 winsorisation; EBM was fitted on the corresponding standardised values.
loan_amnt,22650.0,0.9545805748204571,original_cleaned_units,0.16277386001085825,0.1598227821113823,0.1657249379103342,Original cleaned units after median imputation and p1-p99 winsorisation; EBM was fitted on the corresponding standardised values.
loan_amnt,22887.5,0.9820673145877746,original_cleaned_units,0.16289411269165838,0.1598523917805983,0.16593583360271846,Original cleaned units after median imputation and p1-p99 winsorisation; EBM was fitted on the corresponding standardised values.
loan_amnt,23000.0,0.9950873492143988,original_cleaned_units,0.16289411269165838,0.1598523917805983,0.16593583360271846,Original cleaned units after median imputation and p1-p99 winsorisation; EBM was fitted on the corresponding standardised values.
loan_amnt,23162.5,1.0138940658973004,original_cleaned_units,0.2361132287088958,0.2278222091567576,0.24440424826103402,Original cleaned units after median imputation and p1-p99 winsorisation; EBM was fitted on the corresponding standardised values.
loan_amnt,23412.5,1.0428274761786873,original_cleaned_units,0.23667347940149383,0.22841769187735622,0.24492926692563144,Original cleaned units after median imputation and p1-p99 winsorisation; EBM was fitted on the corresponding standardised values.
loan_amnt,23662.5,1.0717608864600743,original_cleaned_units,0.23667347940149383,0.22841769187735622,0.24492926692563144,Original cleaned units after median imputation and p1-p99 winsorisation; EBM was fitted on the corresponding standardised values.
loan_amnt,23900.0,1.0992476262273918,original_cleaned_units,0.23686918785454625,0.22861909825849974,0.24511927745059275,Original cleaned units after median imputation and p1-p99 winsorisation; EBM was fitted on the corresponding standardised values.
loan_amnt,24000.0,1.1108209903399464,original_cleaned_units,0.23686918785454625,0.22861909825849974,0.24511927745059275,Original cleaned units after median imputation and p1-p99 winsorisation; EBM was fitted on the corresponding standardised values.
loan_amnt,24187.5,1.1325210480509869,original_cleaned_units,0.23787429954786893,0.23085385791638424,0.24489474117935361,Original cleaned units after median imputation and p1-p99 winsorisation; EBM was fitted on the corresponding standardised values.
loan_amnt,24487.5,1.1672411403886511,original_cleaned_units,0.23500808066561207,0.23089738228300322,0.23911877904822093,Original cleaned units after median imputation and p1-p99 winsorisation; EBM was fitted on the corresponding standardised values.
loan_amnt,24800.0,1.2034079032403848,original_cleaned_units,0.23500808066561207,0.23089738228300322,0.23911877904822093,Original cleaned units after median imputation and p1-p99 winsorisation; EBM was fitted on the corresponding standardised values.
loan_amnt,25000.0,1.2265546314654943,original_cleaned_units,0.23290310683281232,0.22757712895507426,0.23822908471055038,Original cleaned units after median imputation and p1-p99 winsorisation; EBM was fitted on the corresponding standardised values.
loan_amnt,25112.5,1.2395746660921183,original_cleaned_units,0.23311737016227185,0.2275926400120988,0.2386421003124449,Original cleaned units after median imputation and p1-p99 winsorisation; EBM was fitted on the corresponding standardised values.
loan_amnt,25362.5,1.2685080763735053,original_cleaned_units,0.23013940479998818,0.22309844059523898,0.23718036900473738,Original cleaned units after median imputation and p1-p99 winsorisation; EBM was fitted on the corresponding standardised values.
loan_amnt,25600.0,1.2959948161408228,original_cleaned_units,0.23013940479998818,0.22309844059523898,0.23718036900473738,Original cleaned units after median imputation and p1-p99 winsorisation; EBM was fitted on the corresponding standardised values.
loan_amnt,25837.5,1.3234815559081403,original_cleaned_units,0.23121832523721395,0.22344974235419474,0.23898690812023315,Original cleaned units after median imputation and p1-p99 winsorisation; EBM was fitted on the corresponding standardised values.
loan_amnt,26000.0,1.3422882725910419,original_cleaned_units,0.2316275611646213,0.22332696928445953,0.23992815304478307,Original cleaned units after median imputation and p1-p99 winsorisation; EBM was fitted on the corresponding standardised values.
loan_amnt,26200.0,1.3654350008161515,original_cleaned_units,0.23184294820176224,0.22325208843487285,0.24043380796865163,Original cleaned units after median imputation and p1-p99 winsorisation; EBM was fitted on the corresponding standardised values.
loan_amnt,26450.0,1.3943684110975385,original_cleaned_units,0.2323325889648431,0.22370494032996502,0.24096023759972118,Original cleaned units after median imputation and p1-p99 winsorisation; EBM was fitted on the corresponding standardised values.
loan_amnt,26750.0,1.4290885034352028,original_cleaned_units,0.2328039429195713,0.22486627893339833,0.24074160690574425,Original cleaned units after median imputation and p1-p99 winsorisation; EBM was fitted on the corresponding standardised values.
loan_amnt,27000.0,1.4580219137165897,original_cleaned_units,0.2328039429195713,0.22486627893339833,0.24074160690574425,Original cleaned units after median imputation and p1-p99 winsorisation; EBM was fitted on the corresponding standardised values.
loan_amnt,27175.0,1.4782753009135607,original_cleaned_units,0.2607046774725814,0.2495384909559524,0.2718708639892104,Original cleaned units after median imputation and p1-p99 winsorisation; EBM was fitted on the corresponding standardised values.
loan_amnt,27462.5,1.5115487227371553,original_cleaned_units,0.2607046774725814,0.2495384909559524,0.2718708639892104,Original cleaned units after median imputation and p1-p99 winsorisation; EBM was fitted on the corresponding standardised values.
loan_amnt,27787.5,1.5491621561029585,original_cleaned_units,0.2616297864350565,0.2501450490702267,0.2731145237998863,Original cleaned units after median imputation and p1-p99 winsorisation; EBM was fitted on the corresponding standardised values.
loan_amnt,28000.0,1.5737555548421374,original_cleaned_units,0.26178703277607995,0.25013808843115515,0.27343597712100476,Original cleaned units after median imputation and p1-p99 winsorisation; EBM was fitted on the corresponding standardised values.
loan_amnt,28300.0,1.6084756471798016,original_cleaned_units,0.26204373049229585,0.25022261494130776,0.2738648460432839,Original cleaned units after median imputation and p1-p99 winsorisation; EBM was fitted on the corresponding standardised values.
loan_amnt,28700.0,1.654769103630021,original_cleaned_units,0.26204373049229585,0.25022261494130776,0.2738648460432839,Original cleaned units after median imputation and p1-p99 winsorisation; EBM was fitted on the corresponding standardised values.
loan_amnt,28962.5,1.6851491844254771,original_cleaned_units,0.26273585053820026,0.25089967431952365,0.27457202675687686,Original cleaned units after median imputation and p1-p99 winsorisation; EBM was fitted on the corresponding standardised values.
loan_amnt,29337.5,1.7285492998475576,original_cleaned_units,0.2639753150812137,0.2522075194471345,0.2757431107152929,Original cleaned units after median imputation and p1-p99 winsorisation; EBM was fitted on the corresponding standardised values.
loan_amnt,29775.0,1.7791827678399845,original_cleaned_units,0.2644253896582685,0.25293187403725864,0.27591890527927837,Original cleaned units after median imputation and p1-p99 winsorisation; EBM was fitted on the corresponding standardised values.
loan_amnt,30000.0,1.8052228370932328,original_cleaned_units,0.21773638489932556,0.20414830732159836,0.23132446247705277,Original cleaned units after median imputation and p1-p99 winsorisation; EBM was fitted on the corresponding standardised values.
loan_amnt,30412.5,1.8529629640575214,original_cleaned_units,0.228960440342204,0.21389393345112218,0.24402694723328583,Original cleaned units after median imputation and p1-p99 winsorisation; EBM was fitted on the corresponding standardised values.
loan_amnt,31050.0,1.926743160275058,original_cleaned_units,0.22995452457190418,0.21379461798408442,0.24611443115972395,Original cleaned units after median imputation and p1-p99 winsorisation; EBM was fitted on the corresponding standardised values.
loan_amnt,31637.5,1.994736674436317,original_cleaned_units,0.23007153431206706,0.21381562764172923,0.2463274409824049,Original cleaned units after median imputation and p1-p99 winsorisation; EBM was fitted on the corresponding standardised values.
loan_amnt,32000.0,2.0366901193443283,original_cleaned_units,0.23007153431206706,0.21381562764172923,0.2463274409824049,Original cleaned units after median imputation and p1-p99 winsorisation; EBM was fitted on the corresponding standardised values.
loan_amnt,32325.0,2.0743035527101314,original_cleaned_units,0.23125010949832103,0.21542094301625125,0.2470792759803908,Original cleaned units after median imputation and p1-p99 winsorisation; EBM was fitted on the corresponding standardised values.
loan_amnt,32825.0,2.1321703732729054,original_cleaned_units,0.17343970326642902,0.1626609577234855,0.18421844880937255,Original cleaned units after median imputation and p1-p99 winsorisation; EBM was fitted on the corresponding standardised values.
loan_amnt,33312.5,2.1885905233216096,original_cleaned_units,0.17372999071486367,0.16305487184716777,0.18440510958255957,Original cleaned units after median imputation and p1-p99 winsorisation; EBM was fitted on the corresponding standardised values.
loan_amnt,33850.0,2.2507973554265917,original_cleaned_units,0.17471904126993937,0.16337337901197158,0.18606470352790716,Original cleaned units after median imputation and p1-p99 winsorisation; EBM was fitted on the corresponding standardised values.
loan_amnt,34537.5,2.3303642337004056,original_cleaned_units,0.17533769970690957,0.16403757662486948,0.18663782278894966,Original cleaned units after median imputation and p1-p99 winsorisation; EBM was fitted on the corresponding standardised values.
loan_amnt,34993.75,2.3831677074639366,original_cleaned_units,0.17969572130884467,0.16373453679210317,0.19565690582558617,Original cleaned units after median imputation and p1-p99 winsorisation; EBM was fitted on the corresponding standardised values.
acc_open_past_24mths,0.18920711500272083,-2.4147529306810798,original_cleaned_units,-0.32663913959810315,-0.3315926703163321,-0.3216856088798742,Original count scale after reversing standardisation and log1p; training values were median-imputed and p1-p99 winsorised.
acc_open_past_24mths,0.8612097182041993,-1.645162163278306,original_cleaned_units,-0.29460353989203486,-0.3004701279564596,-0.2887369518276101,Original count scale after reversing standardisation and log1p; training values were median-imputed and p1-p99 winsorised.
acc_open_past_24mths,1.912950630243941,-0.8755713958755327,original_cleaned_units,-0.2037722460292804,-0.2061867157110948,-0.20135777634746602,Original count scale after reversing standardisation and log1p; training values were median-imputed and p1-p99 winsorised.
acc_open_past_24mths,2.9359793425308607,-0.35844486727263986,original_cleaned_units,-0.1091456714981652,-0.11434884623664235,-0.10394249675968806,Original count scale after reversing standardisation and log1p; training values were median-imputed and p1-p99 winsorised.
acc_open_past_24mths,3.9492320038397652,0.03511738235838237,original_cleaned_units,-0.009126671732606893,-0.01321920211280371,-0.005034141352410076,Original count scale after reversing standardisation and log1p; training values were median-imputed and p1-p99 winsorised.
acc_open_past_24mths,4.957892135528947,0.3537919256223042,original_cleaned_units,0.05279954581012716,0.05119294951609519,0.05440614210415914,Original count scale after reversing standardisation and log1p; training values were median-imputed and p1-p99 winsorised.
acc_open_past_24mths,5.964009090454188,0.6218766780384194,original_cleaned_units,0.12888822546218942,0.1259798697064766,0.13179658121790225,Original count scale after reversing standardisation and log1p; training values were median-imputed and p1-p99 winsorised.
acc_open_past_24mths,6.96856520746051,0.853384722365926,original_cleaned_units,0.17622181059113465,0.17109903327588952,0.18134458790637978,Original count scale after reversing standardisation and log1p; training values were median-imputed and p1-p99 winsorised.
acc_open_past_24mths,7.972092687327326,1.0571723885610365,original_cleaned_units,0.21640955352975544,0.21339179121509816,0.21942731584441272,Original count scale after reversing standardisation and log1p; training values were median-imputed and p1-p99 winsorised.
acc_open_past_24mths,8.974905699336814,1.2392077214360286,original_cleaned_units,0.3051719466666101,0.29611475912715074,0.3142291342060695,Original count scale after reversing standardisation and log1p; training values were median-imputed and p1-p99 winsorised.
acc_open_past_24mths,9.977201950002405,1.4037093224517492,original_cleaned_units,0.37135049597184777,0.36853760509107253,0.374163386852623,Original count scale after reversing standardisation and log1p; training values were median-imputed and p1-p99 winsorised.
acc_open_past_24mths,10.979112192362873,1.553772024861611,original_cleaned_units,0.389810664538081,0.37483110298377453,0.40479022609238746,Original count scale after reversing standardisation and log1p; training values were median-imputed and p1-p99 winsorised.
acc_open_past_24mths,11.980726411052828,1.6917348627553113,original_cleaned_units,0.3841516307999369,0.36766204601355235,0.4006412155863215,Original count scale after reversing standardisation and log1p; training values were median-imputed and p1-p99 winsorised.
acc_open_past_24mths,12.982108589650032,1.8194093815655212,original_cleaned_units,0.4225920718811226,0.4169339579860801,0.4282501857761651,Original count scale after reversing standardisation and log1p; training values were median-imputed and p1-p99 winsorised.
acc_open_past_24mths,13.983305483318308,1.9382275704195187,original_cleaned_units,0.4314125683663144,0.4241423463072056,0.43868279042542324,Original count scale after reversing standardisation and log1p; training values were median-imputed and p1-p99 winsorised.
acc_open_past_24mths,14.743917370123443,2.023301923059744,original_cleaned_units,0.45256929312944394,0.437254510108611,0.4678840761502769,Original count scale after reversing standardisation and log1p; training values were median-imputed and p1-p99 winsorised.
grade_A,0.25,0.25,preprocessed,0.09328502788641843,0.0887568587013215,0.09781319707151537,Preprocessed model-input scale; no reliable inverse mapping available.
grade_A,0.75,0.75,preprocessed,-0.4425375013026806,-0.4640188120987546,-0.4210561905066066,Preprocessed model-input scale; no reliable inverse mapping available.
dti,1.7724999999999973,-1.9448049236785425,original_cleaned_units,-0.19780734452861,-0.2220833171271244,-0.17353137193009563,Original cleaned units after median imputation and p1-p99 winsorisation; EBM was fitted on the corresponding standardised values.
dti,2.0150000000000006,-1.9159390002633736,original_cleaned_units,-0.2306849860438991,-0.2536699739654518,-0.20769999812234635,Original cleaned units after median imputation and p1-p99 winsorisation; EBM was fitted on the corresponding standardised values.
dti,2.455,-1.863563716541006,original_cleaned_units,-0.2519105523564192,-0.2617699146749325,-0.24205119003790587,Original cleaned units after median imputation and p1-p99 winsorisation; EBM was fitted on the corresponding standardised values.
dti,2.835000000000001,-1.8183305169625974,original_cleaned_units,-0.2520257549029615,-0.2620035563335717,-0.24204795347235125,Original cleaned units after median imputation and p1-p99 winsorisation; EBM was fitted on the corresponding standardised values.
dti,3.1750000000000007,-1.777858706813495,original_cleaned_units,-0.25174529199999723,-0.261606019272551,-0.2418845647274435,Original cleaned units after median imputation and p1-p99 winsorisation; EBM was fitted on the corresponding standardised values.
dti,3.4800000000000004,-1.7415531124150356,original_cleaned_units,-0.25137142628054426,-0.26119904560515533,-0.2415438069559332,Original cleaned units after median imputation and p1-p99 winsorisation; EBM was fitted on the corresponding standardised values.
dti,3.76,-1.7082233864098926,original_cleaned_units,-0.25052648494771734,-0.26029523405304356,-0.24075773584239113,Original cleaned units after median imputation and p1-p99 winsorisation; EBM was fitted on the corresponding standardised values.
dti,4.02,-1.6772743551194025,original_cleaned_units,-0.25027454672262306,-0.2599016938022965,-0.24064739964294965,Original cleaned units after median imputation and p1-p99 winsorisation; EBM was fitted on the corresponding standardised values.
dti,4.265000000000001,-1.6481108448649022,original_cleaned_units,-0.24926651587177134,-0.2607234879373707,-0.23780954380617197,Original cleaned units after median imputation and p1-p99 winsorisation; EBM was fitted on the corresponding standardised values.
dti,4.495000000000001,-1.6207328556463918,original_cleaned_units,-0.24819270287669956,-0.2586225508801202,-0.23776285487327892,Original cleaned units after median imputation and p1-p99 winsorisation; EBM was fitted on the corresponding standardised values.
dti,4.720000000000001,-1.5939500401065447,original_cleaned_units,-0.2480585015639969,-0.2587089530911582,-0.23740805003683554,Original cleaned units after median imputation and p1-p99 winsorisation; EBM was fitted on the corresponding standardised values.
dti,4.940000000000001,-1.5677623982453608,original_cleaned_units,-0.22456394486083167,-0.23219920227444082,-0.21692868744722252,Original cleaned units after median imputation and p1-p99 winsorisation; EBM was fitted on the corresponding standardised values.
dti,5.15,-1.5427651037415036,original_cleaned_units,-0.22456394486083167,-0.23219920227444082,-0.21692868744722252,Original cleaned units after median imputation and p1-p99 winsorisation; EBM was fitted on the corresponding standardised values.
dti,5.360000000000001,-1.517767809237646,original_cleaned_units,-0.22427656475993685,-0.23277494057505851,-0.21577818894481518,Original cleaned units after median imputation and p1-p99 winsorisation; EBM was fitted on the corresponding standardised values.
dti,5.5600000000000005,-1.4939608620911153,original_cleaned_units,-0.22407197923389616,-0.23272539686561958,-0.21541856160217274,Original cleaned units after median imputation and p1-p99 winsorisation; EBM was fitted on the corresponding standardised values.
dti,5.744999999999999,-1.4719394359805744,original_cleaned_units,-0.22319248245645792,-0.23271336957843206,-0.2136715953344838,Original cleaned units after median imputation and p1-p99 winsorisation; EBM was fitted on the corresponding standardised values.
dti,5.92,-1.45110835722736,original_cleaned_units,-0.22319248245645792,-0.23271336957843206,-0.2136715953344838,Original cleaned units after median imputation and p1-p99 winsorisation; EBM was fitted on the corresponding standardised values.
dti,6.090000000000002,-1.4308724521528087,original_cleaned_units,-0.22319248245645792,-0.23271336957843206,-0.2136715953344838,Original cleaned units after median imputation and p1-p99 winsorisation; EBM was fitted on the corresponding standardised values.
dti,6.26,-1.4106365470782576,original_cleaned_units,-0.2239439325954592,-0.23293124137719423,-0.21495662381372416,Original cleaned units after median imputation and p1-p99 winsorisation; EBM was fitted on the corresponding standardised values.
dti,6.43,-1.3904006420037065,original_cleaned_units,-0.26457862079667543,-0.283698880354292,-0.24545836123905884,Original cleaned units after median imputation and p1-p99 winsorisation; EBM was fitted on the corresponding standardised values.
dti,6.595000000000001,-1.3707599106078185,original_cleaned_units,-0.29003109988710307,-0.29813619409457476,-0.2819260056796314,Original cleaned units after median imputation and p1-p99 winsorisation; EBM was fitted on the corresponding standardised values.
dti,6.76,-1.3511191792119306,original_cleaned_units,-0.2881016509492021,-0.298850630575076,-0.2773526713233282,Original cleaned units after median imputation and p1-p99 winsorisation; EBM was fitted on the corresponding standardised values.
dti,6.925000000000001,-1.3314784478160426,original_cleaned_units,-0.28698888498175434,-0.2967648504257828,-0.27721291953772587,Original cleaned units after median imputation and p1-p99 winsorisation; EBM was fitted on the corresponding standardised values.
dti,7.085000000000001,-1.312432890098818,original_cleaned_units,-0.2859818763173345,-0.29549079286925994,-0.2764729597654091,Original cleaned units after median imputation and p1-p99 winsorisation; EBM was fitted on the corresponding standardised values.
dti,7.245000000000001,-1.2933873323815934,original_cleaned_units,-0.28040793884713117,-0.29801623642574415,-0.2627996412685182,Original cleaned units after median imputation and p1-p99 winsorisation; EBM was fitted on the corresponding standardised values.
dti,7.395,-1.2755321220216953,original_cleaned_units,-0.24922727560628907,-0.26829650104348224,-0.23015805016909588,Original cleaned units after median imputation and p1-p99 winsorisation; EBM was fitted on the corresponding standardised values.
dti,7.534999999999998,-1.2588672590191239,original_cleaned_units,-0.24500277983903201,-0.25847395197182305,-0.23153160770624098,Original cleaned units after median imputation and p1-p99 winsorisation; EBM was fitted on the corresponding standardised values.
dti,7.679999999999998,-1.2416072223378891,original_cleaned_units,-0.2401582930505909,-0.25014175991066134,-0.23017482619052046,Original cleaned units after median imputation and p1-p99 winsorisation; EBM was fitted on the corresponding standardised values.
dti,7.824999999999999,-1.2243471856566541,original_cleaned_units,-0.23929031015225746,-0.24849179921387823,-0.2300888210906367,Original cleaned units after median imputation and p1-p99 winsorisation; EBM was fitted on the corresponding standardised values.
dti,7.965,-1.2076823226540827,original_cleaned_units,-0.23929031015225746,-0.24849179921387823,-0.2300888210906367,Original cleaned units after median imputation and p1-p99 winsorisation; EBM was fitted on the corresponding standardised values.
dti,8.100000000000001,-1.1916126333301742,original_cleaned_units,-0.24894601089941876,-0.25770536222910784,-0.24018665956972965,Original cleaned units after median imputation and p1-p99 winsorisation; EBM was fitted on the corresponding standardised values.
dti,8.235000000000001,-1.175542944006266,original_cleaned_units,-0.24894601089941876,-0.25770536222910784,-0.24018665956972965,Original cleaned units after median imputation and p1-p99 winsorisation; EBM was fitted on the corresponding standardised values.
dti,8.370000000000001,-1.1594732546823576,original_cleaned_units,-0.2486316618337852,-0.2578297614372546,-0.23943356223031584,Original cleaned units after median imputation and p1-p99 winsorisation; EBM was fitted on the corresponding standardised values.
dti,8.5,-1.1439987390371127,original_cleaned_units,-0.24568877520216692,-0.2582480394935167,-0.23312951091081713,Original cleaned units after median imputation and p1-p99 winsorisation; EBM was fitted on the corresponding standardised values.
dti,8.629999999999999,-1.1285242233918678,original_cleaned_units,-0.24568877520216692,-0.2582480394935167,-0.23312951091081713,Original cleaned units after median imputation and p1-p99 winsorisation; EBM was fitted on the corresponding standardised values.
dti,8.755,-1.113644881425286,original_cleaned_units,-0.21737673818888928,-0.24361656247274044,-0.19113691390503812,Original cleaned units after median imputation and p1-p99 winsorisation; EBM was fitted on the corresponding standardised values.
dti,8.875,-1.0993607131373675,original_cleaned_units,-0.21684439535509026,-0.2429143597417887,-0.1907744309683918,Original cleaned units after median imputation and p1-p99 winsorisation; EBM was fitted on the corresponding standardised values.
dti,8.995,-1.085076544849449,original_cleaned_units,-0.1910247867147445,-0.20286768981776826,-0.17918188361172072,Original cleaned units after median imputation and p1-p99 winsorisation; EBM was fitted on the corresponding standardised values.
dti,9.115,-1.0707923765615306,original_cleaned_units,-0.19029231176959038,-0.20104842520309624,-0.17953619833608453,Original cleaned units after median imputation and p1-p99 winsorisation; EBM was fitted on the corresponding standardised values.
dti,9.235,-1.0565082082736121,original_cleaned_units,-0.18793482057495342,-0.1962113920131483,-0.17965824913675854,Original cleaned units after median imputation and p1-p99 winsorisation; EBM was fitted on the corresponding standardised values.
dti,9.355,-1.0422240399856935,original_cleaned_units,-0.18675600592892252,-0.1954920228714906,-0.17801998898635446,Original cleaned units after median imputation and p1-p99 winsorisation; EBM was fitted on the corresponding standardised values.
dti,9.475000000000001,-1.027939871697775,original_cleaned_units,-0.18989027950131154,-0.20186058499275167,-0.17791997400987142,Original cleaned units after median imputation and p1-p99 winsorisation; EBM was fitted on the corresponding standardised values.
dti,9.59,-1.01425087708852,original_cleaned_units,-0.18944207570768806,-0.20105199462834386,-0.17783215678703226,Original cleaned units after median imputation and p1-p99 winsorisation; EBM was fitted on the corresponding standardised values.
dti,9.705,-1.0005618824792646,original_cleaned_units,-0.18841175897152282,-0.20086247607541183,-0.1759610418676338,Original cleaned units after median imputation and p1-p99 winsorisation; EBM was fitted on the corresponding standardised values.
dti,9.82,-0.9868728878700095,original_cleaned_units,-0.18758511234172626,-0.19936814015426305,-0.17580208452918947,Original cleaned units after median imputation and p1-p99 winsorisation; EBM was fitted on the corresponding standardised values.
dti,9.93,-0.9737790669394175,original_cleaned_units,-0.18690000556040384,-0.19874340945607502,-0.17505660166473266,Original cleaned units after median imputation and p1-p99 winsorisation; EBM was fitted on the corresponding standardised values.
dti,10.040000000000001,-0.9606852460088255,original_cleaned_units,-0.18647528831523627,-0.19800634904332626,-0.17494422758714628,Original cleaned units after median imputation and p1-p99 winsorisation; EBM was fitted on the corresponding standardised values.
dti,10.149999999999999,-0.9475914250782337,original_cleaned_units,-0.18614317220098725,-0.19819768081074698,-0.17408866359122752,Original cleaned units after median imputation and p1-p99 winsorisation; EBM was fitted on the corresponding standardised values.
dti,10.26,-0.9344976041476417,original_cleaned_units,-0.18453190076586504,-0.19559218773578357,-0.1734716137959465,Original cleaned units after median imputation and p1-p99 winsorisation; EBM was fitted on the corresponding standardised values.
dti,10.37,-0.9214037832170499,original_cleaned_units,-0.18280122428325157,-0.1924085858014532,-0.17319386276504994,Original cleaned units after median imputation and p1-p99 winsorisation; EBM was fitted on the corresponding standardised values.
dti,10.48,-0.9083099622864579,original_cleaned_units,-0.18180656811321183,-0.19305764847407927,-0.1705554877523444,Original cleaned units after median imputation and p1-p99 winsorisation; EBM was fitted on the corresponding standardised values.
dti,10.59,-0.8952161413558659,original_cleaned_units,-0.18128756127607593,-0.1925210648215334,-0.17005405773061846,Original cleaned units after median imputation and p1-p99 winsorisation; EBM was fitted on the corresponding standardised values.
dti,10.7,-0.8821223204252739,original_cleaned_units,-0.18128756127607593,-0.1925210648215334,-0.17005405773061846,Original cleaned units after median imputation and p1-p99 winsorisation; EBM was fitted on the corresponding standardised values.
dti,10.809999999999999,-0.8690284994946821,original_cleaned_units,-0.177384463928332,-0.18754977055018837,-0.1672191573064756,Original cleaned units after median imputation and p1-p99 winsorisation; EBM was fitted on the corresponding standardised values.
dti,10.915,-0.8565298522427534,original_cleaned_units,-0.17654759285018212,-0.186147905133022,-0.16694728056734223,Original cleaned units after median imputation and p1-p99 winsorisation; EBM was fitted on the corresponding standardised values.
dti,11.015,-0.8446263786694879,original_cleaned_units,-0.1742922187752648,-0.1831064527995161,-0.1654779847510135,Original cleaned units after median imputation and p1-p99 winsorisation; EBM was fitted on the corresponding standardised values.
dti,11.114999999999998,-0.8327229050962226,original_cleaned_units,-0.1742922187752648,-0.1831064527995161,-0.1654779847510135,Original cleaned units after median imputation and p1-p99 winsorisation; EBM was fitted on the corresponding standardised values.
dti,11.219999999999999,-0.820224257844294,original_cleaned_units,-0.17035222137921885,-0.1781084295649163,-0.1625960131935214,Original cleaned units after median imputation and p1-p99 winsorisation; EBM was fitted on the corresponding standardised values.
dti,11.325,-0.8077256105923653,original_cleaned_units,-0.1729384824365473,-0.18238062994938678,-0.16349633492370783,Original cleaned units after median imputation and p1-p99 winsorisation; EBM was fitted on the corresponding standardised values.
dti,11.425,-0.7958221370190998,original_cleaned_units,-0.1846794237696794,-0.19478205950694583,-0.174576788032413,Original cleaned units after median imputation and p1-p99 winsorisation; EBM was fitted on the corresponding standardised values.
dti,11.525,-0.7839186634458344,original_cleaned_units,-0.1846794237696794,-0.19478205950694583,-0.174576788032413,Original cleaned units after median imputation and p1-p99 winsorisation; EBM was fitted on the corresponding standardised values.
dti,11.625,-0.7720151898725691,original_cleaned_units,-0.18303582761105547,-0.19476684606581723,-0.1713048091562937,Original cleaned units after median imputation and p1-p99 winsorisation; EBM was fitted on the corresponding standardised values.
dti,11.725,-0.7601117162993036,original_cleaned_units,-0.18303582761105547,-0.19476684606581723,-0.1713048091562937,Original cleaned units after median imputation and p1-p99 winsorisation; EBM was fitted on the corresponding standardised values.
dti,11.83,-0.747613069047375,original_cleaned_units,-0.18155136553716655,-0.19312310946117217,-0.16997962161316094,Original cleaned units after median imputation and p1-p99 winsorisation; EBM was fitted on the corresponding standardised values.
dti,11.935000000000002,-0.7351144217954462,original_cleaned_units,-0.1796375291693755,-0.1932363758841144,-0.1660386824546366,Original cleaned units after median imputation and p1-p99 winsorisation; EBM was fitted on the corresponding standardised values.
dti,12.035,-0.7232109482221809,original_cleaned_units,-0.178170793543303,-0.19427088218265895,-0.16207070490394707,Original cleaned units after median imputation and p1-p99 winsorisation; EBM was fitted on the corresponding standardised values.
dti,12.134999999999998,-0.7113074746489156,original_cleaned_units,-0.178170793543303,-0.19427088218265895,-0.16207070490394707,Original cleaned units after median imputation and p1-p99 winsorisation; EBM was fitted on the corresponding standardised values.
dti,12.235,-0.6994040010756502,original_cleaned_units,-0.17755918068481824,-0.1934272610920593,-0.1616911002775772,Original cleaned units after median imputation and p1-p99 winsorisation; EBM was fitted on the corresponding standardised values.
dti,12.33,-0.688095701181048,original_cleaned_units,-0.17673748296196637,-0.1924016042006521,-0.16107336172328063,Original cleaned units after median imputation and p1-p99 winsorisation; EBM was fitted on the corresponding standardised values.
dti,12.425,-0.6767874012864458,original_cleaned_units,-0.1761381145264743,-0.19150578193299073,-0.16077044711995786,Original cleaned units after median imputation and p1-p99 winsorisation; EBM was fitted on the corresponding standardised values.
dti,12.52,-0.6654791013918436,original_cleaned_units,-0.1744771949236043,-0.18903116921461283,-0.1599232206325958,Original cleaned units after median imputation and p1-p99 winsorisation; EBM was fitted on the corresponding standardised values.
dti,12.61,-0.6547659751759048,original_cleaned_units,-0.17093980745676313,-0.1871230900961026,-0.15475652481742366,Original cleaned units after median imputation and p1-p99 winsorisation; EBM was fitted on the corresponding standardised values.
dti,12.7,-0.644052848959966,original_cleaned_units,-0.15929985248982176,-0.1751383949474336,-0.1434613100322099,Original cleaned units after median imputation and p1-p99 winsorisation; EBM was fitted on the corresponding standardised values.
dti,12.79,-0.6333397227440272,original_cleaned_units,-0.15377398984562046,-0.16445393272983236,-0.14309404696140857,Original cleaned units after median imputation and p1-p99 winsorisation; EBM was fitted on the corresponding standardised values.
dti,12.879999999999999,-0.6226265965280883,original_cleaned_units,-0.13325838048292546,-0.14061901599434767,-0.12589774497150324,Original cleaned units after median imputation and p1-p99 winsorisation; EBM was fitted on the corresponding standardised values.
dti,12.965,-0.6125086439908127,original_cleaned_units,-0.130785391624158,-0.13951245990475325,-0.12205832334356276,Original cleaned units after median imputation and p1-p99 winsorisation; EBM was fitted on the corresponding standardised values.
dti,13.05,-0.6023906914535371,original_cleaned_units,-0.1282584339916635,-0.1358751068391582,-0.12064176114416879,Original cleaned units after median imputation and p1-p99 winsorisation; EBM was fitted on the corresponding standardised values.
dti,13.14,-0.5916775652375983,original_cleaned_units,-0.1282584339916635,-0.1358751068391582,-0.12064176114416879,Original cleaned units after median imputation and p1-p99 winsorisation; EBM was fitted on the corresponding standardised values.
dti,13.23,-0.5809644390216595,original_cleaned_units,-0.12630476061493384,-0.13393929963571455,-0.11867022159415314,Original cleaned units after median imputation and p1-p99 winsorisation; EBM was fitted on the corresponding standardised values.
dti,13.32,-0.5702513128057206,original_cleaned_units,-0.12497116406123435,-0.13132896332448038,-0.11861336479798833,Original cleaned units after median imputation and p1-p99 winsorisation; EBM was fitted on the corresponding standardised values.
dti,13.41,-0.5595381865897817,original_cleaned_units,-0.1241236003151667,-0.12920035099351884,-0.11904684963681457,Original cleaned units after median imputation and p1-p99 winsorisation; EBM was fitted on the corresponding standardised values.
dti,13.5,-0.5488250603738428,original_cleaned_units,-0.1228685787940241,-0.12633261843731142,-0.11940453915073677,Original cleaned units after median imputation and p1-p99 winsorisation; EBM was fitted on the corresponding standardised values.
dti,13.59,-0.5381119341579039,original_cleaned_units,-0.12237419054769606,-0.12623446391018195,-0.11851391718521018,Original cleaned units after median imputation and p1-p99 winsorisation; EBM was fitted on the corresponding standardised values.
dti,13.68,-0.527398807941965,original_cleaned_units,-0.12011540614093946,-0.1239847646839239,-0.11624604759795502,Original cleaned units after median imputation and p1-p99 winsorisation; EBM was fitted on the corresponding standardised values.
dti,13.770000000000001,-0.5166856817260261,original_cleaned_units,-0.12011540614093946,-0.1239847646839239,-0.11624604759795502,Original cleaned units after median imputation and p1-p99 winsorisation; EBM was fitted on the corresponding standardised values.
dti,13.86,-0.5059725555100874,original_cleaned_units,-0.10121112185380564,-0.11083513510648836,-0.09158710860112292,Original cleaned units after median imputation and p1-p99 winsorisation; EBM was fitted on the corresponding standardised values.
dti,13.95,-0.4952594292941485,original_cleaned_units,-0.0996694919563171,-0.10798952187996275,-0.09134946203267144,Original cleaned units after median imputation and p1-p99 winsorisation; EBM was fitted on the corresponding standardised values.
dti,14.04,-0.4845463030782097,original_cleaned_units,-0.09871072103446105,-0.10835245961174492,-0.08906898245717718,Original cleaned units after median imputation and p1-p99 winsorisation; EBM was fitted on the corresponding standardised values.
dti,14.125,-0.47442835054093413,original_cleaned_units,-0.09757928307800635,-0.10771295415268499,-0.08744561200332772,Original cleaned units after median imputation and p1-p99 winsorisation; EBM was fitted on the corresponding standardised values.
dti,14.21,-0.4643103980036585,original_cleaned_units,-0.09708399223777098,-0.10658135992424705,-0.0875866245512949,Original cleaned units after median imputation and p1-p99 winsorisation; EBM was fitted on the corresponding standardised values.
dti,14.3,-0.4535972717877197,original_cleaned_units,-0.09582811902367917,-0.1059237650396684,-0.08573247300768995,Original cleaned units after median imputation and p1-p99 winsorisation; EBM was fitted on the corresponding standardised values.
dti,14.39,-0.4428841455717808,original_cleaned_units,-0.07859800831939047,-0.0805613535207656,-0.07663466311801534,Original cleaned units after median imputation and p1-p99 winsorisation; EBM was fitted on the corresponding standardised values.
dti,14.475,-0.43276619303450525,original_cleaned_units,-0.07777109317798428,-0.08112207855910963,-0.07442010779685893,Original cleaned units after median imputation and p1-p99 winsorisation; EBM was fitted on the corresponding standardised values.
dti,14.559999999999999,-0.42264824049722965,original_cleaned_units,-0.07566471555572597,-0.07941505385161912,-0.07191437725983282,Original cleaned units after median imputation and p1-p99 winsorisation; EBM was fitted on the corresponding standardised values.
dti,14.649999999999999,-0.4119351142812908,original_cleaned_units,-0.07438044112916123,-0.07901417954135743,-0.06974670271696502,Original cleaned units after median imputation and p1-p99 winsorisation; EBM was fitted on the corresponding standardised values.
dti,14.739999999999998,-0.401221988065352,original_cleaned_units,-0.07438044112916123,-0.07901417954135743,-0.06974670271696502,Original cleaned units after median imputation and p1-p99 winsorisation; EBM was fitted on the corresponding standardised values.
dti,14.83,-0.3905088618494131,original_cleaned_units,-0.07378929254096757,-0.07812528840018251,-0.06945329668175262,Original cleaned units after median imputation and p1-p99 winsorisation; EBM was fitted on the corresponding standardised values.
dti,14.92,-0.37979573563347413,original_cleaned_units,-0.07378929254096757,-0.07812528840018251,-0.06945329668175262,Original cleaned units after median imputation and p1-p99 winsorisation; EBM was fitted on the corresponding standardised values.
dti,15.010000000000002,-0.36908260941753523,original_cleaned_units,-0.07040264368631916,-0.07383605156668427,-0.06696923580595404,Original cleaned units after median imputation and p1-p99 winsorisation; EBM was fitted on the corresponding standardised values.
dti,15.100000000000001,-0.3583694832015964,original_cleaned_units,-0.06815796346794246,-0.06929402575146894,-0.06702190118441599,Original cleaned units after median imputation and p1-p99 winsorisation; EBM was fitted on the corresponding standardised values.
dti,15.190000000000001,-0.34765635698565756,original_cleaned_units,-0.06815796346794246,-0.06929402575146894,-0.06702190118441599,Original cleaned units after median imputation and p1-p99 winsorisation; EBM was fitted on the corresponding standardised values.
dti,15.280000000000001,-0.3369432307697187,original_cleaned_units,-0.06815796346794246,-0.06929402575146894,-0.06702190118441599,Original cleaned units after median imputation and p1-p99 winsorisation; EBM was fitted on the corresponding standardised values.
dti,15.370000000000001,-0.3262301045537799,original_cleaned_units,-0.06703412304332651,-0.06865773236854633,-0.06541051371810669,Original cleaned units after median imputation and p1-p99 winsorisation; EBM was fitted on the corresponding standardised values.
dti,15.46,-0.31551697833784104,original_cleaned_units,-0.06703412304332651,-0.06865773236854633,-0.06541051371810669,Original cleaned units after median imputation and p1-p99 winsorisation; EBM was fitted on the corresponding standardised values.
dti,15.55,-0.3048038521219022,original_cleaned_units,-0.06220459661168608,-0.06717821137705746,-0.05723098184631469,Original cleaned units after median imputation and p1-p99 winsorisation; EBM was fitted on the corresponding standardised values.
dti,15.64,-0.29409072590596336,original_cleaned_units,-0.05978239203144341,-0.06489846506611234,-0.054666318996774474,Original cleaned units after median imputation and p1-p99 winsorisation; EBM was fitted on the corresponding standardised values.
dti,15.73,-0.2833775996900245,original_cleaned_units,-0.05978239203144341,-0.06489846506611234,-0.054666318996774474,Original cleaned units after median imputation and p1-p99 winsorisation; EBM was fitted on the corresponding standardised values.
dti,15.82,-0.2726644734740857,original_cleaned_units,-0.05978239203144341,-0.06489846506611234,-0.054666318996774474,Original cleaned units after median imputation and p1-p99 winsorisation; EBM was fitted on the corresponding standardised values.
dti,15.91,-0.2619513472581468,original_cleaned_units,-0.05978239203144341,-0.06489846506611234,-0.054666318996774474,Original cleaned units after median imputation and p1-p99 winsorisation; EBM was fitted on the corresponding standardised values.
dti,16.0,-0.25123822104220794,original_cleaned_units,-0.05870382450663489,-0.06488649571330629,-0.05252115329996349,Original cleaned units after median imputation and p1-p99 winsorisation; EBM was fitted on the corresponding standardised values.
dti,16.09,-0.24052509482626908,original_cleaned_units,-0.05870382450663489,-0.06488649571330629,-0.05252115329996349,Original cleaned units after median imputation and p1-p99 winsorisation; EBM was fitted on the corresponding standardised values.
dti,16.18,-0.2298119686103302,original_cleaned_units,-0.057325102055399375,-0.06374218461004089,-0.050908019500757865,Original cleaned units after median imputation and p1-p99 winsorisation; EBM was fitted on the corresponding standardised values.
dti,16.27,-0.21909884239439137,original_cleaned_units,-0.056245130550722944,-0.06426753309572306,-0.04822272800572283,Original cleaned units after median imputation and p1-p99 winsorisation; EBM was fitted on the corresponding standardised values.
dti,16.36,-0.20838571617845253,original_cleaned_units,-0.055787789646013455,-0.06383314786631655,-0.04774243142571035,Original cleaned units after median imputation and p1-p99 winsorisation; EBM was fitted on the corresponding standardised values.
dti,16.45,-0.1976725899625137,original_cleaned_units,-0.055338711254422815,-0.0634818759597868,-0.04719554654905884,Original cleaned units after median imputation and p1-p99 winsorisation; EBM was fitted on the corresponding standardised values.
dti,16.54,-0.18695946374657485,original_cleaned_units,-0.051830873032476084,-0.05764198481510012,-0.04601976124985205,Original cleaned units after median imputation and p1-p99 winsorisation; EBM was fitted on the corresponding standardised values.
dti,16.63,-0.1762463375306359,original_cleaned_units,-0.05124265736840908,-0.0578868195942385,-0.04459849514257966,Original cleaned units after median imputation and p1-p99 winsorisation; EBM was fitted on the corresponding standardised values.
dti,16.72,-0.16553321131469695,original_cleaned_units,-0.05010100982503204,-0.05749499636241561,-0.042707023287648464,Original cleaned units after median imputation and p1-p99 winsorisation; EBM was fitted on the corresponding standardised values.
dti,16.810000000000002,-0.1548200850987581,original_cleaned_units,-0.04404401786170676,-0.05331023726249906,-0.03477779846091446,Original cleaned units after median imputation and p1-p99 winsorisation; EBM was fitted on the corresponding standardised values.
dti,16.905,-0.14351178520415603,original_cleaned_units,-0.04248026523703638,-0.05207217320192276,-0.03288835727215,Original cleaned units after median imputation and p1-p99 winsorisation; EBM was fitted on the corresponding standardised values.
dti,17.0,-0.13220348530955392,original_cleaned_units,-0.0401733926298617,-0.05222124615780986,-0.028125539101913538,Original cleaned units after median imputation and p1-p99 winsorisation; EBM was fitted on the corresponding standardised values.
dti,17.09,-0.12149035909361508,original_cleaned_units,-0.03960903491371214,-0.05151001648204374,-0.027708053345380547,Original cleaned units after median imputation and p1-p99 winsorisation; EBM was fitted on the corresponding standardised values.
dti,17.18,-0.11077723287767624,original_cleaned_units,-0.004638477122717123,-0.011485620603812953,0.0022086663583787075,Original cleaned units after median imputation and p1-p99 winsorisation; EBM was fitted on the corresponding standardised values.
dti,17.27,-0.1000641066617374,original_cleaned_units,-0.004638477122717123,-0.011485620603812953,0.0022086663583787075,Original cleaned units after median imputation and p1-p99 winsorisation; EBM was fitted on the corresponding standardised values.
dti,17.365000000000002,-0.0887558067671352,original_cleaned_units,-0.0038604542789653228,-0.011902982854013365,0.00418207429608272,Original cleaned units after median imputation and p1-p99 winsorisation; EBM was fitted on the corresponding standardised values.
dti,17.46,-0.07744750687253299,original_cleaned_units,-0.0038604542789653228,-0.011902982854013365,0.00418207429608272,Original cleaned units after median imputation and p1-p99 winsorisation; EBM was fitted on the corresponding standardised values.
dti,17.55,-0.06673438065659415,original_cleaned_units,-0.0038604542789653228,-0.011902982854013365,0.00418207429608272,Original cleaned units after median imputation and p1-p99 winsorisation; EBM was fitted on the corresponding standardised values.
dti,17.635,-0.056616428119318565,original_cleaned_units,-0.0023875818834432046,-0.011014071877204323,0.006238908110317913,Original cleaned units after median imputation and p1-p99 winsorisation; EBM was fitted on the corresponding standardised values.
dti,17.72,-0.04649847558204298,original_cleaned_units,-0.0019306133483979627,-0.010056116186008284,0.006194889489212358,Original cleaned units after median imputation and p1-p99 winsorisation; EBM was fitted on the corresponding standardised values.
dti,17.815,-0.035190175687440886,original_cleaned_units,-0.0005041962665386784,-0.009944351023183133,0.008935958490105776,Original cleaned units after median imputation and p1-p99 winsorisation; EBM was fitted on the corresponding standardised values.
dti,17.915,-0.023286702114175526,original_cleaned_units,0.0008190012053195053,-0.007633641730607973,0.009271644141246984,Original cleaned units after median imputation and p1-p99 winsorisation; EBM was fitted on the corresponding standardised values.
dti,18.009999999999998,-0.011978402219573428,original_cleaned_units,0.0016992881385380694,-0.007455836746105682,0.010854413023181821,Original cleaned units after median imputation and p1-p99 winsorisation; EBM was fitted on the corresponding standardised values.
dti,18.1,-0.0012652760036345862,original_cleaned_units,0.0016992881385380694,-0.007455836746105682,0.010854413023181821,Original cleaned units after median imputation and p1-p99 winsorisation; EBM was fitted on the corresponding standardised values.
dti,18.189999999999998,0.009447850212304255,original_cleaned_units,0.003908962471392171,-0.0027895148912628915,0.010607439834047234,Original cleaned units after median imputation and p1-p99 winsorisation; EBM was fitted on the corresponding standardised values.
dti,18.28,0.020160976428243098,original_cleaned_units,0.0044073582803228675,-0.002854575109411254,0.011669291670056989,Original cleaned units after median imputation and p1-p99 winsorisation; EBM was fitted on the corresponding standardised values.
dti,18.375,0.031469276322845297,original_cleaned_units,0.005101150489265602,-0.002773041893138306,0.012975342871669508,Original cleaned units after median imputation and p1-p99 winsorisation; EBM was fitted on the corresponding standardised values.
dti,18.47,0.0427775762174475,original_cleaned_units,0.005101150489265602,-0.002773041893138306,0.012975342871669508,Original cleaned units after median imputation and p1-p99 winsorisation; EBM was fitted on the corresponding standardised values.
dti,18.560000000000002,0.05349070243338634,original_cleaned_units,0.005597183876570145,-0.0027932380191910793,0.01398760577233137,Original cleaned units after median imputation and p1-p99 winsorisation; EBM was fitted on the corresponding standardised values.
dti,18.650000000000002,0.0642038286493252,original_cleaned_units,0.006191732490841985,-0.002770266415086339,0.01515373139677031,Original cleaned units after median imputation and p1-p99 winsorisation; EBM was fitted on the corresponding standardised values.
dti,18.745,0.07551212854392729,original_cleaned_units,0.006191732490841985,-0.002770266415086339,0.01515373139677031,Original cleaned units after median imputation and p1-p99 winsorisation; EBM was fitted on the corresponding standardised values.
dti,18.84,0.08682042843852938,original_cleaned_units,0.007312682296857364,-0.0008508169673479369,0.015476181561062665,Original cleaned units after median imputation and p1-p99 winsorisation; EBM was fitted on the corresponding standardised values.
dti,18.935,0.09812872833313148,original_cleaned_units,0.007312682296857364,-0.0008508169673479369,0.015476181561062665,Original cleaned units after median imputation and p1-p99 winsorisation; EBM was fitted on the corresponding standardised values.
dti,19.03,0.10943702822773357,original_cleaned_units,0.008024583535884845,0.0007970681542864991,0.015252098917483192,Original cleaned units after median imputation and p1-p99 winsorisation; EBM was fitted on the corresponding standardised values.
dti,19.125,0.12074532812233578,original_cleaned_units,0.009857362370822862,0.0034593062815814254,0.0162554184600643,Original cleaned units after median imputation and p1-p99 winsorisation; EBM was fitted on the corresponding standardised values.
dti,19.225,0.13264880169560123,original_cleaned_units,0.011134037821859113,0.0030465601673568873,0.01922151547636134,Original cleaned units after median imputation and p1-p99 winsorisation; EBM was fitted on the corresponding standardised values.
dti,19.32,0.14395710159020333,original_cleaned_units,0.013099570897214658,0.006420716830133612,0.019778424964295705,Original cleaned units after median imputation and p1-p99 winsorisation; EBM was fitted on the corresponding standardised values.
dti,19.415,0.15526540148480544,original_cleaned_units,0.01468371166360185,0.00709834625565251,0.022269077071551187,Original cleaned units after median imputation and p1-p99 winsorisation; EBM was fitted on the corresponding standardised values.
dti,19.51,0.16657370137940755,original_cleaned_units,0.016499179156367127,0.010061053000071308,0.022937305312662946,Original cleaned units after median imputation and p1-p99 winsorisation; EBM was fitted on the corresponding standardised values.
dti,19.6,0.1772868275953464,original_cleaned_units,0.024324171850308083,0.02098023284068008,0.027668110859936087,Original cleaned units after median imputation and p1-p99 winsorisation; EBM was fitted on the corresponding standardised values.
dti,19.695,0.18859512748994847,original_cleaned_units,0.024806664324166644,0.021547254987702723,0.028066073660630565,Original cleaned units after median imputation and p1-p99 winsorisation; EBM was fitted on the corresponding standardised values.
dti,19.79,0.19990342738455055,original_cleaned_units,0.028912964207326673,0.024694357006338187,0.03313157140831516,Original cleaned units after median imputation and p1-p99 winsorisation; EBM was fitted on the corresponding standardised values.
dti,19.88,0.2106165536004895,original_cleaned_units,0.028912964207326673,0.024694357006338187,0.03313157140831516,Original cleaned units after median imputation and p1-p99 winsorisation; EBM was fitted on the corresponding standardised values.
dti,19.975,0.22192485349509172,original_cleaned_units,0.028912964207326673,0.024694357006338187,0.03313157140831516,Original cleaned units after median imputation and p1-p99 winsorisation; EBM was fitted on the corresponding standardised values.
dti,20.07,0.23323315338969383,original_cleaned_units,0.029811509800088495,0.026192044088741685,0.033430975511435305,Original cleaned units after median imputation and p1-p99 winsorisation; EBM was fitted on the corresponding standardised values.
dti,20.165,0.24454145328429594,original_cleaned_units,0.03132285984790763,0.027306857627106336,0.03533886206870892,Original cleaned units after median imputation and p1-p99 winsorisation; EBM was fitted on the corresponding standardised values.
dti,20.265,0.25644492685756126,original_cleaned_units,0.03223540114595182,0.029072355787834757,0.03539844650406888,Original cleaned units after median imputation and p1-p99 winsorisation; EBM was fitted on the corresponding standardised values.
dti,20.365000000000002,0.26834840043082675,original_cleaned_units,0.03386413102187275,0.031707837832850715,0.03602042421089479,Original cleaned units after median imputation and p1-p99 winsorisation; EBM was fitted on the corresponding standardised values.
dti,20.465,0.2802518740040922,original_cleaned_units,0.03520121127502294,0.031943010158509484,0.03845941239153639,Original cleaned units after median imputation and p1-p99 winsorisation; EBM was fitted on the corresponding standardised values.
dti,20.565,0.29215534757735756,original_cleaned_units,0.03937462583709897,0.03395930407300476,0.04478994760119318,Original cleaned units after median imputation and p1-p99 winsorisation; EBM was fitted on the corresponding standardised values.
dti,20.665,0.30405882115062294,original_cleaned_units,0.03937462583709897,0.03395930407300476,0.04478994760119318,Original cleaned units after median imputation and p1-p99 winsorisation; EBM was fitted on the corresponding standardised values.
dti,20.765,0.31596229472388826,original_cleaned_units,0.04112297894236036,0.03572347389296091,0.04652248399175981,Original cleaned units after median imputation and p1-p99 winsorisation; EBM was fitted on the corresponding standardised values.
dti,20.865000000000002,0.32786576829715375,original_cleaned_units,0.04112297894236036,0.03572347389296091,0.04652248399175981,Original cleaned units after median imputation and p1-p99 winsorisation; EBM was fitted on the corresponding standardised values.
dti,20.965,0.3397692418704192,original_cleaned_units,0.04332866808716927,0.03997938504011186,0.04667795113422669,Original cleaned units after median imputation and p1-p99 winsorisation; EBM was fitted on the corresponding standardised values.
dti,21.065,0.35167271544368456,original_cleaned_units,0.050071112180338516,0.04319920530235408,0.056943019058322955,Original cleaned units after median imputation and p1-p99 winsorisation; EBM was fitted on the corresponding standardised values.
dti,21.165,0.3635761890169499,original_cleaned_units,0.050071112180338516,0.04319920530235408,0.056943019058322955,Original cleaned units after median imputation and p1-p99 winsorisation; EBM was fitted on the corresponding standardised values.
dti,21.265,0.37547966259021526,original_cleaned_units,0.05129900616035116,0.044668839323818724,0.05792917299688359,Original cleaned units after median imputation and p1-p99 winsorisation; EBM was fitted on the corresponding standardised values.
dti,21.365000000000002,0.3873831361634807,original_cleaned_units,0.052497024143922565,0.04709131606417406,0.057902732223671066,Original cleaned units after median imputation and p1-p99 winsorisation; EBM was fitted on the corresponding standardised values.
dti,21.465,0.3992866097367462,original_cleaned_units,0.054016165221885105,0.046042461724515205,0.061989868719255006,Original cleaned units after median imputation and p1-p99 winsorisation; EBM was fitted on the corresponding standardised values.
dti,21.565,0.4111900833100115,original_cleaned_units,0.055732017360467984,0.04672293718747798,0.064741097533458,Original cleaned units after median imputation and p1-p99 winsorisation; EBM was fitted on the corresponding standardised values.
dti,21.665,0.4230935568832769,original_cleaned_units,0.07983964313414944,0.0632979154687115,0.09638137079958739,Original cleaned units after median imputation and p1-p99 winsorisation; EBM was fitted on the corresponding standardised values.
dti,21.765,0.43499703045654226,original_cleaned_units,0.08853966378272869,0.07419136729451363,0.10288796027094375,Original cleaned units after median imputation and p1-p99 winsorisation; EBM was fitted on the corresponding standardised values.
dti,21.865000000000002,0.4469005040298077,original_cleaned_units,0.0973029628638514,0.0940543890191812,0.1005515367085216,Original cleaned units after median imputation and p1-p99 winsorisation; EBM was fitted on the corresponding standardised values.
dti,21.97,0.4593991512817364,original_cleaned_units,0.09967639533708558,0.09578857126233314,0.10356421941183802,Original cleaned units after median imputation and p1-p99 winsorisation; EBM was fitted on the corresponding standardised values.
dti,22.08,0.4724929722123283,original_cleaned_units,0.10165074787760708,0.0965796246425128,0.10672187111270137,Original cleaned units after median imputation and p1-p99 winsorisation; EBM was fitted on the corresponding standardised values.
dti,22.189999999999998,0.48558679314292014,original_cleaned_units,0.10315492914940327,0.09782048882923641,0.10848936946957013,Original cleaned units after median imputation and p1-p99 winsorisation; EBM was fitted on the corresponding standardised values.
dti,22.3,0.4986806140735121,original_cleaned_units,0.10315492914940327,0.09782048882923641,0.10848936946957013,Original cleaned units after median imputation and p1-p99 winsorisation; EBM was fitted on the corresponding standardised values.
dti,22.41,0.511774435004104,original_cleaned_units,0.10433605383281591,0.09849056765530637,0.11018154001032546,Original cleaned units after median imputation and p1-p99 winsorisation; EBM was fitted on the corresponding standardised values.
dti,22.52,0.524868255934696,original_cleaned_units,0.1060563703215366,0.09848827560585424,0.11362446503721896,Original cleaned units after median imputation and p1-p99 winsorisation; EBM was fitted on the corresponding standardised values.
dti,22.63,0.537962076865288,original_cleaned_units,0.1071691180116032,0.0994376052925113,0.11490063073069509,Original cleaned units after median imputation and p1-p99 winsorisation; EBM was fitted on the corresponding standardised values.
dti,22.740000000000002,0.5510558977958799,original_cleaned_units,0.11386619955433185,0.10894807204760305,0.11878432706106064,Original cleaned units after median imputation and p1-p99 winsorisation; EBM was fitted on the corresponding standardised values.
dti,22.85,0.5641497187264718,original_cleaned_units,0.11453859442431746,0.10858204640678153,0.1204951424418534,Original cleaned units after median imputation and p1-p99 winsorisation; EBM was fitted on the corresponding standardised values.
dti,22.96,0.5772435396570638,original_cleaned_units,0.12143069721271925,0.11789442502527177,0.12496696940016673,Original cleaned units after median imputation and p1-p99 winsorisation; EBM was fitted on the corresponding standardised values.
dti,23.075,0.590932534266319,original_cleaned_units,0.12396748057484003,0.11839136739656575,0.1295435937531143,Original cleaned units after median imputation and p1-p99 winsorisation; EBM was fitted on the corresponding standardised values.
dti,23.189999999999998,0.6046215288755741,original_cleaned_units,0.12471777903973427,0.11844006281479165,0.13099549526467688,Original cleaned units after median imputation and p1-p99 winsorisation; EBM was fitted on the corresponding standardised values.
dti,23.299999999999997,0.617715349806166,original_cleaned_units,0.12600630589538162,0.11852344330689757,0.13348916848386566,Original cleaned units after median imputation and p1-p99 winsorisation; EBM was fitted on the corresponding standardised values.
dti,23.41,0.630809170736758,original_cleaned_units,0.12830354311699618,0.12002956817317381,0.13657751806081855,Original cleaned units after median imputation and p1-p99 winsorisation; EBM was fitted on the corresponding standardised values.
dti,23.525,0.6444981653460132,original_cleaned_units,0.12979332984622247,0.12213783142247499,0.13744882826996996,Original cleaned units after median imputation and p1-p99 winsorisation; EBM was fitted on the corresponding standardised values.
dti,23.645,0.6587823336339318,original_cleaned_units,0.12979332984622247,0.12213783142247499,0.13744882826996996,Original cleaned units after median imputation and p1-p99 winsorisation; EBM was fitted on the corresponding standardised values.
dti,23.765,0.6730665019218502,original_cleaned_units,0.12979332984622247,0.12213783142247499,0.13744882826996996,Original cleaned units after median imputation and p1-p99 winsorisation; EBM was fitted on the corresponding standardised values.
dti,23.884999999999998,0.6873506702097687,original_cleaned_units,0.12979332984622247,0.12213783142247499,0.13744882826996996,Original cleaned units after median imputation and p1-p99 winsorisation; EBM was fitted on the corresponding standardised values.
dti,24.0,0.7010396648190239,original_cleaned_units,0.13075864908594304,0.12305586689315731,0.13846143127872876,Original cleaned units after median imputation and p1-p99 winsorisation; EBM was fitted on the corresponding standardised values.
dti,24.115000000000002,0.7147286594282791,original_cleaned_units,0.13393124062350598,0.12450273179207677,0.14335974945493518,Original cleaned units after median imputation and p1-p99 winsorisation; EBM was fitted on the corresponding standardised values.
dti,24.235,0.7290128277161976,original_cleaned_units,0.13873883620215324,0.13375645887992238,0.1437212135243841,Original cleaned units after median imputation and p1-p99 winsorisation; EBM was fitted on the corresponding standardised values.
dti,24.355,0.743296996004116,original_cleaned_units,0.14009069727379986,0.1360497363818703,0.14413165816572943,Original cleaned units after median imputation and p1-p99 winsorisation; EBM was fitted on the corresponding standardised values.
dti,24.475,0.7575811642920346,original_cleaned_units,0.14790188973479532,0.1406207336213479,0.15518304584824275,Original cleaned units after median imputation and p1-p99 winsorisation; EBM was fitted on the corresponding standardised values.
dti,24.595,0.7718653325799529,original_cleaned_units,0.14790188973479532,0.1406207336213479,0.15518304584824275,Original cleaned units after median imputation and p1-p99 winsorisation; EBM was fitted on the corresponding standardised values.
dti,24.715,0.7861495008678714,original_cleaned_units,0.14906907232095074,0.14154300862324096,0.1565951360186605,Original cleaned units after median imputation and p1-p99 winsorisation; EBM was fitted on the corresponding standardised values.
dti,24.84,0.8010288428344532,original_cleaned_units,0.15200588785124458,0.14421152032967255,0.1598002553728166,Original cleaned units after median imputation and p1-p99 winsorisation; EBM was fitted on the corresponding standardised values.
dti,24.97,0.8165033584796982,original_cleaned_units,0.15391787674512322,0.14763566275095505,0.1602000907392914,Original cleaned units after median imputation and p1-p99 winsorisation; EBM was fitted on the corresponding standardised values.
dti,25.1,0.8319778741249433,original_cleaned_units,0.15475212740715885,0.147052394450372,0.1624518603639457,Original cleaned units after median imputation and p1-p99 winsorisation; EBM was fitted on the corresponding standardised values.
dti,25.235,0.8480475634488516,original_cleaned_units,0.15475212740715885,0.147052394450372,0.1624518603639457,Original cleaned units after median imputation and p1-p99 winsorisation; EBM was fitted on the corresponding standardised values.
dti,25.375,0.8647124264514232,original_cleaned_units,0.15669920865752046,0.1498729189962969,0.16352549831874402,Original cleaned units after median imputation and p1-p99 winsorisation; EBM was fitted on the corresponding standardised values.
dti,25.515,0.8813772894539946,original_cleaned_units,0.20122586878120916,0.19211339830549023,0.21033833925692808,Original cleaned units after median imputation and p1-p99 winsorisation; EBM was fitted on the corresponding standardised values.
dti,25.65,0.8974469787779029,original_cleaned_units,0.2026603691731337,0.19427490513537637,0.21104583321089104,Original cleaned units after median imputation and p1-p99 winsorisation; EBM was fitted on the corresponding standardised values.
dti,25.785,0.9135166681018112,original_cleaned_units,0.2026603691731337,0.19427490513537637,0.21104583321089104,Original cleaned units after median imputation and p1-p99 winsorisation; EBM was fitted on the corresponding standardised values.
dti,25.924999999999997,0.9301815311043827,original_cleaned_units,0.2037160118837255,0.19360639406514019,0.21382562970231084,Original cleaned units after median imputation and p1-p99 winsorisation; EBM was fitted on the corresponding standardised values.
dti,26.064999999999998,0.9468463941069543,original_cleaned_units,0.2043486316835272,0.19423324654275675,0.21446401682429767,Original cleaned units after median imputation and p1-p99 winsorisation; EBM was fitted on the corresponding standardised values.
dti,26.205,0.9635112571095259,original_cleaned_units,0.2058241089184596,0.1964452231414433,0.21520299469547588,Original cleaned units after median imputation and p1-p99 winsorisation; EBM was fitted on the corresponding standardised values.
dti,26.34,0.9795809464334342,original_cleaned_units,0.20797562536915884,0.19919089856590536,0.21676035217241232,Original cleaned units after median imputation and p1-p99 winsorisation; EBM was fitted on the corresponding standardised values.
dti,26.479999999999997,0.9962458094360057,original_cleaned_units,0.20797562536915884,0.19919089856590536,0.21676035217241232,Original cleaned units after median imputation and p1-p99 winsorisation; EBM was fitted on the corresponding standardised values.
dti,26.63,1.0141010197959037,original_cleaned_units,0.20797562536915884,0.19919089856590536,0.21676035217241232,Original cleaned units after median imputation and p1-p99 winsorisation; EBM was fitted on the corresponding standardised values.
dti,26.775,1.0313610564771387,original_cleaned_units,0.20892892008603478,0.20124730099793772,0.21661053917413184,Original cleaned units after median imputation and p1-p99 winsorisation; EBM was fitted on the corresponding standardised values.
dti,26.925,1.0492162668370368,original_cleaned_units,0.21754252117498551,0.2077353364910205,0.22734970585895053,Original cleaned units after median imputation and p1-p99 winsorisation; EBM was fitted on the corresponding standardised values.
dti,27.075,1.0670714771969347,original_cleaned_units,0.23373873438470189,0.22327774263892336,0.2441997261304804,Original cleaned units after median imputation and p1-p99 winsorisation; EBM was fitted on the corresponding standardised values.
dti,27.22,1.0843315138781695,original_cleaned_units,0.23373873438470189,0.22327774263892336,0.2441997261304804,Original cleaned units after median imputation and p1-p99 winsorisation; EBM was fitted on the corresponding standardised values.
dti,27.375,1.102781897916731,original_cleaned_units,0.23515846948364316,0.22477294219619617,0.24554399677109015,Original cleaned units after median imputation and p1-p99 winsorisation; EBM was fitted on the corresponding standardised values.
dti,27.535,1.1218274556339558,original_cleaned_units,0.23515846948364316,0.22477294219619617,0.24554399677109015,Original cleaned units after median imputation and p1-p99 winsorisation; EBM was fitted on the corresponding standardised values.
dti,27.695,1.1408730133511804,original_cleaned_units,0.23515846948364316,0.22477294219619617,0.24554399677109015,Original cleaned units after median imputation and p1-p99 winsorisation; EBM was fitted on the corresponding standardised values.
dti,27.855,1.159918571068405,original_cleaned_units,0.23067614997624344,0.2225561006645229,0.238796199287964,Original cleaned units after median imputation and p1-p99 winsorisation; EBM was fitted on the corresponding standardised values.
dti,28.020000000000003,1.179559302464293,original_cleaned_units,0.23139197471043516,0.22424766550740177,0.23853628391346854,Original cleaned units after median imputation and p1-p99 winsorisation; EBM was fitted on the corresponding standardised values.
dti,28.185,1.1992000338601807,original_cleaned_units,0.23139197471043516,0.22424766550740177,0.23853628391346854,Original cleaned units after median imputation and p1-p99 winsorisation; EBM was fitted on the corresponding standardised values.
dti,28.35,1.2188407652560689,original_cleaned_units,0.23420725647702062,0.22596570183190465,0.2424488111221366,Original cleaned units after median imputation and p1-p99 winsorisation; EBM was fitted on the corresponding standardised values.
dti,28.520000000000003,1.23907667033062,original_cleaned_units,0.23420725647702062,0.22596570183190465,0.2424488111221366,Original cleaned units after median imputation and p1-p99 winsorisation; EBM was fitted on the corresponding standardised values.
dti,28.689999999999998,1.259312575405171,original_cleaned_units,0.23420725647702062,0.22596570183190465,0.2424488111221366,Original cleaned units after median imputation and p1-p99 winsorisation; EBM was fitted on the corresponding standardised values.
dti,28.865000000000002,1.2801436541583855,original_cleaned_units,0.23575304960827614,0.22668137448474346,0.24482472473180883,Original cleaned units after median imputation and p1-p99 winsorisation; EBM was fitted on the corresponding standardised values.
dti,29.044999999999998,1.301569906590263,original_cleaned_units,0.2749891266874578,0.27051999297542245,0.2794582603994931,Original cleaned units after median imputation and p1-p99 winsorisation; EBM was fitted on the corresponding standardised values.
dti,29.22,1.3224009853434775,original_cleaned_units,0.2749891266874578,0.27051999297542245,0.2794582603994931,Original cleaned units after median imputation and p1-p99 winsorisation; EBM was fitted on the corresponding standardised values.
dti,29.394999999999996,1.343232064096692,original_cleaned_units,0.2834811021871923,0.266952386506569,0.3000098178678156,Original cleaned units after median imputation and p1-p99 winsorisation; EBM was fitted on the corresponding standardised values.
dti,29.575000000000003,1.36465831652857,original_cleaned_units,0.285182060567054,0.2697413518754045,0.30062276925870346,Original cleaned units after median imputation and p1-p99 winsorisation; EBM was fitted on the corresponding standardised values.
dti,29.759999999999998,1.3866797426391109,original_cleaned_units,0.285182060567054,0.2697413518754045,0.30062276925870346,Original cleaned units after median imputation and p1-p99 winsorisation; EBM was fitted on the corresponding standardised values.
dti,29.955000000000002,1.4098915161069785,original_cleaned_units,0.28581585272187227,0.2707256205159892,0.30090608492775534,Original cleaned units after median imputation and p1-p99 winsorisation; EBM was fitted on the corresponding standardised values.
dti,30.17,1.4354839842894989,original_cleaned_units,0.28323734286465585,0.2726039941311618,0.2938706915981499,Original cleaned units after median imputation and p1-p99 winsorisation; EBM was fitted on the corresponding standardised values.
dti,30.395000000000003,1.4622667998293462,original_cleaned_units,0.28516772445057914,0.2732118804776479,0.2971235684235104,Original cleaned units after median imputation and p1-p99 winsorisation; EBM was fitted on the corresponding standardised values.
dti,30.625,1.4896447890478566,original_cleaned_units,0.28651963861876706,0.2746739537308568,0.2983653235066773,Original cleaned units after median imputation and p1-p99 winsorisation; EBM was fitted on the corresponding standardised values.
dti,30.86,1.5176179519450301,original_cleaned_units,0.29088099338488294,0.2796285888447833,0.30213339792498256,Original cleaned units after median imputation and p1-p99 winsorisation; EBM was fitted on the corresponding standardised values.
dti,31.1,1.5461862885208673,original_cleaned_units,0.29088099338488294,0.2796285888447833,0.30213339792498256,Original cleaned units after median imputation and p1-p99 winsorisation; EBM was fitted on the corresponding standardised values.
dti,31.349999999999998,1.5759449724540304,original_cleaned_units,0.3085664818843685,0.29942097788429484,0.3177119858844422,Original cleaned units after median imputation and p1-p99 winsorisation; EBM was fitted on the corresponding standardised values.
dti,31.6,1.605703656387194,original_cleaned_units,0.3085664818843685,0.29942097788429484,0.3177119858844422,Original cleaned units after median imputation and p1-p99 winsorisation; EBM was fitted on the corresponding standardised values.
dti,31.854999999999997,1.6360575139990208,original_cleaned_units,0.3205898152486756,0.31055097170505047,0.3306286587923007,Original cleaned units after median imputation and p1-p99 winsorisation; EBM was fitted on the corresponding standardised values.
dti,32.12,1.667601718968174,original_cleaned_units,0.32136856357181653,0.3112209942658325,0.3315161328778006,Original cleaned units after median imputation and p1-p99 winsorisation; EBM was fitted on the corresponding standardised values.
dti,32.39,1.6997410976159908,original_cleaned_units,0.32487033468395665,0.31338515388736465,0.33635551548054865,Original cleaned units after median imputation and p1-p99 winsorisation; EBM was fitted on the corresponding standardised values.
dti,32.67,1.733070823621134,original_cleaned_units,0.3256446544910195,0.31392622113687213,0.33736308784516683,Original cleaned units after median imputation and p1-p99 winsorisation; EBM was fitted on the corresponding standardised values.
dti,32.95,1.7664005496262771,original_cleaned_units,0.3262637851355128,0.3146312906426253,0.3378962796284003,Original cleaned units after median imputation and p1-p99 winsorisation; EBM was fitted on the corresponding standardised values.
dti,33.24,1.8009206229887467,original_cleaned_units,0.3262637851355128,0.3146312906426253,0.3378962796284003,Original cleaned units after median imputation and p1-p99 winsorisation; EBM was fitted on the corresponding standardised values.
dti,33.55,1.8378213910658694,original_cleaned_units,0.3214295833443432,0.30782428670988005,0.3350348799788063,Original cleaned units after median imputation and p1-p99 winsorisation; EBM was fitted on the corresponding standardised values.
dti,33.87,1.8759125065003186,original_cleaned_units,0.3214295833443432,0.30782428670988005,0.3350348799788063,Original cleaned units after median imputation and p1-p99 winsorisation; EBM was fitted on the corresponding standardised values.
dti,34.195,1.9145987956134314,original_cleaned_units,0.33887858897876183,0.3236912209913312,0.3540659569661925,Original cleaned units after median imputation and p1-p99 winsorisation; EBM was fitted on the corresponding standardised values.
dti,34.53,1.9544754320838704,original_cleaned_units,0.41300649668665124,0.3991520594248099,0.42686093394849256,Original cleaned units after median imputation and p1-p99 winsorisation; EBM was fitted on the corresponding standardised values.
dti,34.905,1.9991134579836156,original_cleaned_units,0.41300649668665124,0.3991520594248099,0.42686093394849256,Original cleaned units after median imputation and p1-p99 winsorisation; EBM was fitted on the corresponding standardised values.
dti,35.47,2.066368083672565,original_cleaned_units,0.36283124566828395,0.35975139544068957,0.36591109589587834,Original cleaned units after median imputation and p1-p99 winsorisation; EBM was fitted on the corresponding standardised values.
dti,36.21,2.154453788114729,original_cleaned_units,0.36989195114812634,0.3566771466181551,0.3831067556780976,Original cleaned units after median imputation and p1-p99 winsorisation; EBM was fitted on the corresponding standardised values.
dti,37.005,2.249086403022189,original_cleaned_units,0.3741310196711639,0.3597491732537149,0.3885128660886129,Original cleaned units after median imputation and p1-p99 winsorisation; EBM was fitted on the corresponding standardised values.
dti,37.89,2.354432144145588,original_cleaned_units,0.38091466862192447,0.365594142201476,0.3962351950423729,Original cleaned units after median imputation and p1-p99 winsorisation; EBM was fitted on the corresponding standardised values.
dti,38.3575,2.4100808831006035,original_cleaned_units,0.34402153568511684,0.3090805092532197,0.37896256211701396,Original cleaned units after median imputation and p1-p99 winsorisation; EBM was fitted on the corresponding standardised values.
total_acc,5.2357392657524695,-2.7537921895132245,original_cleaned_units,0.48766810076941997,0.4759351913497837,0.49940101018905625,Original count scale after reversing standardisation and log1p; training values were median-imputed and p1-p99 winsorised.
total_acc,5.964009090454188,-2.5228755375205862,original_cleaned_units,0.3031432093100448,0.290097495398718,0.3161889232213716,Original count scale after reversing standardisation and log1p; training values were median-imputed and p1-p99 winsorised.
total_acc,6.96856520746051,-2.2411778436693734,original_cleaned_units,0.3016403170946451,0.287417935066199,0.31586269912309123,Original count scale after reversing standardisation and log1p; training values were median-imputed and p1-p99 winsorised.
total_acc,7.972092687327326,-1.9932101509300562,original_cleaned_units,0.30123866125983806,0.2872538861067257,0.3152234364129504,Original count scale after reversing standardisation and log1p; training values were median-imputed and p1-p99 winsorised.
total_acc,8.974905699336814,-1.7717105757456162,original_cleaned_units,0.2574879089317722,0.24059831124685904,0.27437750661668536,Original count scale after reversing standardisation and log1p; training values were median-imputed and p1-p99 winsorised.
total_acc,9.977201950002405,-1.5715459474469744,original_cleaned_units,0.23330783436513236,0.220193449084598,0.2464222196456667,Original count scale after reversing standardisation and log1p; training values were median-imputed and p1-p99 winsorised.
total_acc,10.979112192362873,-1.3889504902362622,original_cleaned_units,0.16180091166265573,0.15749875492496676,0.1661030684003447,Original count scale after reversing standardisation and log1p; training values were median-imputed and p1-p99 winsorised.
total_acc,11.980726411052828,-1.2210780805119383,original_cleaned_units,0.16103445280566137,0.15673658532580495,0.16533232028551778,Original count scale after reversing standardisation and log1p; training values were median-imputed and p1-p99 winsorised.
total_acc,12.982108589650027,-1.0657244399208579,original_cleaned_units,0.16025053205339118,0.15610879159392038,0.16439227251286198,Original count scale after reversing standardisation and log1p; training values were median-imputed and p1-p99 winsorised.
total_acc,13.983305483318308,-0.9211471320999727,original_cleaned_units,0.15707890758659282,0.1547675852978115,0.15939022987537413,Original count scale after reversing standardisation and log1p; training values were median-imputed and p1-p99 winsorised.
total_acc,14.98435205952187,-0.7859446697735548,original_cleaned_units,0.11095352844380933,0.10640779273770422,0.11549926414991445,Original count scale after reversing standardisation and log1p; training values were median-imputed and p1-p99 winsorised.
total_acc,15.985274997011715,-0.658972828302449,original_cleaned_units,0.09799820449509557,0.08706842142310242,0.10892798756708871,Original count scale after reversing standardisation and log1p; training values were median-imputed and p1-p99 winsorised.
total_acc,16.98609500700487,-0.5392851970484585,original_cleaned_units,0.07947952751244307,0.07390768869378873,0.0850513663310974,Original count scale after reversing standardisation and log1p; training values were median-imputed and p1-p99 winsorised.
total_acc,17.986828414961654,-0.4260899924255449,original_cleaned_units,0.060823106682415626,0.053758692301876264,0.06788752106295498,Original count scale after reversing standardisation and log1p; training values were median-imputed and p1-p99 winsorised.
total_acc,18.98748826413073,-0.3187180639004622,original_cleaned_units,0.0575633101687504,0.0528951788065485,0.0622314415309523,Original count scale after reversing standardisation and log1p; training values were median-imputed and p1-p99 winsorised.
total_acc,19.98808510158713,-0.2165987788127912,original_cleaned_units,0.056631698900950884,0.051389857187241574,0.061873540614660195,Original count scale after reversing standardisation and log1p; training values were median-imputed and p1-p99 winsorised.
total_acc,20.988627548539494,-0.11924156423683806,original_cleaned_units,0.055418816302911095,0.04993971067157889,0.0608979219342433,Original count scale after reversing standardisation and log1p; training values were median-imputed and p1-p99 winsorised.
total_acc,21.989122721006527,-0.026221583040782297,original_cleaned_units,-0.007850956426386582,-0.013512562067392936,-0.0021893507853802275,Original count scale after reversing standardisation and log1p; training values were median-imputed and p1-p99 winsorised.
total_acc,22.98957654477307,0.06283152049381104,original_cleaned_units,-0.009213640900674783,-0.014083954466573753,-0.004343327334775814,Original count scale after reversing standardisation and log1p; training values were median-imputed and p1-p99 winsorised.
total_acc,23.98999399439383,0.14824256313768114,original_cleaned_units,-0.009877562029835188,-0.014953115287382492,-0.004802008772287883,Original count scale after reversing standardisation and log1p; training values were median-imputed and p1-p99 winsorised.
total_acc,24.990379276798983,0.23029800117031543,original_cleaned_units,-0.010892096739566988,-0.0157094667059665,-0.006074726773167477,Original count scale after reversing standardisation and log1p; training values were median-imputed and p1-p99 winsorised.
total_acc,25.99073597393243,0.30925174687790474,original_cleaned_units,-0.03570082014288719,-0.03871830411479994,-0.032683336170974436,Original count scale after reversing standardisation and log1p; training values were median-imputed and p1-p99 winsorised.
total_acc,26.991067154709558,0.3853299220696155,original_cleaned_units,-0.04462632747827286,-0.057897539452253934,-0.031355115504291785,Original count scale after reversing standardisation and log1p; training values were median-imputed and p1-p99 winsorised.
total_acc,27.991375463730375,0.45873477366889626,original_cleaned_units,-0.07151086668850806,-0.0764883560467229,-0.06653337733029323,Original count scale after reversing standardisation and log1p; training values were median-imputed and p1-p99 winsorised.
total_acc,28.991663192192217,0.5296479227044351,original_cleaned_units,-0.07243388808913014,-0.07801426787472623,-0.06685350830353404,Original count scale after reversing standardisation and log1p; training values were median-imputed and p1-p99 winsorised.
total_acc,29.991932335035823,0.5982330784796833,original_cleaned_units,-0.09794534672164434,-0.10599029131397568,-0.08990040212931301,Original count scale after reversing standardisation and log1p; training values were median-imputed and p1-p99 winsorised.
total_acc,30.99218463734614,0.6646383202591079,original_cleaned_units,-0.11807330063556096,-0.12436458618625915,-0.11178201508486277,Original count scale after reversing standardisation and log1p; training values were median-imputed and p1-p99 winsorised.
total_acc,31.992421632294025,0.7289980266570761,original_cleaned_units,-0.11910453934115697,-0.12503344011443807,-0.11317563856787588,Original count scale after reversing standardisation and log1p; training values were median-imputed and p1-p99 winsorised.
total_acc,32.99264467236576,0.7914345160815117,original_cleaned_units,-0.11959162238113849,-0.12602983371216683,-0.11315341105011013,Original count scale after reversing standardisation and log1p; training values were median-imputed and p1-p99 winsorised.
total_acc,33.99285495522639,0.8520594486738386,original_cleaned_units,-0.12020546988941457,-0.1270060170103928,-0.11340492276843633,Original count scale after reversing standardisation and log1p; training values were median-imputed and p1-p99 winsorised.
total_acc,34.99305354526279,0.9109750301993317,original_cleaned_units,-0.12123324665075699,-0.1284054889859137,-0.11406100431560029,Original count scale after reversing standardisation and log1p; training values were median-imputed and p1-p99 winsorised.
total_acc,35.99324139162602,0.9682750505533828,original_cleaned_units,-0.14106412253629333,-0.148936579842916,-0.13319166522967066,Original count scale after reversing standardisation and log1p; training values were median-imputed and p1-p99 winsorised.
total_acc,36.993419343419404,1.0240457834291599,original_cleaned_units,-0.15318401687224248,-0.16089298839397823,-0.14547504535050673,Original count scale after reversing standardisation and log1p; training values were median-imputed and p1-p99 winsorised.
total_acc,37.993588162545365,1.0783667688488523,original_cleaned_units,-0.15429593725775748,-0.1623545062594884,-0.14623736825602654,Original count scale after reversing standardisation and log1p; training values were median-imputed and p1-p99 winsorised.
total_acc,38.99374853462197,1.1313114964020439,original_cleaned_units,-0.20143771075099035,-0.20515795786566085,-0.19771746363631984,Original count scale after reversing standardisation and log1p; training values were median-imputed and p1-p99 winsorised.
total_acc,39.99390107829914,1.1829480039410152,original_cleaned_units,-0.20201924900323903,-0.20600854642775565,-0.1980299515787224,Original count scale after reversing standardisation and log1p; training values were median-imputed and p1-p99 winsorised.
total_acc,40.9940463532419,1.2333394039874637,original_cleaned_units,-0.2025816749471345,-0.20655718024336872,-0.19860616965090028,Original count scale after reversing standardisation and log1p; training values were median-imputed and p1-p99 winsorised.
total_acc,41.99418486699802,1.2825443480810252,original_cleaned_units,-0.20522434562609074,-0.21058897758418493,-0.19985971366799654,Original count scale after reversing standardisation and log1p; training values were median-imputed and p1-p99 winsorised.
total_acc,42.994317080927665,1.3306174376492743,original_cleaned_units,-0.2155139700593758,-0.22447989102478977,-0.20654804909396185,Original count scale after reversing standardisation and log1p; training values were median-imputed and p1-p99 winsorised.
total_acc,43.994443415341394,1.3776095886257997,original_cleaned_units,-0.21524480664927623,-0.2248470484749524,-0.20564256482360005,Original count scale after reversing standardisation and log1p; training values were median-imputed and p1-p99 winsorised.
total_acc,44.99456425396714,1.4235683559284418,original_cleaned_units,-0.21537050314583317,-0.22486124158833132,-0.20587976470333502,Original count scale after reversing standardisation and log1p; training values were median-imputed and p1-p99 winsorised.
total_acc,45.994679947846194,1.4685382229875212,original_cleaned_units,-0.21611930425910642,-0.22566839780316253,-0.2065702107150503,Original count scale after reversing standardisation and log1p; training values were median-imputed and p1-p99 winsorised.
total_acc,46.99479081874148,1.5125608607473557,original_cleaned_units,-0.21724657091602387,-0.22713882481094616,-0.20735431702110158,Original count scale after reversing standardisation and log1p; training values were median-imputed and p1-p99 winsorised.
total_acc,47.994897162128154,1.5556753599245765,original_cleaned_units,-0.2169946792557091,-0.2276353375129894,-0.20635402099842878,Original count scale after reversing standardisation and log1p; training values were median-imputed and p1-p99 winsorised.
total_acc,48.99499924982495,1.5979184397706179,original_cleaned_units,-0.2291735336811656,-0.24704361157449134,-0.21130345578783988,Original count scale after reversing standardisation and log1p; training values were median-imputed and p1-p99 winsorised.
total_acc,49.9950973323154,1.6393246361347256,original_cleaned_units,-0.22943558266473127,-0.2473440087333828,-0.21152715659607974,Original count scale after reversing standardisation and log1p; training values were median-imputed and p1-p99 winsorised.
total_acc,50.995191640801174,1.679926471243032,original_cleaned_units,-0.23334129093929507,-0.2536038862218035,-0.2130786956567866,Original count scale after reversing standardisation and log1p; training values were median-imputed and p1-p99 winsorised.
total_acc,51.99528238902268,1.7197546072865837,original_cleaned_units,-0.25081183483403346,-0.2614188155947542,-0.24020485407331274,Original count scale after reversing standardisation and log1p; training values were median-imputed and p1-p99 winsorised.
total_acc,52.99536977487706,1.7588379856368905,original_cleaned_units,-0.25194742747311993,-0.26282942070974813,-0.24106543423649174,Original count scale after reversing standardisation and log1p; training values were median-imputed and p1-p99 winsorised.
total_acc,53.995453981859775,1.7972039532735957,original_cleaned_units,-0.2531156526260255,-0.26429022663003454,-0.24194107862201641,Original count scale after reversing standardisation and log1p; training values were median-imputed and p1-p99 winsorised.
total_acc,54.995535180351226,1.8348783778086832,original_cleaned_units,-0.32545426132516614,-0.34994349556721865,-0.3009650270831136,Original count scale after reversing standardisation and log1p; training values were median-imputed and p1-p99 winsorised.
total_acc,55.99561352876819,1.8718857523198498,original_cleaned_units,-0.32619610328017673,-0.35057579345368095,-0.3018164131066725,Original count scale after reversing standardisation and log1p; training values were median-imputed and p1-p99 winsorised.
total_acc,56.99568917459582,1.9082492910578233,original_cleaned_units,-0.3270247725760355,-0.3505453773814211,-0.3035041677706499,Original count scale after reversing standardisation and log1p; training values were median-imputed and p1-p99 winsorised.
total_acc,57.995762255314716,1.9439910169648096,original_cleaned_units,-0.32614163419946945,-0.34951337323341014,-0.30276989516552877,Original count scale after reversing standardisation and log1p; training values were median-imputed and p1-p99 winsorised.
total_acc,59.48966740982,1.996268905723597,original_cleaned_units,-0.3626374168549682,-0.3705285610977769,-0.3547462726121595,Original count scale after reversing standardisation and log1p; training values were median-imputed and p1-p99 winsorised.
total_acc,60.74847351681986,2.0393269986435207,original_cleaned_units,-0.3807375795964657,-0.39110151960852707,-0.37037363958440433,Original count scale after reversing standardisation and log1p; training values were median-imputed and p1-p99 winsorised.
